<?xml version="1.0" encoding="UTF-8"?>
<gpx xmlns="http://www.topografix.com/GPX/1/1" xmlns:xsi="http://www.w3.org/2001/XMLSchema-instance" xsi:schemaLocation="http://www.topografix.com/GPX/1/1 http://www.topografix.com/GPX/1/1/gpx.xsd" version="1.1" creator="Ivan">
  <metadata>
    <name>Sagarejo Highway | @cycling_tbilisi</name>
    <desc>Distance: 98.627km, Estimated duration: 4.7h, Elevation up: 797.8029162491029m, Elevation down: 800.2324640228638m, Grade: moderate</desc>
    <author>
      <name>Ivan</name>
      <link href="https://www.komoot.de/user/814455900590">
        <text>View Ivan's Profile on Komoot</text>
      </link>
    </author>
    <link href="https://www.komoot.de/tour/1977771892">
      <text>View tour on Komoot</text>
    </link>
  </metadata>
  <trk>
    <name>Sagarejo Highway | @cycling_tbilisi</name>
    <desc>Distance: 98.627km, Estimated duration: 4.7h, Elevation up: 797.8029162491029m, Elevation down: 800.2324640228638m, Grade: moderate</desc>
    <link href="https://www.komoot.de/tour/1977771892">
      <text>View tour on Komoot</text>
    </link>
    <trkseg>
      <trkpt lat="41.698617" lon="44.805692">
        <ele>400.5</ele>
        <time>2024-12-07T18:10:35.796000Z</time>
      </trkpt>
      <trkpt lat="41.69866" lon="44.80563">
        <ele>400.4</ele>
        <time>2024-12-07T18:10:36.968000Z</time>
      </trkpt>
      <trkpt lat="41.69862" lon="44.80569">
        <ele>400.2</ele>
        <time>2024-12-07T18:10:38.081000Z</time>
      </trkpt>
      <trkpt lat="41.69851" lon="44.8059">
        <ele>399.7</ele>
        <time>2024-12-07T18:10:41.631000Z</time>
      </trkpt>
      <trkpt lat="41.69827" lon="44.80626">
        <ele>398.5</ele>
        <time>2024-12-07T18:10:48.313000Z</time>
      </trkpt>
      <trkpt lat="41.69805" lon="44.80662">
        <ele>398</ele>
        <time>2024-12-07T18:10:54.750000Z</time>
      </trkpt>
      <trkpt lat="41.69776" lon="44.80721">
        <ele>396.9</ele>
        <time>2024-12-07T18:11:04.526000Z</time>
      </trkpt>
      <trkpt lat="41.69771" lon="44.8073">
        <ele>396.6</ele>
        <time>2024-12-07T18:11:06.080000Z</time>
      </trkpt>
      <trkpt lat="41.69761" lon="44.80743">
        <ele>396.1</ele>
        <time>2024-12-07T18:11:08.664000Z</time>
      </trkpt>
      <trkpt lat="41.69756" lon="44.807342">
        <ele>395.8</ele>
        <time>2024-12-07T18:11:10.192000Z</time>
      </trkpt>
      <trkpt lat="41.697359" lon="44.807489">
        <ele>395.1</ele>
        <time>2024-12-07T18:11:26.078000Z</time>
      </trkpt>
      <trkpt lat="41.697258" lon="44.807546">
        <ele>394.9</ele>
        <time>2024-12-07T18:11:33.701000Z</time>
      </trkpt>
      <trkpt lat="41.696944" lon="44.807635">
        <ele>394.6</ele>
        <time>2024-12-07T18:11:55.999000Z</time>
      </trkpt>
      <trkpt lat="41.696933" lon="44.807636">
        <ele>394.6</ele>
        <time>2024-12-07T18:11:56.791000Z</time>
      </trkpt>
      <trkpt lat="41.696691" lon="44.807642">
        <ele>394.7</ele>
        <time>2024-12-07T18:12:13.599000Z</time>
      </trkpt>
      <trkpt lat="41.696571" lon="44.807658">
        <ele>394.8</ele>
        <time>2024-12-07T18:12:21.986000Z</time>
      </trkpt>
      <trkpt lat="41.696483" lon="44.807597">
        <ele>394.8</ele>
        <time>2024-12-07T18:12:33.022000Z</time>
      </trkpt>
      <trkpt lat="41.695991" lon="44.807732">
        <ele>394.4</ele>
        <time>2024-12-07T18:13:27.251000Z</time>
      </trkpt>
      <trkpt lat="41.695965" lon="44.807801">
        <ele>394.3</ele>
        <time>2024-12-07T18:13:33.604000Z</time>
      </trkpt>
      <trkpt lat="41.695827" lon="44.807833">
        <ele>394.4</ele>
        <time>2024-12-07T18:13:43.335000Z</time>
      </trkpt>
      <trkpt lat="41.695786" lon="44.807813">
        <ele>394.4</ele>
        <time>2024-12-07T18:13:46.375000Z</time>
      </trkpt>
      <trkpt lat="41.695779" lon="44.807723">
        <ele>394.5</ele>
        <time>2024-12-07T18:13:51.068000Z</time>
      </trkpt>
      <trkpt lat="41.695874" lon="44.807636">
        <ele>394.6</ele>
        <time>2024-12-07T18:13:59.090000Z</time>
      </trkpt>
      <trkpt lat="41.69584" lon="44.80752">
        <ele>394.6</ele>
        <time>2024-12-07T18:14:05.538000Z</time>
      </trkpt>
      <trkpt lat="41.696352" lon="44.807251">
        <ele>395.1</ele>
        <time>2024-12-07T18:14:15.741000Z</time>
      </trkpt>
      <trkpt lat="41.696601" lon="44.807221">
        <ele>395.2</ele>
        <time>2024-12-07T18:14:19.604000Z</time>
      </trkpt>
      <trkpt lat="41.696666" lon="44.807255">
        <ele>395.2</ele>
        <time>2024-12-07T18:14:20.702000Z</time>
      </trkpt>
      <trkpt lat="41.69673" lon="44.807344">
        <ele>395.2</ele>
        <time>2024-12-07T18:14:22.028000Z</time>
      </trkpt>
      <trkpt lat="41.696746" lon="44.807483">
        <ele>395.1</ele>
        <time>2024-12-07T18:14:23.521000Z</time>
      </trkpt>
      <trkpt lat="41.696896" lon="44.809069">
        <ele>400.6</ele>
        <time>2024-12-07T18:15:02.880000Z</time>
      </trkpt>
      <trkpt lat="41.696901" lon="44.809123">
        <ele>400.8</ele>
        <time>2024-12-07T18:15:04.384000Z</time>
      </trkpt>
      <trkpt lat="41.696877" lon="44.809391">
        <ele>402</ele>
        <time>2024-12-07T18:15:12.237000Z</time>
      </trkpt>
      <trkpt lat="41.696818" lon="44.80952">
        <ele>402.6</ele>
        <time>2024-12-07T18:15:16.442000Z</time>
      </trkpt>
      <trkpt lat="41.696734" lon="44.809591">
        <ele>403.2</ele>
        <time>2024-12-07T18:15:20.180000Z</time>
      </trkpt>
      <trkpt lat="41.695851" lon="44.809893">
        <ele>408.1</ele>
        <time>2024-12-07T18:15:53.331000Z</time>
      </trkpt>
      <trkpt lat="41.695724" lon="44.809984">
        <ele>408.3</ele>
        <time>2024-12-07T18:15:56.352000Z</time>
      </trkpt>
      <trkpt lat="41.695439" lon="44.810295">
        <ele>408.5</ele>
        <time>2024-12-07T18:16:02.683000Z</time>
      </trkpt>
      <trkpt lat="41.695306" lon="44.810404">
        <ele>408.7</ele>
        <time>2024-12-07T18:16:05.794000Z</time>
      </trkpt>
      <trkpt lat="41.693324" lon="44.811389">
        <ele>415.8</ele>
        <time>2024-12-07T18:17:05.343000Z</time>
      </trkpt>
      <trkpt lat="41.692698" lon="44.812005">
        <ele>420.9</ele>
        <time>2024-12-07T18:17:37.215000Z</time>
      </trkpt>
      <trkpt lat="41.692541" lon="44.812241">
        <ele>422.6</ele>
        <time>2024-12-07T18:17:47.728000Z</time>
      </trkpt>
      <trkpt lat="41.692463" lon="44.812444">
        <ele>423.9</ele>
        <time>2024-12-07T18:17:55.343000Z</time>
      </trkpt>
      <trkpt lat="41.692271" lon="44.813231">
        <ele>428.2</ele>
        <time>2024-12-07T18:18:21.550000Z</time>
      </trkpt>
      <trkpt lat="41.692037" lon="44.81427">
        <ele>431.6</ele>
        <time>2024-12-07T18:18:47.369000Z</time>
      </trkpt>
      <trkpt lat="41.692002" lon="44.814419">
        <ele>431.8</ele>
        <time>2024-12-07T18:18:49.878000Z</time>
      </trkpt>
      <trkpt lat="41.691995" lon="44.814452">
        <ele>431.8</ele>
        <time>2024-12-07T18:18:50.374000Z</time>
      </trkpt>
      <trkpt lat="41.691981" lon="44.81451">
        <ele>431.9</ele>
        <time>2024-12-07T18:18:51.222000Z</time>
      </trkpt>
      <trkpt lat="41.691768" lon="44.815067">
        <ele>431.8</ele>
        <time>2024-12-07T18:18:57.932000Z</time>
      </trkpt>
      <trkpt lat="41.691728" lon="44.815161">
        <ele>431.7</ele>
        <time>2024-12-07T18:18:58.925000Z</time>
      </trkpt>
      <trkpt lat="41.691341" lon="44.815988">
        <ele>430.8</ele>
        <time>2024-12-07T18:19:07.466000Z</time>
      </trkpt>
      <trkpt lat="41.691092" lon="44.816516">
        <ele>430</ele>
        <time>2024-12-07T18:19:12.813000Z</time>
      </trkpt>
      <trkpt lat="41.690975" lon="44.816786">
        <ele>429.6</ele>
        <time>2024-12-07T18:19:15.432000Z</time>
      </trkpt>
      <trkpt lat="41.690902" lon="44.816953">
        <ele>429.4</ele>
        <time>2024-12-07T18:19:17.041000Z</time>
      </trkpt>
      <trkpt lat="41.690867" lon="44.817028">
        <ele>429.2</ele>
        <time>2024-12-07T18:19:17.767000Z</time>
      </trkpt>
      <trkpt lat="41.690787" lon="44.817206">
        <ele>428.9</ele>
        <time>2024-12-07T18:19:19.455000Z</time>
      </trkpt>
      <trkpt lat="41.690551" lon="44.817683">
        <ele>427.9</ele>
        <time>2024-12-07T18:19:24.024000Z</time>
      </trkpt>
      <trkpt lat="41.690088" lon="44.818638">
        <ele>425.1</ele>
        <time>2024-12-07T18:19:32.615000Z</time>
      </trkpt>
      <trkpt lat="41.68976" lon="44.819317">
        <ele>422.7</ele>
        <time>2024-12-07T18:19:38.504000Z</time>
      </trkpt>
      <trkpt lat="41.689456" lon="44.819936">
        <ele>420.8</ele>
        <time>2024-12-07T18:19:44.025000Z</time>
      </trkpt>
      <trkpt lat="41.689409" lon="44.820022">
        <ele>420.5</ele>
        <time>2024-12-07T18:19:44.850000Z</time>
      </trkpt>
      <trkpt lat="41.689318" lon="44.820177">
        <ele>420.2</ele>
        <time>2024-12-07T18:19:46.406000Z</time>
      </trkpt>
      <trkpt lat="41.688967" lon="44.820819">
        <ele>419.5</ele>
        <time>2024-12-07T18:19:53.630000Z</time>
      </trkpt>
      <trkpt lat="41.688812" lon="44.821115">
        <ele>419.7</ele>
        <time>2024-12-07T18:19:58.152000Z</time>
      </trkpt>
      <trkpt lat="41.68826" lon="44.82211">
        <ele>421.6</ele>
        <time>2024-12-07T18:20:19.430000Z</time>
      </trkpt>
      <trkpt lat="41.688011" lon="44.822499">
        <ele>423</ele>
        <time>2024-12-07T18:20:30.925000Z</time>
      </trkpt>
      <trkpt lat="41.687923" lon="44.822649">
        <ele>423.6</ele>
        <time>2024-12-07T18:20:35.425000Z</time>
      </trkpt>
      <trkpt lat="41.68773" lon="44.823005">
        <ele>424.8</ele>
        <time>2024-12-07T18:20:45.176000Z</time>
      </trkpt>
      <trkpt lat="41.687534" lon="44.823469">
        <ele>426</ele>
        <time>2024-12-07T18:20:55.794000Z</time>
      </trkpt>
      <trkpt lat="41.687475" lon="44.823635">
        <ele>426.4</ele>
        <time>2024-12-07T18:20:59.256000Z</time>
      </trkpt>
      <trkpt lat="41.687456" lon="44.823709">
        <ele>426.5</ele>
        <time>2024-12-07T18:21:00.714000Z</time>
      </trkpt>
      <trkpt lat="41.687435" lon="44.823799">
        <ele>426.7</ele>
        <time>2024-12-07T18:21:02.421000Z</time>
      </trkpt>
      <trkpt lat="41.687411" lon="44.823915">
        <ele>426.9</ele>
        <time>2024-12-07T18:21:04.584000Z</time>
      </trkpt>
      <trkpt lat="41.687392" lon="44.824055">
        <ele>427.1</ele>
        <time>2024-12-07T18:21:07.009000Z</time>
      </trkpt>
      <trkpt lat="41.687373" lon="44.82428">
        <ele>427.4</ele>
        <time>2024-12-07T18:21:10.762000Z</time>
      </trkpt>
      <trkpt lat="41.687362" lon="44.826289">
        <ele>429.1</ele>
        <time>2024-12-07T18:21:39.755000Z</time>
      </trkpt>
      <trkpt lat="41.68736" lon="44.827476">
        <ele>430.6</ele>
        <time>2024-12-07T18:21:58.780000Z</time>
      </trkpt>
      <trkpt lat="41.687355" lon="44.827624">
        <ele>430.8</ele>
        <time>2024-12-07T18:22:01.251000Z</time>
      </trkpt>
      <trkpt lat="41.687354" lon="44.827748">
        <ele>430.9</ele>
        <time>2024-12-07T18:22:03.334000Z</time>
      </trkpt>
      <trkpt lat="41.687363" lon="44.829239">
        <ele>432.1</ele>
        <time>2024-12-07T18:22:24.382000Z</time>
      </trkpt>
      <trkpt lat="41.687361" lon="44.831074">
        <ele>431.2</ele>
        <time>2024-12-07T18:22:42.007000Z</time>
      </trkpt>
      <trkpt lat="41.687357" lon="44.831174">
        <ele>431.1</ele>
        <time>2024-12-07T18:22:42.866000Z</time>
      </trkpt>
      <trkpt lat="41.687234" lon="44.832307">
        <ele>429.8</ele>
        <time>2024-12-07T18:22:52.730000Z</time>
      </trkpt>
      <trkpt lat="41.687129" lon="44.833162">
        <ele>430.1</ele>
        <time>2024-12-07T18:23:03.383000Z</time>
      </trkpt>
      <trkpt lat="41.687107" lon="44.833304">
        <ele>430.2</ele>
        <time>2024-12-07T18:23:05.746000Z</time>
      </trkpt>
      <trkpt lat="41.687184" lon="44.833323">
        <ele>430.4</ele>
        <time>2024-12-07T18:23:07.613000Z</time>
      </trkpt>
      <trkpt lat="41.687264" lon="44.833342">
        <ele>430.6</ele>
        <time>2024-12-07T18:23:09.601000Z</time>
      </trkpt>
      <trkpt lat="41.687871" lon="44.833452">
        <ele>432.9</ele>
        <time>2024-12-07T18:23:27.989000Z</time>
      </trkpt>
      <trkpt lat="41.688656" lon="44.833594">
        <ele>437.1</ele>
        <time>2024-12-07T18:23:56.248000Z</time>
      </trkpt>
      <trkpt lat="41.689122" lon="44.83367">
        <ele>438.9</ele>
        <time>2024-12-07T18:24:10.565000Z</time>
      </trkpt>
      <trkpt lat="41.689336" lon="44.833705">
        <ele>439.7</ele>
        <time>2024-12-07T18:24:16.868000Z</time>
      </trkpt>
      <trkpt lat="41.689576" lon="44.833734">
        <ele>440.5</ele>
        <time>2024-12-07T18:24:23.892000Z</time>
      </trkpt>
      <trkpt lat="41.689692" lon="44.833749">
        <ele>441</ele>
        <time>2024-12-07T18:24:27.242000Z</time>
      </trkpt>
      <trkpt lat="41.690206" lon="44.833834">
        <ele>442.8</ele>
        <time>2024-12-07T18:24:42.424000Z</time>
      </trkpt>
      <trkpt lat="41.69027" lon="44.833847">
        <ele>443.1</ele>
        <time>2024-12-07T18:24:44.376000Z</time>
      </trkpt>
      <trkpt lat="41.690317" lon="44.833855">
        <ele>443.3</ele>
        <time>2024-12-07T18:24:45.795000Z</time>
      </trkpt>
      <trkpt lat="41.690901" lon="44.833949">
        <ele>445.2</ele>
        <time>2024-12-07T18:25:02.335000Z</time>
      </trkpt>
      <trkpt lat="41.691015" lon="44.833968">
        <ele>445.5</ele>
        <time>2024-12-07T18:25:05.328000Z</time>
      </trkpt>
      <trkpt lat="41.691316" lon="44.834123">
        <ele>446.4</ele>
        <time>2024-12-07T18:25:13.451000Z</time>
      </trkpt>
      <trkpt lat="41.691371" lon="44.834184">
        <ele>446.5</ele>
        <time>2024-12-07T18:25:15.167000Z</time>
      </trkpt>
      <trkpt lat="41.691393" lon="44.834295">
        <ele>446.7</ele>
        <time>2024-12-07T18:25:17.192000Z</time>
      </trkpt>
      <trkpt lat="41.691369" lon="44.834581">
        <ele>447.1</ele>
        <time>2024-12-07T18:25:21.810000Z</time>
      </trkpt>
      <trkpt lat="41.691255" lon="44.835195">
        <ele>447.4</ele>
        <time>2024-12-07T18:25:30.276000Z</time>
      </trkpt>
      <trkpt lat="41.69099" lon="44.836867">
        <ele>446.4</ele>
        <time>2024-12-07T18:25:46.240000Z</time>
      </trkpt>
      <trkpt lat="41.690975" lon="44.836961">
        <ele>446.3</ele>
        <time>2024-12-07T18:25:47.156000Z</time>
      </trkpt>
      <trkpt lat="41.690684" lon="44.838872">
        <ele>444.1</ele>
        <time>2024-12-07T18:26:03.942000Z</time>
      </trkpt>
      <trkpt lat="41.690579" lon="44.839431">
        <ele>443.2</ele>
        <time>2024-12-07T18:26:08.592000Z</time>
      </trkpt>
      <trkpt lat="41.690354" lon="44.840246">
        <ele>441.5</ele>
        <time>2024-12-07T18:26:15.430000Z</time>
      </trkpt>
      <trkpt lat="41.690048" lon="44.841068">
        <ele>439.9</ele>
        <time>2024-12-07T18:26:22.717000Z</time>
      </trkpt>
      <trkpt lat="41.689669" lon="44.842061">
        <ele>438.4</ele>
        <time>2024-12-07T18:26:32.072000Z</time>
      </trkpt>
      <trkpt lat="41.689362" lon="44.84289">
        <ele>438.5</ele>
        <time>2024-12-07T18:26:42.558000Z</time>
      </trkpt>
      <trkpt lat="41.68908" lon="44.843424">
        <ele>439.2</ele>
        <time>2024-12-07T18:26:52.720000Z</time>
      </trkpt>
      <trkpt lat="41.688524" lon="44.844574">
        <ele>441.2</ele>
        <time>2024-12-07T18:27:15.814000Z</time>
      </trkpt>
      <trkpt lat="41.688323" lon="44.845076">
        <ele>441.9</ele>
        <time>2024-12-07T18:27:25.068000Z</time>
      </trkpt>
      <trkpt lat="41.688205" lon="44.845444">
        <ele>442.2</ele>
        <time>2024-12-07T18:27:30.748000Z</time>
      </trkpt>
      <trkpt lat="41.688153" lon="44.845656">
        <ele>442.3</ele>
        <time>2024-12-07T18:27:33.612000Z</time>
      </trkpt>
      <trkpt lat="41.687989" lon="44.84695">
        <ele>442.1</ele>
        <time>2024-12-07T18:27:47.321000Z</time>
      </trkpt>
      <trkpt lat="41.687989" lon="44.84695">
        <ele>442.1</ele>
        <time>2024-12-07T18:27:47.325000Z</time>
      </trkpt>
      <trkpt lat="41.687939" lon="44.847797">
        <ele>441.8</ele>
        <time>2024-12-07T18:27:55.795000Z</time>
      </trkpt>
      <trkpt lat="41.687787" lon="44.850354">
        <ele>441.8</ele>
        <time>2024-12-07T18:28:24.039000Z</time>
      </trkpt>
      <trkpt lat="41.687668" lon="44.851264">
        <ele>441.3</ele>
        <time>2024-12-07T18:28:32.817000Z</time>
      </trkpt>
      <trkpt lat="41.687505" lon="44.852156">
        <ele>440.5</ele>
        <time>2024-12-07T18:28:41.054000Z</time>
      </trkpt>
      <trkpt lat="41.687326" lon="44.853104">
        <ele>439.8</ele>
        <time>2024-12-07T18:28:50.010000Z</time>
      </trkpt>
      <trkpt lat="41.687321" lon="44.853102">
        <ele>439.8</ele>
        <time>2024-12-07T18:28:50.113000Z</time>
      </trkpt>
      <trkpt lat="41.687298" lon="44.853215">
        <ele>439.7</ele>
        <time>2024-12-07T18:28:51.734000Z</time>
      </trkpt>
      <trkpt lat="41.687272" lon="44.853343">
        <ele>439.6</ele>
        <time>2024-12-07T18:28:53.570000Z</time>
      </trkpt>
      <trkpt lat="41.687248" lon="44.85347">
        <ele>439.5</ele>
        <time>2024-12-07T18:28:55.383000Z</time>
      </trkpt>
      <trkpt lat="41.687219" lon="44.853621">
        <ele>439.4</ele>
        <time>2024-12-07T18:28:57.541000Z</time>
      </trkpt>
      <trkpt lat="41.687195" lon="44.85373">
        <ele>439.3</ele>
        <time>2024-12-07T18:28:59.113000Z</time>
      </trkpt>
      <trkpt lat="41.687172" lon="44.853855">
        <ele>439.3</ele>
        <time>2024-12-07T18:29:00.896000Z</time>
      </trkpt>
      <trkpt lat="41.687149" lon="44.853978">
        <ele>439.3</ele>
        <time>2024-12-07T18:29:02.650000Z</time>
      </trkpt>
      <trkpt lat="41.687123" lon="44.854106">
        <ele>439.3</ele>
        <time>2024-12-07T18:29:04.486000Z</time>
      </trkpt>
      <trkpt lat="41.687097" lon="44.854233">
        <ele>439.3</ele>
        <time>2024-12-07T18:29:06.308000Z</time>
      </trkpt>
      <trkpt lat="41.68707" lon="44.854381">
        <ele>439.4</ele>
        <time>2024-12-07T18:29:08.417000Z</time>
      </trkpt>
      <trkpt lat="41.686906" lon="44.854343">
        <ele>439.5</ele>
        <time>2024-12-07T18:29:11.502000Z</time>
      </trkpt>
      <trkpt lat="41.686816" lon="44.855031">
        <ele>439.8</ele>
        <time>2024-12-07T18:29:21.169000Z</time>
      </trkpt>
      <trkpt lat="41.686816" lon="44.855031">
        <ele>439.8</ele>
        <time>2024-12-07T18:29:21.174000Z</time>
      </trkpt>
      <trkpt lat="41.686777" lon="44.855401">
        <ele>440</ele>
        <time>2024-12-07T18:29:25.894000Z</time>
      </trkpt>
      <trkpt lat="41.686654" lon="44.856139">
        <ele>440.1</ele>
        <time>2024-12-07T18:29:34.942000Z</time>
      </trkpt>
      <trkpt lat="41.686391" lon="44.857306">
        <ele>440.4</ele>
        <time>2024-12-07T18:29:49.482000Z</time>
      </trkpt>
      <trkpt lat="41.685864" lon="44.860265">
        <ele>440.8</ele>
        <time>2024-12-07T18:30:24.959000Z</time>
      </trkpt>
      <trkpt lat="41.685676" lon="44.861302">
        <ele>439.9</ele>
        <time>2024-12-07T18:30:34.524000Z</time>
      </trkpt>
      <trkpt lat="41.685383" lon="44.862606">
        <ele>438.8</ele>
        <time>2024-12-07T18:30:46.723000Z</time>
      </trkpt>
      <trkpt lat="41.685107" lon="44.864222">
        <ele>439</ele>
        <time>2024-12-07T18:31:05.934000Z</time>
      </trkpt>
      <trkpt lat="41.68484" lon="44.865744">
        <ele>439.6</ele>
        <time>2024-12-07T18:31:25.706000Z</time>
      </trkpt>
      <trkpt lat="41.684717" lon="44.866444">
        <ele>439.6</ele>
        <time>2024-12-07T18:31:33.586000Z</time>
      </trkpt>
      <trkpt lat="41.684378" lon="44.868064">
        <ele>437.8</ele>
        <time>2024-12-07T18:31:48.135000Z</time>
      </trkpt>
      <trkpt lat="41.684191" lon="44.868708">
        <ele>436</ele>
        <time>2024-12-07T18:31:53.336000Z</time>
      </trkpt>
      <trkpt lat="41.683995" lon="44.869563">
        <ele>434.7</ele>
        <time>2024-12-07T18:32:00.706000Z</time>
      </trkpt>
      <trkpt lat="41.68388" lon="44.870089">
        <ele>434.5</ele>
        <time>2024-12-07T18:32:05.942000Z</time>
      </trkpt>
      <trkpt lat="41.68384" lon="44.870594">
        <ele>434.7</ele>
        <time>2024-12-07T18:32:12.375000Z</time>
      </trkpt>
      <trkpt lat="41.683835" lon="44.870736">
        <ele>434.8</ele>
        <time>2024-12-07T18:32:14.344000Z</time>
      </trkpt>
      <trkpt lat="41.68383" lon="44.870897">
        <ele>434.9</ele>
        <time>2024-12-07T18:32:16.709000Z</time>
      </trkpt>
      <trkpt lat="41.683789" lon="44.872202">
        <ele>436.8</ele>
        <time>2024-12-07T18:32:38.807000Z</time>
      </trkpt>
      <trkpt lat="41.683814" lon="44.873668">
        <ele>437.4</ele>
        <time>2024-12-07T18:32:57.456000Z</time>
      </trkpt>
      <trkpt lat="41.683812" lon="44.874871">
        <ele>437.7</ele>
        <time>2024-12-07T18:33:12.012000Z</time>
      </trkpt>
      <trkpt lat="41.683811" lon="44.875492">
        <ele>437.8</ele>
        <time>2024-12-07T18:33:19.043000Z</time>
      </trkpt>
      <trkpt lat="41.683816" lon="44.876031">
        <ele>437.7</ele>
        <time>2024-12-07T18:33:24.823000Z</time>
      </trkpt>
      <trkpt lat="41.683832" lon="44.876849">
        <ele>437.6</ele>
        <time>2024-12-07T18:33:33.355000Z</time>
      </trkpt>
      <trkpt lat="41.683872" lon="44.879233">
        <ele>437.9</ele>
        <time>2024-12-07T18:34:00.946000Z</time>
      </trkpt>
      <trkpt lat="41.683875" lon="44.87954">
        <ele>438</ele>
        <time>2024-12-07T18:34:04.741000Z</time>
      </trkpt>
      <trkpt lat="41.683883" lon="44.880251">
        <ele>438.2</ele>
        <time>2024-12-07T18:34:13.436000Z</time>
      </trkpt>
      <trkpt lat="41.683891" lon="44.880809">
        <ele>438.3</ele>
        <time>2024-12-07T18:34:20.129000Z</time>
      </trkpt>
      <trkpt lat="41.683892" lon="44.881764">
        <ele>438.2</ele>
        <time>2024-12-07T18:34:30.403000Z</time>
      </trkpt>
      <trkpt lat="41.683896" lon="44.881993">
        <ele>438.2</ele>
        <time>2024-12-07T18:34:32.860000Z</time>
      </trkpt>
      <trkpt lat="41.683916" lon="44.882857">
        <ele>438.1</ele>
        <time>2024-12-07T18:34:41.961000Z</time>
      </trkpt>
      <trkpt lat="41.683948" lon="44.88455">
        <ele>437.7</ele>
        <time>2024-12-07T18:34:59.457000Z</time>
      </trkpt>
      <trkpt lat="41.683997" lon="44.885502">
        <ele>438.2</ele>
        <time>2024-12-07T18:35:12.046000Z</time>
      </trkpt>
      <trkpt lat="41.684183" lon="44.886885">
        <ele>440.1</ele>
        <time>2024-12-07T18:35:35.058000Z</time>
      </trkpt>
      <trkpt lat="41.684378" lon="44.887809">
        <ele>441.9</ele>
        <time>2024-12-07T18:35:53.073000Z</time>
      </trkpt>
      <trkpt lat="41.68442" lon="44.887994">
        <ele>442.3</ele>
        <time>2024-12-07T18:35:56.611000Z</time>
      </trkpt>
      <trkpt lat="41.684449" lon="44.888121">
        <ele>442.5</ele>
        <time>2024-12-07T18:35:59.023000Z</time>
      </trkpt>
      <trkpt lat="41.684704" lon="44.888991">
        <ele>444.1</ele>
        <time>2024-12-07T18:36:15.600000Z</time>
      </trkpt>
      <trkpt lat="41.685293" lon="44.890534">
        <ele>447</ele>
        <time>2024-12-07T18:36:46.754000Z</time>
      </trkpt>
      <trkpt lat="41.685607" lon="44.891181">
        <ele>448.6</ele>
        <time>2024-12-07T18:37:01.497000Z</time>
      </trkpt>
      <trkpt lat="41.685886" lon="44.891771">
        <ele>450</ele>
        <time>2024-12-07T18:37:14.699000Z</time>
      </trkpt>
      <trkpt lat="41.686042" lon="44.891892">
        <ele>450.4</ele>
        <time>2024-12-07T18:37:19.174000Z</time>
      </trkpt>
      <trkpt lat="41.686546" lon="44.892964">
        <ele>452.2</ele>
        <time>2024-12-07T18:37:40.515000Z</time>
      </trkpt>
      <trkpt lat="41.686808" lon="44.893602">
        <ele>453.1</ele>
        <time>2024-12-07T18:37:52.080000Z</time>
      </trkpt>
      <trkpt lat="41.68703" lon="44.894253">
        <ele>454.3</ele>
        <time>2024-12-07T18:38:04.734000Z</time>
      </trkpt>
      <trkpt lat="41.687216" lon="44.895054">
        <ele>456.2</ele>
        <time>2024-12-07T18:38:21.645000Z</time>
      </trkpt>
      <trkpt lat="41.687414" lon="44.896203">
        <ele>459.6</ele>
        <time>2024-12-07T18:38:48.324000Z</time>
      </trkpt>
      <trkpt lat="41.687444" lon="44.896523">
        <ele>460.5</ele>
        <time>2024-12-07T18:38:55.626000Z</time>
      </trkpt>
      <trkpt lat="41.687565" lon="44.897722">
        <ele>463.5</ele>
        <time>2024-12-07T18:39:20.764000Z</time>
      </trkpt>
      <trkpt lat="41.687702" lon="44.899209">
        <ele>465.9</ele>
        <time>2024-12-07T18:39:47.117000Z</time>
      </trkpt>
      <trkpt lat="41.687737" lon="44.900475">
        <ele>467</ele>
        <time>2024-12-07T18:40:05.375000Z</time>
      </trkpt>
      <trkpt lat="41.687902" lon="44.901915">
        <ele>467.4</ele>
        <time>2024-12-07T18:40:23.226000Z</time>
      </trkpt>
      <trkpt lat="41.68817" lon="44.903517">
        <ele>468.1</ele>
        <time>2024-12-07T18:40:44.345000Z</time>
      </trkpt>
      <trkpt lat="41.68843" lon="44.905073">
        <ele>469.9</ele>
        <time>2024-12-07T18:41:08.946000Z</time>
      </trkpt>
      <trkpt lat="41.688561" lon="44.905905">
        <ele>471</ele>
        <time>2024-12-07T18:41:23.063000Z</time>
      </trkpt>
      <trkpt lat="41.68871" lon="44.907188">
        <ele>472.6</ele>
        <time>2024-12-07T18:41:43.674000Z</time>
      </trkpt>
      <trkpt lat="41.688729" lon="44.907322">
        <ele>472.8</ele>
        <time>2024-12-07T18:41:45.795000Z</time>
      </trkpt>
      <trkpt lat="41.688845" lon="44.90883">
        <ele>474</ele>
        <time>2024-12-07T18:42:07.697000Z</time>
      </trkpt>
      <trkpt lat="41.688887" lon="44.909857">
        <ele>475.2</ele>
        <time>2024-12-07T18:42:23.591000Z</time>
      </trkpt>
      <trkpt lat="41.688858" lon="44.911817">
        <ele>478.4</ele>
        <time>2024-12-07T18:42:58.399000Z</time>
      </trkpt>
      <trkpt lat="41.68876" lon="44.913184">
        <ele>480.3</ele>
        <time>2024-12-07T18:43:20.949000Z</time>
      </trkpt>
      <trkpt lat="41.68873" lon="44.91348">
        <ele>480.6</ele>
        <time>2024-12-07T18:43:25.556000Z</time>
      </trkpt>
      <trkpt lat="41.688132" lon="44.919256">
        <ele>488.6</ele>
        <time>2024-12-07T18:45:02.236000Z</time>
      </trkpt>
      <trkpt lat="41.688069" lon="44.919956">
        <ele>489.2</ele>
        <time>2024-12-07T18:45:12.349000Z</time>
      </trkpt>
      <trkpt lat="41.688031" lon="44.920457">
        <ele>489.5</ele>
        <time>2024-12-07T18:45:19.127000Z</time>
      </trkpt>
      <trkpt lat="41.687968" lon="44.92175">
        <ele>489.9</ele>
        <time>2024-12-07T18:45:35.002000Z</time>
      </trkpt>
      <trkpt lat="41.687962" lon="44.922524">
        <ele>490.3</ele>
        <time>2024-12-07T18:45:45.169000Z</time>
      </trkpt>
      <trkpt lat="41.687963" lon="44.922606">
        <ele>490.3</ele>
        <time>2024-12-07T18:45:46.291000Z</time>
      </trkpt>
      <trkpt lat="41.687996" lon="44.924036">
        <ele>491.6</ele>
        <time>2024-12-07T18:46:07.132000Z</time>
      </trkpt>
      <trkpt lat="41.688052" lon="44.924859">
        <ele>492.6</ele>
        <time>2024-12-07T18:46:20.377000Z</time>
      </trkpt>
      <trkpt lat="41.688112" lon="44.925719">
        <ele>493.7</ele>
        <time>2024-12-07T18:46:34.113000Z</time>
      </trkpt>
      <trkpt lat="41.688255" lon="44.926977">
        <ele>494.9</ele>
        <time>2024-12-07T18:46:53.157000Z</time>
      </trkpt>
      <trkpt lat="41.688411" lon="44.927905">
        <ele>495.7</ele>
        <time>2024-12-07T18:47:06.805000Z</time>
      </trkpt>
      <trkpt lat="41.688651" lon="44.929032">
        <ele>496.5</ele>
        <time>2024-12-07T18:47:23.081000Z</time>
      </trkpt>
      <trkpt lat="41.688739" lon="44.929601">
        <ele>497.1</ele>
        <time>2024-12-07T18:47:31.849000Z</time>
      </trkpt>
      <trkpt lat="41.688826" lon="44.93006">
        <ele>497.6</ele>
        <time>2024-12-07T18:47:39.154000Z</time>
      </trkpt>
      <trkpt lat="41.688851" lon="44.930202">
        <ele>497.8</ele>
        <time>2024-12-07T18:47:41.421000Z</time>
      </trkpt>
      <trkpt lat="41.689259" lon="44.932482">
        <ele>500.8</ele>
        <time>2024-12-07T18:48:19.575000Z</time>
      </trkpt>
      <trkpt lat="41.689307" lon="44.93276">
        <ele>501.2</ele>
        <time>2024-12-07T18:48:24.184000Z</time>
      </trkpt>
      <trkpt lat="41.689518" lon="44.93395">
        <ele>502.6</ele>
        <time>2024-12-07T18:48:43.368000Z</time>
      </trkpt>
      <trkpt lat="41.689557" lon="44.934168">
        <ele>502.8</ele>
        <time>2024-12-07T18:48:46.704000Z</time>
      </trkpt>
      <trkpt lat="41.689626" lon="44.934554">
        <ele>503.1</ele>
        <time>2024-12-07T18:48:52.504000Z</time>
      </trkpt>
      <trkpt lat="41.689816" lon="44.935611">
        <ele>503.9</ele>
        <time>2024-12-07T18:49:07.600000Z</time>
      </trkpt>
      <trkpt lat="41.689886" lon="44.936002">
        <ele>504.2</ele>
        <time>2024-12-07T18:49:13.033000Z</time>
      </trkpt>
      <trkpt lat="41.690453" lon="44.939079">
        <ele>507.1</ele>
        <time>2024-12-07T18:49:59.895000Z</time>
      </trkpt>
      <trkpt lat="41.690609" lon="44.939962">
        <ele>508.7</ele>
        <time>2024-12-07T18:50:16.363000Z</time>
      </trkpt>
      <trkpt lat="41.690641" lon="44.940145">
        <ele>509.1</ele>
        <time>2024-12-07T18:50:19.957000Z</time>
      </trkpt>
      <trkpt lat="41.690922" lon="44.941757">
        <ele>512.8</ele>
        <time>2024-12-07T18:50:53.124000Z</time>
      </trkpt>
      <trkpt lat="41.691215" lon="44.943318">
        <ele>516.5</ele>
        <time>2024-12-07T18:51:25.883000Z</time>
      </trkpt>
      <trkpt lat="41.691598" lon="44.94534">
        <ele>521</ele>
        <time>2024-12-07T18:52:06.783000Z</time>
      </trkpt>
      <trkpt lat="41.692049" lon="44.947748">
        <ele>526.5</ele>
        <time>2024-12-07T18:52:56.419000Z</time>
      </trkpt>
      <trkpt lat="41.692082" lon="44.948178">
        <ele>527.3</ele>
        <time>2024-12-07T18:53:04.272000Z</time>
      </trkpt>
      <trkpt lat="41.692266" lon="44.95009">
        <ele>530.9</ele>
        <time>2024-12-07T18:53:40.202000Z</time>
      </trkpt>
      <trkpt lat="41.6923" lon="44.950666">
        <ele>532.4</ele>
        <time>2024-12-07T18:53:52.404000Z</time>
      </trkpt>
      <trkpt lat="41.692296" lon="44.950796">
        <ele>532.7</ele>
        <time>2024-12-07T18:53:55.177000Z</time>
      </trkpt>
      <trkpt lat="41.692492" lon="44.950808">
        <ele>533.4</ele>
        <time>2024-12-07T18:53:58.822000Z</time>
      </trkpt>
      <trkpt lat="41.692497" lon="44.95091">
        <ele>533.7</ele>
        <time>2024-12-07T18:54:00.238000Z</time>
      </trkpt>
      <trkpt lat="41.692497" lon="44.951006">
        <ele>533.9</ele>
        <time>2024-12-07T18:54:01.566000Z</time>
      </trkpt>
      <trkpt lat="41.6925" lon="44.951083">
        <ele>534.1</ele>
        <time>2024-12-07T18:54:02.634000Z</time>
      </trkpt>
      <trkpt lat="41.692504" lon="44.951171">
        <ele>534.2</ele>
        <time>2024-12-07T18:54:03.855000Z</time>
      </trkpt>
      <trkpt lat="41.692505" lon="44.951269">
        <ele>534.4</ele>
        <time>2024-12-07T18:54:05.211000Z</time>
      </trkpt>
      <trkpt lat="41.692508" lon="44.951352">
        <ele>534.5</ele>
        <time>2024-12-07T18:54:06.361000Z</time>
      </trkpt>
      <trkpt lat="41.692512" lon="44.951436">
        <ele>534.6</ele>
        <time>2024-12-07T18:54:07.526000Z</time>
      </trkpt>
      <trkpt lat="41.692516" lon="44.95151">
        <ele>534.7</ele>
        <time>2024-12-07T18:54:08.553000Z</time>
      </trkpt>
      <trkpt lat="41.692519" lon="44.951611">
        <ele>534.8</ele>
        <time>2024-12-07T18:54:09.952000Z</time>
      </trkpt>
      <trkpt lat="41.692526" lon="44.951705">
        <ele>535</ele>
        <time>2024-12-07T18:54:11.260000Z</time>
      </trkpt>
      <trkpt lat="41.692534" lon="44.951796">
        <ele>535</ele>
        <time>2024-12-07T18:54:12.527000Z</time>
      </trkpt>
      <trkpt lat="41.692542" lon="44.951873">
        <ele>535.2</ele>
        <time>2024-12-07T18:54:13.604000Z</time>
      </trkpt>
      <trkpt lat="41.692556" lon="44.951973">
        <ele>535.3</ele>
        <time>2024-12-07T18:54:15.012000Z</time>
      </trkpt>
      <trkpt lat="41.692568" lon="44.952061">
        <ele>535.5</ele>
        <time>2024-12-07T18:54:16.250000Z</time>
      </trkpt>
      <trkpt lat="41.69257" lon="44.952139">
        <ele>535.6</ele>
        <time>2024-12-07T18:54:17.331000Z</time>
      </trkpt>
      <trkpt lat="41.69257" lon="44.952228">
        <ele>535.8</ele>
        <time>2024-12-07T18:54:18.562000Z</time>
      </trkpt>
      <trkpt lat="41.692573" lon="44.952325">
        <ele>536</ele>
        <time>2024-12-07T18:54:19.907000Z</time>
      </trkpt>
      <trkpt lat="41.69258" lon="44.952419">
        <ele>536.2</ele>
        <time>2024-12-07T18:54:21.214000Z</time>
      </trkpt>
      <trkpt lat="41.692584" lon="44.952529">
        <ele>536.4</ele>
        <time>2024-12-07T18:54:22.738000Z</time>
      </trkpt>
      <trkpt lat="41.692588" lon="44.952612">
        <ele>536.6</ele>
        <time>2024-12-07T18:54:23.890000Z</time>
      </trkpt>
      <trkpt lat="41.692595" lon="44.952701">
        <ele>536.8</ele>
        <time>2024-12-07T18:54:25.128000Z</time>
      </trkpt>
      <trkpt lat="41.692596" lon="44.952811">
        <ele>537</ele>
        <time>2024-12-07T18:54:26.652000Z</time>
      </trkpt>
      <trkpt lat="41.6926" lon="44.952904">
        <ele>537.2</ele>
        <time>2024-12-07T18:54:27.941000Z</time>
      </trkpt>
      <trkpt lat="41.692603" lon="44.952982">
        <ele>537.4</ele>
        <time>2024-12-07T18:54:29.022000Z</time>
      </trkpt>
      <trkpt lat="41.692606" lon="44.953023">
        <ele>537.5</ele>
        <time>2024-12-07T18:54:29.593000Z</time>
      </trkpt>
      <trkpt lat="41.692609" lon="44.953066">
        <ele>537.6</ele>
        <time>2024-12-07T18:54:30.190000Z</time>
      </trkpt>
      <trkpt lat="41.692615" lon="44.953142">
        <ele>537.7</ele>
        <time>2024-12-07T18:54:31.248000Z</time>
      </trkpt>
      <trkpt lat="41.692616" lon="44.953193">
        <ele>537.8</ele>
        <time>2024-12-07T18:54:31.954000Z</time>
      </trkpt>
      <trkpt lat="41.692612" lon="44.953233">
        <ele>537.9</ele>
        <time>2024-12-07T18:54:32.512000Z</time>
      </trkpt>
      <trkpt lat="41.692609" lon="44.953283">
        <ele>537.9</ele>
        <time>2024-12-07T18:54:33.207000Z</time>
      </trkpt>
      <trkpt lat="41.692605" lon="44.953321">
        <ele>538</ele>
        <time>2024-12-07T18:54:33.738000Z</time>
      </trkpt>
      <trkpt lat="41.69261" lon="44.953362">
        <ele>538</ele>
        <time>2024-12-07T18:54:34.313000Z</time>
      </trkpt>
      <trkpt lat="41.692618" lon="44.953407">
        <ele>538.1</ele>
        <time>2024-12-07T18:54:34.953000Z</time>
      </trkpt>
      <trkpt lat="41.692626" lon="44.953437">
        <ele>538.2</ele>
        <time>2024-12-07T18:54:35.394000Z</time>
      </trkpt>
      <trkpt lat="41.69263" lon="44.953479">
        <ele>538.2</ele>
        <time>2024-12-07T18:54:35.980000Z</time>
      </trkpt>
      <trkpt lat="41.692634" lon="44.953535">
        <ele>538.3</ele>
        <time>2024-12-07T18:54:36.759000Z</time>
      </trkpt>
      <trkpt lat="41.692638" lon="44.953608">
        <ele>538.4</ele>
        <time>2024-12-07T18:54:37.772000Z</time>
      </trkpt>
      <trkpt lat="41.692638" lon="44.953681">
        <ele>538.5</ele>
        <time>2024-12-07T18:54:38.782000Z</time>
      </trkpt>
      <trkpt lat="41.692638" lon="44.953766">
        <ele>538.6</ele>
        <time>2024-12-07T18:54:39.959000Z</time>
      </trkpt>
      <trkpt lat="41.692638" lon="44.95385">
        <ele>538.7</ele>
        <time>2024-12-07T18:54:41.122000Z</time>
      </trkpt>
      <trkpt lat="41.692642" lon="44.953934">
        <ele>538.8</ele>
        <time>2024-12-07T18:54:42.287000Z</time>
      </trkpt>
      <trkpt lat="41.692645" lon="44.954021">
        <ele>539</ele>
        <time>2024-12-07T18:54:43.493000Z</time>
      </trkpt>
      <trkpt lat="41.692646" lon="44.954103">
        <ele>539.1</ele>
        <time>2024-12-07T18:54:44.627000Z</time>
      </trkpt>
      <trkpt lat="41.692649" lon="44.954189">
        <ele>539.2</ele>
        <time>2024-12-07T18:54:45.819000Z</time>
      </trkpt>
      <trkpt lat="41.692653" lon="44.954277">
        <ele>539.4</ele>
        <time>2024-12-07T18:54:47.040000Z</time>
      </trkpt>
      <trkpt lat="41.69266" lon="44.954377">
        <ele>539.7</ele>
        <time>2024-12-07T18:54:48.430000Z</time>
      </trkpt>
      <trkpt lat="41.692668" lon="44.954468">
        <ele>539.9</ele>
        <time>2024-12-07T18:54:49.699000Z</time>
      </trkpt>
      <trkpt lat="41.692669" lon="44.95454">
        <ele>540</ele>
        <time>2024-12-07T18:54:50.696000Z</time>
      </trkpt>
      <trkpt lat="41.692454" lon="44.954584">
        <ele>540.7</ele>
        <time>2024-12-07T18:54:54.724000Z</time>
      </trkpt>
      <trkpt lat="41.69268" lon="44.956548">
        <ele>542.3</ele>
        <time>2024-12-07T18:55:23.048000Z</time>
      </trkpt>
      <trkpt lat="41.692807" lon="44.957115">
        <ele>543</ele>
        <time>2024-12-07T18:55:32.226000Z</time>
      </trkpt>
      <trkpt lat="41.692822" lon="44.957403">
        <ele>543.3</ele>
        <time>2024-12-07T18:55:37.926000Z</time>
      </trkpt>
      <trkpt lat="41.692821" lon="44.957467">
        <ele>543.4</ele>
        <time>2024-12-07T18:55:39.184000Z</time>
      </trkpt>
      <trkpt lat="41.692842" lon="44.95813">
        <ele>544.2</ele>
        <time>2024-12-07T18:55:52.542000Z</time>
      </trkpt>
      <trkpt lat="41.692863" lon="44.958974">
        <ele>545.5</ele>
        <time>2024-12-07T18:56:10.467000Z</time>
      </trkpt>
      <trkpt lat="41.692884" lon="44.959332">
        <ele>546.1</ele>
        <time>2024-12-07T18:56:18.286000Z</time>
      </trkpt>
      <trkpt lat="41.692945" lon="44.959634">
        <ele>546.5</ele>
        <time>2024-12-07T18:56:24.800000Z</time>
      </trkpt>
      <trkpt lat="41.692963" lon="44.960446">
        <ele>547.5</ele>
        <time>2024-12-07T18:56:37.685000Z</time>
      </trkpt>
      <trkpt lat="41.692977" lon="44.960777">
        <ele>547.9</ele>
        <time>2024-12-07T18:56:42.967000Z</time>
      </trkpt>
      <trkpt lat="41.692987" lon="44.961066">
        <ele>548.3</ele>
        <time>2024-12-07T18:56:47.550000Z</time>
      </trkpt>
      <trkpt lat="41.693005" lon="44.961616">
        <ele>548.8</ele>
        <time>2024-12-07T18:56:55.928000Z</time>
      </trkpt>
      <trkpt lat="41.69301" lon="44.961714">
        <ele>548.9</ele>
        <time>2024-12-07T18:56:57.310000Z</time>
      </trkpt>
      <trkpt lat="41.69303" lon="44.962131">
        <ele>549.2</ele>
        <time>2024-12-07T18:57:02.986000Z</time>
      </trkpt>
      <trkpt lat="41.693046" lon="44.96262">
        <ele>549.5</ele>
        <time>2024-12-07T18:57:09.718000Z</time>
      </trkpt>
      <trkpt lat="41.693054" lon="44.962775">
        <ele>549.6</ele>
        <time>2024-12-07T18:57:11.930000Z</time>
      </trkpt>
      <trkpt lat="41.693066" lon="44.963363">
        <ele>550.2</ele>
        <time>2024-12-07T18:57:20.682000Z</time>
      </trkpt>
      <trkpt lat="41.693056" lon="44.964518">
        <ele>551.1</ele>
        <time>2024-12-07T18:57:37.250000Z</time>
      </trkpt>
      <trkpt lat="41.693028" lon="44.965379">
        <ele>551.6</ele>
        <time>2024-12-07T18:57:48.555000Z</time>
      </trkpt>
      <trkpt lat="41.692998" lon="44.965915">
        <ele>551.6</ele>
        <time>2024-12-07T18:57:54.444000Z</time>
      </trkpt>
      <trkpt lat="41.692949" lon="44.966749">
        <ele>551.3</ele>
        <time>2024-12-07T18:58:02.894000Z</time>
      </trkpt>
      <trkpt lat="41.69289" lon="44.967567">
        <ele>550.9</ele>
        <time>2024-12-07T18:58:10.760000Z</time>
      </trkpt>
      <trkpt lat="41.69287" lon="44.967858">
        <ele>550.8</ele>
        <time>2024-12-07T18:58:13.608000Z</time>
      </trkpt>
      <trkpt lat="41.692857" lon="44.968181">
        <ele>550.6</ele>
        <time>2024-12-07T18:58:16.834000Z</time>
      </trkpt>
      <trkpt lat="41.692805" lon="44.968928">
        <ele>550.6</ele>
        <time>2024-12-07T18:58:25.041000Z</time>
      </trkpt>
      <trkpt lat="41.692759" lon="44.969731">
        <ele>550.7</ele>
        <time>2024-12-07T18:58:34.289000Z</time>
      </trkpt>
      <trkpt lat="41.692661" lon="44.971422">
        <ele>550.7</ele>
        <time>2024-12-07T18:58:53.009000Z</time>
      </trkpt>
      <trkpt lat="41.69265" lon="44.971613">
        <ele>550.6</ele>
        <time>2024-12-07T18:58:54.887000Z</time>
      </trkpt>
      <trkpt lat="41.692557" lon="44.973141">
        <ele>549.7</ele>
        <time>2024-12-07T18:59:09.233000Z</time>
      </trkpt>
      <trkpt lat="41.692481" lon="44.974494">
        <ele>548.7</ele>
        <time>2024-12-07T18:59:21.667000Z</time>
      </trkpt>
      <trkpt lat="41.692469" lon="44.974709">
        <ele>548.5</ele>
        <time>2024-12-07T18:59:23.663000Z</time>
      </trkpt>
      <trkpt lat="41.692465" lon="44.974779">
        <ele>548.5</ele>
        <time>2024-12-07T18:59:24.308000Z</time>
      </trkpt>
      <trkpt lat="41.692332" lon="44.976976">
        <ele>548</ele>
        <time>2024-12-07T18:59:46.951000Z</time>
      </trkpt>
      <trkpt lat="41.69224" lon="44.978584">
        <ele>549.4</ele>
        <time>2024-12-07T19:00:10.748000Z</time>
      </trkpt>
      <trkpt lat="41.692139" lon="44.980487">
        <ele>550.1</ele>
        <time>2024-12-07T19:00:34.526000Z</time>
      </trkpt>
      <trkpt lat="41.692117" lon="44.980856">
        <ele>549.9</ele>
        <time>2024-12-07T19:00:38.125000Z</time>
      </trkpt>
      <trkpt lat="41.692101" lon="44.981115">
        <ele>549.8</ele>
        <time>2024-12-07T19:00:40.583000Z</time>
      </trkpt>
      <trkpt lat="41.691915" lon="44.983661">
        <ele>548.8</ele>
        <time>2024-12-07T19:01:05.674000Z</time>
      </trkpt>
      <trkpt lat="41.691878" lon="44.984358">
        <ele>549.3</ele>
        <time>2024-12-07T19:01:15.741000Z</time>
      </trkpt>
      <trkpt lat="41.691849" lon="44.984923">
        <ele>550</ele>
        <time>2024-12-07T19:01:24.658000Z</time>
      </trkpt>
      <trkpt lat="41.691762" lon="44.986554">
        <ele>551.5</ele>
        <time>2024-12-07T19:01:48.768000Z</time>
      </trkpt>
      <trkpt lat="41.691735" lon="44.987067">
        <ele>551.4</ele>
        <time>2024-12-07T19:01:54.248000Z</time>
      </trkpt>
      <trkpt lat="41.69164" lon="44.987672">
        <ele>551.2</ele>
        <time>2024-12-07T19:02:00.305000Z</time>
      </trkpt>
      <trkpt lat="41.691548" lon="44.98856">
        <ele>550.6</ele>
        <time>2024-12-07T19:02:08.573000Z</time>
      </trkpt>
      <trkpt lat="41.691534" lon="44.989638">
        <ele>550</ele>
        <time>2024-12-07T19:02:18.802000Z</time>
      </trkpt>
      <trkpt lat="41.691586" lon="44.990429">
        <ele>549.6</ele>
        <time>2024-12-07T19:02:26.558000Z</time>
      </trkpt>
      <trkpt lat="41.691575" lon="44.990869">
        <ele>549.4</ele>
        <time>2024-12-07T19:02:30.850000Z</time>
      </trkpt>
      <trkpt lat="41.691526" lon="44.992994">
        <ele>548.1</ele>
        <time>2024-12-07T19:02:50.712000Z</time>
      </trkpt>
      <trkpt lat="41.691513" lon="44.993536">
        <ele>547.8</ele>
        <time>2024-12-07T19:02:55.845000Z</time>
      </trkpt>
      <trkpt lat="41.691505" lon="44.994667">
        <ele>547.3</ele>
        <time>2024-12-07T19:03:06.931000Z</time>
      </trkpt>
      <trkpt lat="41.691487" lon="44.996989">
        <ele>546.5</ele>
        <time>2024-12-07T19:03:30.059000Z</time>
      </trkpt>
      <trkpt lat="41.691478" lon="44.997506">
        <ele>546.3</ele>
        <time>2024-12-07T19:03:35.014000Z</time>
      </trkpt>
      <trkpt lat="41.691476" lon="44.997623">
        <ele>546.2</ele>
        <time>2024-12-07T19:03:36.135000Z</time>
      </trkpt>
      <trkpt lat="41.691428" lon="44.99818">
        <ele>545.9</ele>
        <time>2024-12-07T19:03:41.536000Z</time>
      </trkpt>
      <trkpt lat="41.691416" lon="44.99922">
        <ele>545.5</ele>
        <time>2024-12-07T19:03:51.832000Z</time>
      </trkpt>
      <trkpt lat="41.691412" lon="44.999412">
        <ele>545.5</ele>
        <time>2024-12-07T19:03:53.813000Z</time>
      </trkpt>
      <trkpt lat="41.691344" lon="45.001178">
        <ele>544.6</ele>
        <time>2024-12-07T19:04:10.728000Z</time>
      </trkpt>
      <trkpt lat="41.691302" lon="45.001601">
        <ele>544</ele>
        <time>2024-12-07T19:04:14.239000Z</time>
      </trkpt>
      <trkpt lat="41.691298" lon="45.001689">
        <ele>543.8</ele>
        <time>2024-12-07T19:04:14.948000Z</time>
      </trkpt>
      <trkpt lat="41.691126" lon="45.003187">
        <ele>539.8</ele>
        <time>2024-12-07T19:04:26.235000Z</time>
      </trkpt>
      <trkpt lat="41.691085" lon="45.003717">
        <ele>538.1</ele>
        <time>2024-12-07T19:04:30.092000Z</time>
      </trkpt>
      <trkpt lat="41.690907" lon="45.004665">
        <ele>535.6</ele>
        <time>2024-12-07T19:04:37.379000Z</time>
      </trkpt>
      <trkpt lat="41.690722" lon="45.005666">
        <ele>534.3</ele>
        <time>2024-12-07T19:04:46.111000Z</time>
      </trkpt>
      <trkpt lat="41.690494" lon="45.006878">
        <ele>533.8</ele>
        <time>2024-12-07T19:04:58.298000Z</time>
      </trkpt>
      <trkpt lat="41.690295" lon="45.007988">
        <ele>533.7</ele>
        <time>2024-12-07T19:05:10.533000Z</time>
      </trkpt>
      <trkpt lat="41.690271" lon="45.008128">
        <ele>533.6</ele>
        <time>2024-12-07T19:05:11.965000Z</time>
      </trkpt>
      <trkpt lat="41.69016" lon="45.00865">
        <ele>533.2</ele>
        <time>2024-12-07T19:05:16.972000Z</time>
      </trkpt>
      <trkpt lat="41.690074" lon="45.00908">
        <ele>532.8</ele>
        <time>2024-12-07T19:05:20.845000Z</time>
      </trkpt>
      <trkpt lat="41.689964" lon="45.009601">
        <ele>532.1</ele>
        <time>2024-12-07T19:05:25.400000Z</time>
      </trkpt>
      <trkpt lat="41.689473" lon="45.012073">
        <ele>525.9</ele>
        <time>2024-12-07T19:05:44.698000Z</time>
      </trkpt>
      <trkpt lat="41.689152" lon="45.013899">
        <ele>528.6</ele>
        <time>2024-12-07T19:06:23.846000Z</time>
      </trkpt>
      <trkpt lat="41.688677" lon="45.016587">
        <ele>548.9</ele>
        <time>2024-12-07T19:08:15.762000Z</time>
      </trkpt>
      <trkpt lat="41.688549" lon="45.017292">
        <ele>552.3</ele>
        <time>2024-12-07T19:08:37.370000Z</time>
      </trkpt>
      <trkpt lat="41.688444" lon="45.01793">
        <ele>554.1</ele>
        <time>2024-12-07T19:08:51.998000Z</time>
      </trkpt>
      <trkpt lat="41.688276" lon="45.019212">
        <ele>555.7</ele>
        <time>2024-12-07T19:09:12.659000Z</time>
      </trkpt>
      <trkpt lat="41.688172" lon="45.019968">
        <ele>556.4</ele>
        <time>2024-12-07T19:09:24.235000Z</time>
      </trkpt>
      <trkpt lat="41.688128" lon="45.020602">
        <ele>556.8</ele>
        <time>2024-12-07T19:09:32.927000Z</time>
      </trkpt>
      <trkpt lat="41.688153" lon="45.021051">
        <ele>557.1</ele>
        <time>2024-12-07T19:09:39.079000Z</time>
      </trkpt>
      <trkpt lat="41.688265" lon="45.02169">
        <ele>557.6</ele>
        <time>2024-12-07T19:09:48.272000Z</time>
      </trkpt>
      <trkpt lat="41.688386" lon="45.022096">
        <ele>558</ele>
        <time>2024-12-07T19:09:54.818000Z</time>
      </trkpt>
      <trkpt lat="41.688697" lon="45.022949">
        <ele>559</ele>
        <time>2024-12-07T19:10:09.021000Z</time>
      </trkpt>
      <trkpt lat="41.688905" lon="45.023515">
        <ele>559.5</ele>
        <time>2024-12-07T19:10:18.206000Z</time>
      </trkpt>
      <trkpt lat="41.688963" lon="45.023671">
        <ele>559.6</ele>
        <time>2024-12-07T19:10:20.427000Z</time>
      </trkpt>
      <trkpt lat="41.689038" lon="45.023875">
        <ele>559.8</ele>
        <time>2024-12-07T19:10:23.855000Z</time>
      </trkpt>
      <trkpt lat="41.688956" lon="45.023771">
        <ele>560</ele>
        <time>2024-12-07T19:10:25.957000Z</time>
      </trkpt>
      <trkpt lat="41.688977" lon="45.023842">
        <ele>560.1</ele>
        <time>2024-12-07T19:10:27.013000Z</time>
      </trkpt>
      <trkpt lat="41.689005" lon="45.023922">
        <ele>560.2</ele>
        <time>2024-12-07T19:10:28.235000Z</time>
      </trkpt>
      <trkpt lat="41.689033" lon="45.02401">
        <ele>560.3</ele>
        <time>2024-12-07T19:10:29.560000Z</time>
      </trkpt>
      <trkpt lat="41.689063" lon="45.024098">
        <ele>560.4</ele>
        <time>2024-12-07T19:10:30.899000Z</time>
      </trkpt>
      <trkpt lat="41.689093" lon="45.024204">
        <ele>560.5</ele>
        <time>2024-12-07T19:10:32.467000Z</time>
      </trkpt>
      <trkpt lat="41.689121" lon="45.024302">
        <ele>560.6</ele>
        <time>2024-12-07T19:10:33.920000Z</time>
      </trkpt>
      <trkpt lat="41.689141" lon="45.024382">
        <ele>560.7</ele>
        <time>2024-12-07T19:10:35.087000Z</time>
      </trkpt>
      <trkpt lat="41.689166" lon="45.024474">
        <ele>560.8</ele>
        <time>2024-12-07T19:10:36.443000Z</time>
      </trkpt>
      <trkpt lat="41.689193" lon="45.024566">
        <ele>560.8</ele>
        <time>2024-12-07T19:10:37.810000Z</time>
      </trkpt>
      <trkpt lat="41.689226" lon="45.024673">
        <ele>561</ele>
        <time>2024-12-07T19:10:39.413000Z</time>
      </trkpt>
      <trkpt lat="41.689254" lon="45.024753">
        <ele>561</ele>
        <time>2024-12-07T19:10:40.635000Z</time>
      </trkpt>
      <trkpt lat="41.689284" lon="45.02484">
        <ele>561.2</ele>
        <time>2024-12-07T19:10:41.962000Z</time>
      </trkpt>
      <trkpt lat="41.689318" lon="45.024933">
        <ele>561.3</ele>
        <time>2024-12-07T19:10:43.395000Z</time>
      </trkpt>
      <trkpt lat="41.689349" lon="45.025027">
        <ele>561.4</ele>
        <time>2024-12-07T19:10:44.817000Z</time>
      </trkpt>
      <trkpt lat="41.689379" lon="45.025118">
        <ele>561.5</ele>
        <time>2024-12-07T19:10:46.194000Z</time>
      </trkpt>
      <trkpt lat="41.68941" lon="45.025214">
        <ele>561.6</ele>
        <time>2024-12-07T19:10:47.641000Z</time>
      </trkpt>
      <trkpt lat="41.689335" lon="45.025288">
        <ele>561.8</ele>
        <time>2024-12-07T19:10:49.367000Z</time>
      </trkpt>
      <trkpt lat="41.689475" lon="45.02564">
        <ele>562.3</ele>
        <time>2024-12-07T19:10:54.887000Z</time>
      </trkpt>
      <trkpt lat="41.689475" lon="45.02564">
        <ele>562.3</ele>
        <time>2024-12-07T19:10:54.898000Z</time>
      </trkpt>
      <trkpt lat="41.689845" lon="45.026789">
        <ele>564.3</ele>
        <time>2024-12-07T19:11:16.765000Z</time>
      </trkpt>
      <trkpt lat="41.690582" lon="45.028911">
        <ele>567.5</ele>
        <time>2024-12-07T19:11:55.198000Z</time>
      </trkpt>
      <trkpt lat="41.690849" lon="45.029459">
        <ele>568.6</ele>
        <time>2024-12-07T19:12:07.029000Z</time>
      </trkpt>
      <trkpt lat="41.691098" lon="45.030101">
        <ele>570</ele>
        <time>2024-12-07T19:12:20.556000Z</time>
      </trkpt>
      <trkpt lat="41.691098" lon="45.030101">
        <ele>570</ele>
        <time>2024-12-07T19:12:20.558000Z</time>
      </trkpt>
      <trkpt lat="41.691188" lon="45.030426">
        <ele>570.7</ele>
        <time>2024-12-07T19:12:25.358000Z</time>
      </trkpt>
      <trkpt lat="41.69139" lon="45.030325">
        <ele>571.2</ele>
        <time>2024-12-07T19:12:29.355000Z</time>
      </trkpt>
      <trkpt lat="41.691427" lon="45.030399">
        <ele>571.4</ele>
        <time>2024-12-07T19:12:30.587000Z</time>
      </trkpt>
      <trkpt lat="41.691468" lon="45.030484">
        <ele>571.5</ele>
        <time>2024-12-07T19:12:31.988000Z</time>
      </trkpt>
      <trkpt lat="41.69151" lon="45.030572">
        <ele>571.7</ele>
        <time>2024-12-07T19:12:33.433000Z</time>
      </trkpt>
      <trkpt lat="41.691555" lon="45.030662">
        <ele>571.9</ele>
        <time>2024-12-07T19:12:34.932000Z</time>
      </trkpt>
      <trkpt lat="41.6916" lon="45.030752">
        <ele>572.1</ele>
        <time>2024-12-07T19:12:36.432000Z</time>
      </trkpt>
      <trkpt lat="41.691643" lon="45.030845">
        <ele>572.3</ele>
        <time>2024-12-07T19:12:37.946000Z</time>
      </trkpt>
      <trkpt lat="41.691688" lon="45.03093">
        <ele>572.4</ele>
        <time>2024-12-07T19:12:39.388000Z</time>
      </trkpt>
      <trkpt lat="41.691731" lon="45.031017">
        <ele>572.6</ele>
        <time>2024-12-07T19:12:40.832000Z</time>
      </trkpt>
      <trkpt lat="41.691779" lon="45.031109">
        <ele>572.7</ele>
        <time>2024-12-07T19:12:42.385000Z</time>
      </trkpt>
      <trkpt lat="41.691826" lon="45.031197">
        <ele>572.9</ele>
        <time>2024-12-07T19:12:43.882000Z</time>
      </trkpt>
      <trkpt lat="41.691871" lon="45.031288">
        <ele>573</ele>
        <time>2024-12-07T19:12:45.393000Z</time>
      </trkpt>
      <trkpt lat="41.691927" lon="45.031389">
        <ele>573.1</ele>
        <time>2024-12-07T19:12:47.134000Z</time>
      </trkpt>
      <trkpt lat="41.691968" lon="45.03146">
        <ele>573.3</ele>
        <time>2024-12-07T19:12:48.376000Z</time>
      </trkpt>
      <trkpt lat="41.692013" lon="45.031541">
        <ele>573.4</ele>
        <time>2024-12-07T19:12:49.773000Z</time>
      </trkpt>
      <trkpt lat="41.692061" lon="45.031628">
        <ele>573.5</ele>
        <time>2024-12-07T19:12:51.271000Z</time>
      </trkpt>
      <trkpt lat="41.692111" lon="45.031716">
        <ele>573.7</ele>
        <time>2024-12-07T19:12:52.802000Z</time>
      </trkpt>
      <trkpt lat="41.692158" lon="45.031803">
        <ele>573.8</ele>
        <time>2024-12-07T19:12:54.287000Z</time>
      </trkpt>
      <trkpt lat="41.692216" lon="45.031904">
        <ele>574</ele>
        <time>2024-12-07T19:12:56.051000Z</time>
      </trkpt>
      <trkpt lat="41.692255" lon="45.031975">
        <ele>574.1</ele>
        <time>2024-12-07T19:12:57.271000Z</time>
      </trkpt>
      <trkpt lat="41.692302" lon="45.032056">
        <ele>574.2</ele>
        <time>2024-12-07T19:12:58.690000Z</time>
      </trkpt>
      <trkpt lat="41.692351" lon="45.032136">
        <ele>574.4</ele>
        <time>2024-12-07T19:13:00.123000Z</time>
      </trkpt>
      <trkpt lat="41.692401" lon="45.032217">
        <ele>574.5</ele>
        <time>2024-12-07T19:13:01.577000Z</time>
      </trkpt>
      <trkpt lat="41.692451" lon="45.032297">
        <ele>574.7</ele>
        <time>2024-12-07T19:13:03.022000Z</time>
      </trkpt>
      <trkpt lat="41.6925" lon="45.032377">
        <ele>574.8</ele>
        <time>2024-12-07T19:13:04.453000Z</time>
      </trkpt>
      <trkpt lat="41.692559" lon="45.032473">
        <ele>575</ele>
        <time>2024-12-07T19:13:06.174000Z</time>
      </trkpt>
      <trkpt lat="41.692604" lon="45.032546">
        <ele>575.2</ele>
        <time>2024-12-07T19:13:07.484000Z</time>
      </trkpt>
      <trkpt lat="41.692652" lon="45.032624">
        <ele>575.3</ele>
        <time>2024-12-07T19:13:08.884000Z</time>
      </trkpt>
      <trkpt lat="41.692702" lon="45.032705">
        <ele>575.5</ele>
        <time>2024-12-07T19:13:10.337000Z</time>
      </trkpt>
      <trkpt lat="41.692752" lon="45.032785">
        <ele>575.6</ele>
        <time>2024-12-07T19:13:11.782000Z</time>
      </trkpt>
      <trkpt lat="41.692801" lon="45.032865">
        <ele>575.8</ele>
        <time>2024-12-07T19:13:13.215000Z</time>
      </trkpt>
      <trkpt lat="41.692851" lon="45.032945">
        <ele>576</ele>
        <time>2024-12-07T19:13:14.658000Z</time>
      </trkpt>
      <trkpt lat="41.692904" lon="45.033029">
        <ele>576.1</ele>
        <time>2024-12-07T19:13:16.180000Z</time>
      </trkpt>
      <trkpt lat="41.692954" lon="45.033103">
        <ele>576.3</ele>
        <time>2024-12-07T19:13:17.562000Z</time>
      </trkpt>
      <trkpt lat="41.693004" lon="45.033178">
        <ele>576.4</ele>
        <time>2024-12-07T19:13:18.952000Z</time>
      </trkpt>
      <trkpt lat="41.693053" lon="45.033258">
        <ele>576.5</ele>
        <time>2024-12-07T19:13:20.385000Z</time>
      </trkpt>
      <trkpt lat="41.693109" lon="45.033347">
        <ele>576.6</ele>
        <time>2024-12-07T19:13:21.996000Z</time>
      </trkpt>
      <trkpt lat="41.693154" lon="45.033414">
        <ele>576.8</ele>
        <time>2024-12-07T19:13:23.243000Z</time>
      </trkpt>
      <trkpt lat="41.693205" lon="45.033484">
        <ele>576.9</ele>
        <time>2024-12-07T19:13:24.596000Z</time>
      </trkpt>
      <trkpt lat="41.693259" lon="45.033563">
        <ele>577.1</ele>
        <time>2024-12-07T19:13:26.080000Z</time>
      </trkpt>
      <trkpt lat="41.693318" lon="45.033659">
        <ele>577.3</ele>
        <time>2024-12-07T19:13:27.800000Z</time>
      </trkpt>
      <trkpt lat="41.693367" lon="45.033727">
        <ele>577.4</ele>
        <time>2024-12-07T19:13:29.107000Z</time>
      </trkpt>
      <trkpt lat="41.693419" lon="45.033804">
        <ele>577.5</ele>
        <time>2024-12-07T19:13:30.545000Z</time>
      </trkpt>
      <trkpt lat="41.693482" lon="45.033899">
        <ele>577.7</ele>
        <time>2024-12-07T19:13:32.303000Z</time>
      </trkpt>
      <trkpt lat="41.693525" lon="45.03397">
        <ele>577.8</ele>
        <time>2024-12-07T19:13:33.568000Z</time>
      </trkpt>
      <trkpt lat="41.693575" lon="45.034048">
        <ele>577.9</ele>
        <time>2024-12-07T19:13:34.991000Z</time>
      </trkpt>
      <trkpt lat="41.693626" lon="45.034128">
        <ele>578.1</ele>
        <time>2024-12-07T19:13:36.446000Z</time>
      </trkpt>
      <trkpt lat="41.693678" lon="45.034208">
        <ele>578.2</ele>
        <time>2024-12-07T19:13:37.916000Z</time>
      </trkpt>
      <trkpt lat="41.693732" lon="45.034285">
        <ele>578.4</ele>
        <time>2024-12-07T19:13:39.377000Z</time>
      </trkpt>
      <trkpt lat="41.693791" lon="45.034374">
        <ele>578.6</ele>
        <time>2024-12-07T19:13:41.024000Z</time>
      </trkpt>
      <trkpt lat="41.693833" lon="45.03444">
        <ele>578.8</ele>
        <time>2024-12-07T19:13:42.225000Z</time>
      </trkpt>
      <trkpt lat="41.693884" lon="45.034513">
        <ele>578.9</ele>
        <time>2024-12-07T19:13:43.608000Z</time>
      </trkpt>
      <trkpt lat="41.693944" lon="45.034603">
        <ele>579.1</ele>
        <time>2024-12-07T19:13:45.278000Z</time>
      </trkpt>
      <trkpt lat="41.693996" lon="45.034685">
        <ele>579.3</ele>
        <time>2024-12-07T19:13:46.767000Z</time>
      </trkpt>
      <trkpt lat="41.694039" lon="45.034752">
        <ele>579.5</ele>
        <time>2024-12-07T19:13:47.990000Z</time>
      </trkpt>
      <trkpt lat="41.69409" lon="45.034829">
        <ele>579.7</ele>
        <time>2024-12-07T19:13:49.415000Z</time>
      </trkpt>
      <trkpt lat="41.694141" lon="45.034907">
        <ele>579.9</ele>
        <time>2024-12-07T19:13:50.850000Z</time>
      </trkpt>
      <trkpt lat="41.69419" lon="45.034983">
        <ele>580.2</ele>
        <time>2024-12-07T19:13:52.240000Z</time>
      </trkpt>
      <trkpt lat="41.69424" lon="45.035056">
        <ele>580.4</ele>
        <time>2024-12-07T19:13:53.611000Z</time>
      </trkpt>
      <trkpt lat="41.694292" lon="45.035132">
        <ele>580.6</ele>
        <time>2024-12-07T19:13:55.039000Z</time>
      </trkpt>
      <trkpt lat="41.694339" lon="45.035208">
        <ele>580.9</ele>
        <time>2024-12-07T19:13:56.405000Z</time>
      </trkpt>
      <trkpt lat="41.694398" lon="45.035297">
        <ele>581.2</ele>
        <time>2024-12-07T19:13:58.052000Z</time>
      </trkpt>
      <trkpt lat="41.694437" lon="45.03536">
        <ele>581.4</ele>
        <time>2024-12-07T19:13:59.186000Z</time>
      </trkpt>
      <trkpt lat="41.694481" lon="45.035427">
        <ele>581.7</ele>
        <time>2024-12-07T19:14:00.422000Z</time>
      </trkpt>
      <trkpt lat="41.69453" lon="45.035495">
        <ele>582</ele>
        <time>2024-12-07T19:14:01.730000Z</time>
      </trkpt>
      <trkpt lat="41.694576" lon="45.035567">
        <ele>582.4</ele>
        <time>2024-12-07T19:14:03.042000Z</time>
      </trkpt>
      <trkpt lat="41.694622" lon="45.03564">
        <ele>582.7</ele>
        <time>2024-12-07T19:14:04.366000Z</time>
      </trkpt>
      <trkpt lat="41.694674" lon="45.035719">
        <ele>583.1</ele>
        <time>2024-12-07T19:14:05.824000Z</time>
      </trkpt>
      <trkpt lat="41.694715" lon="45.03578">
        <ele>583.4</ele>
        <time>2024-12-07T19:14:06.961000Z</time>
      </trkpt>
      <trkpt lat="41.694756" lon="45.035846">
        <ele>583.7</ele>
        <time>2024-12-07T19:14:08.151000Z</time>
      </trkpt>
      <trkpt lat="41.694801" lon="45.035915">
        <ele>584</ele>
        <time>2024-12-07T19:14:09.419000Z</time>
      </trkpt>
      <trkpt lat="41.694847" lon="45.03598">
        <ele>584.3</ele>
        <time>2024-12-07T19:14:10.660000Z</time>
      </trkpt>
      <trkpt lat="41.694889" lon="45.036042">
        <ele>584.6</ele>
        <time>2024-12-07T19:14:11.818000Z</time>
      </trkpt>
      <trkpt lat="41.694931" lon="45.036103">
        <ele>584.9</ele>
        <time>2024-12-07T19:14:12.968000Z</time>
      </trkpt>
      <trkpt lat="41.694973" lon="45.036167">
        <ele>585.3</ele>
        <time>2024-12-07T19:14:14.150000Z</time>
      </trkpt>
      <trkpt lat="41.695015" lon="45.036232">
        <ele>585.6</ele>
        <time>2024-12-07T19:14:15.340000Z</time>
      </trkpt>
      <trkpt lat="41.695064" lon="45.036306">
        <ele>586</ele>
        <time>2024-12-07T19:14:16.710000Z</time>
      </trkpt>
      <trkpt lat="41.6951" lon="45.036361">
        <ele>586.3</ele>
        <time>2024-12-07T19:14:17.723000Z</time>
      </trkpt>
      <trkpt lat="41.695138" lon="45.036417">
        <ele>586.6</ele>
        <time>2024-12-07T19:14:18.771000Z</time>
      </trkpt>
      <trkpt lat="41.695179" lon="45.036477">
        <ele>586.9</ele>
        <time>2024-12-07T19:14:19.898000Z</time>
      </trkpt>
      <trkpt lat="41.695218" lon="45.036535">
        <ele>587.2</ele>
        <time>2024-12-07T19:14:20.979000Z</time>
      </trkpt>
      <trkpt lat="41.695269" lon="45.036605">
        <ele>587.6</ele>
        <time>2024-12-07T19:14:22.334000Z</time>
      </trkpt>
      <trkpt lat="41.695303" lon="45.036658">
        <ele>587.9</ele>
        <time>2024-12-07T19:14:23.302000Z</time>
      </trkpt>
      <trkpt lat="41.69534" lon="45.036714">
        <ele>588.2</ele>
        <time>2024-12-07T19:14:24.339000Z</time>
      </trkpt>
      <trkpt lat="41.695378" lon="45.036771">
        <ele>588.5</ele>
        <time>2024-12-07T19:14:25.397000Z</time>
      </trkpt>
      <trkpt lat="41.695426" lon="45.036838">
        <ele>588.8</ele>
        <time>2024-12-07T19:14:26.683000Z</time>
      </trkpt>
      <trkpt lat="41.69546" lon="45.036888">
        <ele>589.1</ele>
        <time>2024-12-07T19:14:27.620000Z</time>
      </trkpt>
      <trkpt lat="41.695497" lon="45.036946">
        <ele>589.4</ele>
        <time>2024-12-07T19:14:28.677000Z</time>
      </trkpt>
      <trkpt lat="41.695538" lon="45.037013">
        <ele>589.8</ele>
        <time>2024-12-07T19:14:29.877000Z</time>
      </trkpt>
      <trkpt lat="41.69557" lon="45.037063">
        <ele>590.1</ele>
        <time>2024-12-07T19:14:30.790000Z</time>
      </trkpt>
      <trkpt lat="41.695604" lon="45.037119">
        <ele>590.4</ele>
        <time>2024-12-07T19:14:31.790000Z</time>
      </trkpt>
      <trkpt lat="41.695642" lon="45.037179">
        <ele>590.7</ele>
        <time>2024-12-07T19:14:32.880000Z</time>
      </trkpt>
      <trkpt lat="41.695683" lon="45.037237">
        <ele>591.1</ele>
        <time>2024-12-07T19:14:33.987000Z</time>
      </trkpt>
      <trkpt lat="41.695719" lon="45.037294">
        <ele>591.4</ele>
        <time>2024-12-07T19:14:35.022000Z</time>
      </trkpt>
      <trkpt lat="41.695763" lon="45.037361">
        <ele>591.8</ele>
        <time>2024-12-07T19:14:36.259000Z</time>
      </trkpt>
      <trkpt lat="41.695796" lon="45.037411">
        <ele>592.1</ele>
        <time>2024-12-07T19:14:37.182000Z</time>
      </trkpt>
      <trkpt lat="41.695829" lon="45.037466">
        <ele>592.4</ele>
        <time>2024-12-07T19:14:38.160000Z</time>
      </trkpt>
      <trkpt lat="41.695876" lon="45.037532">
        <ele>592.8</ele>
        <time>2024-12-07T19:14:39.425000Z</time>
      </trkpt>
      <trkpt lat="41.69591" lon="45.037582">
        <ele>593.2</ele>
        <time>2024-12-07T19:14:40.361000Z</time>
      </trkpt>
      <trkpt lat="41.695947" lon="45.037637">
        <ele>593.5</ele>
        <time>2024-12-07T19:14:41.388000Z</time>
      </trkpt>
      <trkpt lat="41.695981" lon="45.037694">
        <ele>593.9</ele>
        <time>2024-12-07T19:14:42.399000Z</time>
      </trkpt>
      <trkpt lat="41.696019" lon="45.037749">
        <ele>594.2</ele>
        <time>2024-12-07T19:14:43.439000Z</time>
      </trkpt>
      <trkpt lat="41.696054" lon="45.037805">
        <ele>594.6</ele>
        <time>2024-12-07T19:14:44.451000Z</time>
      </trkpt>
      <trkpt lat="41.696098" lon="45.037869">
        <ele>595.1</ele>
        <time>2024-12-07T19:14:45.656000Z</time>
      </trkpt>
      <trkpt lat="41.696131" lon="45.037915">
        <ele>595.4</ele>
        <time>2024-12-07T19:14:46.541000Z</time>
      </trkpt>
      <trkpt lat="41.696165" lon="45.037969">
        <ele>595.8</ele>
        <time>2024-12-07T19:14:47.521000Z</time>
      </trkpt>
      <trkpt lat="41.696209" lon="45.038033">
        <ele>596.2</ele>
        <time>2024-12-07T19:14:48.728000Z</time>
      </trkpt>
      <trkpt lat="41.696242" lon="45.038082">
        <ele>596.6</ele>
        <time>2024-12-07T19:14:49.642000Z</time>
      </trkpt>
      <trkpt lat="41.696275" lon="45.038137">
        <ele>597</ele>
        <time>2024-12-07T19:14:50.622000Z</time>
      </trkpt>
      <trkpt lat="41.696313" lon="45.038194">
        <ele>597.5</ele>
        <time>2024-12-07T19:14:51.681000Z</time>
      </trkpt>
      <trkpt lat="41.696351" lon="45.038248">
        <ele>597.9</ele>
        <time>2024-12-07T19:14:52.711000Z</time>
      </trkpt>
      <trkpt lat="41.696389" lon="45.038305">
        <ele>598.4</ele>
        <time>2024-12-07T19:14:53.771000Z</time>
      </trkpt>
      <trkpt lat="41.696424" lon="45.038356">
        <ele>598.8</ele>
        <time>2024-12-07T19:14:54.732000Z</time>
      </trkpt>
      <trkpt lat="41.696462" lon="45.038409">
        <ele>599.3</ele>
        <time>2024-12-07T19:14:55.752000Z</time>
      </trkpt>
      <trkpt lat="41.6965" lon="45.038465">
        <ele>599.7</ele>
        <time>2024-12-07T19:14:56.801000Z</time>
      </trkpt>
      <trkpt lat="41.696535" lon="45.038522">
        <ele>600.2</ele>
        <time>2024-12-07T19:14:57.826000Z</time>
      </trkpt>
      <trkpt lat="41.696575" lon="45.038579">
        <ele>600.7</ele>
        <time>2024-12-07T19:14:58.911000Z</time>
      </trkpt>
      <trkpt lat="41.696611" lon="45.038636">
        <ele>601.2</ele>
        <time>2024-12-07T19:14:59.948000Z</time>
      </trkpt>
      <trkpt lat="41.696649" lon="45.038691">
        <ele>601.6</ele>
        <time>2024-12-07T19:15:00.987000Z</time>
      </trkpt>
      <trkpt lat="41.696684" lon="45.038751">
        <ele>602.1</ele>
        <time>2024-12-07T19:15:02.045000Z</time>
      </trkpt>
      <trkpt lat="41.696721" lon="45.038808">
        <ele>602.6</ele>
        <time>2024-12-07T19:15:03.092000Z</time>
      </trkpt>
      <trkpt lat="41.696759" lon="45.038866">
        <ele>603.1</ele>
        <time>2024-12-07T19:15:04.162000Z</time>
      </trkpt>
      <trkpt lat="41.696794" lon="45.038926">
        <ele>603.5</ele>
        <time>2024-12-07T19:15:05.220000Z</time>
      </trkpt>
      <trkpt lat="41.696829" lon="45.038981">
        <ele>604</ele>
        <time>2024-12-07T19:15:06.222000Z</time>
      </trkpt>
      <trkpt lat="41.696866" lon="45.039037">
        <ele>604.5</ele>
        <time>2024-12-07T19:15:07.260000Z</time>
      </trkpt>
      <trkpt lat="41.696901" lon="45.039095">
        <ele>604.9</ele>
        <time>2024-12-07T19:15:08.294000Z</time>
      </trkpt>
      <trkpt lat="41.696942" lon="45.039161">
        <ele>605.4</ele>
        <time>2024-12-07T19:15:09.486000Z</time>
      </trkpt>
      <trkpt lat="41.696971" lon="45.039211">
        <ele>605.8</ele>
        <time>2024-12-07T19:15:10.364000Z</time>
      </trkpt>
      <trkpt lat="41.697004" lon="45.039266">
        <ele>606.2</ele>
        <time>2024-12-07T19:15:11.342000Z</time>
      </trkpt>
      <trkpt lat="41.697037" lon="45.039324">
        <ele>606.5</ele>
        <time>2024-12-07T19:15:12.353000Z</time>
      </trkpt>
      <trkpt lat="41.697072" lon="45.039387">
        <ele>606.9</ele>
        <time>2024-12-07T19:15:13.442000Z</time>
      </trkpt>
      <trkpt lat="41.69711" lon="45.039446">
        <ele>607.3</ele>
        <time>2024-12-07T19:15:14.522000Z</time>
      </trkpt>
      <trkpt lat="41.697142" lon="45.039503">
        <ele>607.6</ele>
        <time>2024-12-07T19:15:15.511000Z</time>
      </trkpt>
      <trkpt lat="41.697176" lon="45.03956">
        <ele>608</ele>
        <time>2024-12-07T19:15:16.521000Z</time>
      </trkpt>
      <trkpt lat="41.697207" lon="45.039617">
        <ele>608.3</ele>
        <time>2024-12-07T19:15:17.498000Z</time>
      </trkpt>
      <trkpt lat="41.697241" lon="45.039674">
        <ele>608.6</ele>
        <time>2024-12-07T19:15:18.510000Z</time>
      </trkpt>
      <trkpt lat="41.697275" lon="45.039732">
        <ele>609</ele>
        <time>2024-12-07T19:15:19.531000Z</time>
      </trkpt>
      <trkpt lat="41.697309" lon="45.039792">
        <ele>609.3</ele>
        <time>2024-12-07T19:15:20.575000Z</time>
      </trkpt>
      <trkpt lat="41.69734" lon="45.03985">
        <ele>609.7</ele>
        <time>2024-12-07T19:15:21.564000Z</time>
      </trkpt>
      <trkpt lat="41.697374" lon="45.03991">
        <ele>610</ele>
        <time>2024-12-07T19:15:22.608000Z</time>
      </trkpt>
      <trkpt lat="41.697412" lon="45.039977">
        <ele>610.4</ele>
        <time>2024-12-07T19:15:23.775000Z</time>
      </trkpt>
      <trkpt lat="41.69744" lon="45.040024">
        <ele>610.8</ele>
        <time>2024-12-07T19:15:24.608000Z</time>
      </trkpt>
      <trkpt lat="41.69747" lon="45.040082">
        <ele>611.1</ele>
        <time>2024-12-07T19:15:25.586000Z</time>
      </trkpt>
      <trkpt lat="41.697501" lon="45.04014">
        <ele>611.5</ele>
        <time>2024-12-07T19:15:26.575000Z</time>
      </trkpt>
      <trkpt lat="41.697537" lon="45.040203">
        <ele>611.9</ele>
        <time>2024-12-07T19:15:27.675000Z</time>
      </trkpt>
      <trkpt lat="41.697563" lon="45.040252">
        <ele>612.2</ele>
        <time>2024-12-07T19:15:28.508000Z</time>
      </trkpt>
      <trkpt lat="41.697592" lon="45.040311">
        <ele>612.6</ele>
        <time>2024-12-07T19:15:29.487000Z</time>
      </trkpt>
      <trkpt lat="41.697623" lon="45.040369">
        <ele>612.9</ele>
        <time>2024-12-07T19:15:30.476000Z</time>
      </trkpt>
      <trkpt lat="41.697653" lon="45.040426">
        <ele>613.3</ele>
        <time>2024-12-07T19:15:31.443000Z</time>
      </trkpt>
      <trkpt lat="41.697684" lon="45.040486">
        <ele>613.7</ele>
        <time>2024-12-07T19:15:32.455000Z</time>
      </trkpt>
      <trkpt lat="41.697714" lon="45.040547">
        <ele>614.1</ele>
        <time>2024-12-07T19:15:33.468000Z</time>
      </trkpt>
      <trkpt lat="41.697745" lon="45.040608">
        <ele>614.4</ele>
        <time>2024-12-07T19:15:34.491000Z</time>
      </trkpt>
      <trkpt lat="41.697772" lon="45.040669">
        <ele>614.8</ele>
        <time>2024-12-07T19:15:35.475000Z</time>
      </trkpt>
      <trkpt lat="41.697799" lon="45.040731">
        <ele>615.2</ele>
        <time>2024-12-07T19:15:36.469000Z</time>
      </trkpt>
      <trkpt lat="41.697829" lon="45.040789">
        <ele>615.5</ele>
        <time>2024-12-07T19:15:37.447000Z</time>
      </trkpt>
      <trkpt lat="41.697859" lon="45.040855">
        <ele>615.9</ele>
        <time>2024-12-07T19:15:38.519000Z</time>
      </trkpt>
      <trkpt lat="41.69789" lon="45.040918">
        <ele>616.3</ele>
        <time>2024-12-07T19:15:39.565000Z</time>
      </trkpt>
      <trkpt lat="41.697917" lon="45.040978">
        <ele>616.7</ele>
        <time>2024-12-07T19:15:40.536000Z</time>
      </trkpt>
      <trkpt lat="41.697944" lon="45.041039">
        <ele>617.1</ele>
        <time>2024-12-07T19:15:41.520000Z</time>
      </trkpt>
      <trkpt lat="41.697971" lon="45.041104">
        <ele>617.5</ele>
        <time>2024-12-07T19:15:42.551000Z</time>
      </trkpt>
      <trkpt lat="41.698" lon="45.041165">
        <ele>617.9</ele>
        <time>2024-12-07T19:15:43.554000Z</time>
      </trkpt>
      <trkpt lat="41.698028" lon="45.041227">
        <ele>618.3</ele>
        <time>2024-12-07T19:15:44.559000Z</time>
      </trkpt>
      <trkpt lat="41.698054" lon="45.041287">
        <ele>618.7</ele>
        <time>2024-12-07T19:15:45.522000Z</time>
      </trkpt>
      <trkpt lat="41.698081" lon="45.041348">
        <ele>619.2</ele>
        <time>2024-12-07T19:15:46.504000Z</time>
      </trkpt>
      <trkpt lat="41.698108" lon="45.041413">
        <ele>619.6</ele>
        <time>2024-12-07T19:15:47.538000Z</time>
      </trkpt>
      <trkpt lat="41.698131" lon="45.041474">
        <ele>620</ele>
        <time>2024-12-07T19:15:48.486000Z</time>
      </trkpt>
      <trkpt lat="41.698158" lon="45.041539">
        <ele>620.5</ele>
        <time>2024-12-07T19:15:49.517000Z</time>
      </trkpt>
      <trkpt lat="41.698191" lon="45.04161">
        <ele>621</ele>
        <time>2024-12-07T19:15:50.678000Z</time>
      </trkpt>
      <trkpt lat="41.698212" lon="45.041666">
        <ele>621.4</ele>
        <time>2024-12-07T19:15:51.547000Z</time>
      </trkpt>
      <trkpt lat="41.698238" lon="45.041726">
        <ele>621.8</ele>
        <time>2024-12-07T19:15:52.510000Z</time>
      </trkpt>
      <trkpt lat="41.698264" lon="45.041787">
        <ele>622.3</ele>
        <time>2024-12-07T19:15:53.486000Z</time>
      </trkpt>
      <trkpt lat="41.698291" lon="45.041851">
        <ele>622.8</ele>
        <time>2024-12-07T19:15:54.506000Z</time>
      </trkpt>
      <trkpt lat="41.698315" lon="45.041916">
        <ele>623.4</ele>
        <time>2024-12-07T19:15:55.514000Z</time>
      </trkpt>
      <trkpt lat="41.698341" lon="45.041978">
        <ele>623.9</ele>
        <time>2024-12-07T19:15:56.502000Z</time>
      </trkpt>
      <trkpt lat="41.698367" lon="45.042039">
        <ele>624.4</ele>
        <time>2024-12-07T19:15:57.477000Z</time>
      </trkpt>
      <trkpt lat="41.698391" lon="45.0421">
        <ele>624.9</ele>
        <time>2024-12-07T19:15:58.435000Z</time>
      </trkpt>
      <trkpt lat="41.698414" lon="45.042164">
        <ele>625.4</ele>
        <time>2024-12-07T19:15:59.422000Z</time>
      </trkpt>
      <trkpt lat="41.698437" lon="45.042229">
        <ele>625.9</ele>
        <time>2024-12-07T19:16:00.420000Z</time>
      </trkpt>
      <trkpt lat="41.69846" lon="45.042294">
        <ele>626.4</ele>
        <time>2024-12-07T19:16:01.420000Z</time>
      </trkpt>
      <trkpt lat="41.698486" lon="45.042356">
        <ele>626.9</ele>
        <time>2024-12-07T19:16:02.406000Z</time>
      </trkpt>
      <trkpt lat="41.698512" lon="45.042426">
        <ele>627.4</ele>
        <time>2024-12-07T19:16:03.491000Z</time>
      </trkpt>
      <trkpt lat="41.698529" lon="45.042479">
        <ele>627.8</ele>
        <time>2024-12-07T19:16:04.293000Z</time>
      </trkpt>
      <trkpt lat="41.698551" lon="45.042542">
        <ele>628.2</ele>
        <time>2024-12-07T19:16:05.257000Z</time>
      </trkpt>
      <trkpt lat="41.698577" lon="45.042616">
        <ele>628.7</ele>
        <time>2024-12-07T19:16:06.392000Z</time>
      </trkpt>
      <trkpt lat="41.698601" lon="45.042683">
        <ele>629.2</ele>
        <time>2024-12-07T19:16:07.424000Z</time>
      </trkpt>
      <trkpt lat="41.698617" lon="45.042738">
        <ele>629.6</ele>
        <time>2024-12-07T19:16:08.243000Z</time>
      </trkpt>
      <trkpt lat="41.698639" lon="45.042798">
        <ele>630.1</ele>
        <time>2024-12-07T19:16:09.172000Z</time>
      </trkpt>
      <trkpt lat="41.698658" lon="45.042862">
        <ele>630.5</ele>
        <time>2024-12-07T19:16:10.127000Z</time>
      </trkpt>
      <trkpt lat="41.698677" lon="45.042927">
        <ele>631</ele>
        <time>2024-12-07T19:16:11.096000Z</time>
      </trkpt>
      <trkpt lat="41.698697" lon="45.042995">
        <ele>631.5</ele>
        <time>2024-12-07T19:16:12.111000Z</time>
      </trkpt>
      <trkpt lat="41.698722" lon="45.04307">
        <ele>632</ele>
        <time>2024-12-07T19:16:13.251000Z</time>
      </trkpt>
      <trkpt lat="41.698739" lon="45.043121">
        <ele>632.3</ele>
        <time>2024-12-07T19:16:14.026000Z</time>
      </trkpt>
      <trkpt lat="41.698761" lon="45.043195">
        <ele>632.9</ele>
        <time>2024-12-07T19:16:15.132000Z</time>
      </trkpt>
      <trkpt lat="41.698784" lon="45.043263">
        <ele>633.4</ele>
        <time>2024-12-07T19:16:16.168000Z</time>
      </trkpt>
      <trkpt lat="41.698804" lon="45.043325">
        <ele>633.8</ele>
        <time>2024-12-07T19:16:17.105000Z</time>
      </trkpt>
      <trkpt lat="41.698823" lon="45.043389">
        <ele>634.3</ele>
        <time>2024-12-07T19:16:18.061000Z</time>
      </trkpt>
      <trkpt lat="41.698838" lon="45.043444">
        <ele>634.6</ele>
        <time>2024-12-07T19:16:18.874000Z</time>
      </trkpt>
      <trkpt lat="41.698857" lon="45.043517">
        <ele>635.1</ele>
        <time>2024-12-07T19:16:19.946000Z</time>
      </trkpt>
      <trkpt lat="41.698873" lon="45.043571">
        <ele>635.5</ele>
        <time>2024-12-07T19:16:20.753000Z</time>
      </trkpt>
      <trkpt lat="41.698888" lon="45.04363">
        <ele>635.9</ele>
        <time>2024-12-07T19:16:21.618000Z</time>
      </trkpt>
      <trkpt lat="41.698903" lon="45.043694">
        <ele>636.3</ele>
        <time>2024-12-07T19:16:22.548000Z</time>
      </trkpt>
      <trkpt lat="41.698922" lon="45.043768">
        <ele>636.8</ele>
        <time>2024-12-07T19:16:23.634000Z</time>
      </trkpt>
      <trkpt lat="41.698941" lon="45.043835">
        <ele>637.2</ele>
        <time>2024-12-07T19:16:24.628000Z</time>
      </trkpt>
      <trkpt lat="41.69896" lon="45.0439">
        <ele>637.6</ele>
        <time>2024-12-07T19:16:25.596000Z</time>
      </trkpt>
      <trkpt lat="41.698976" lon="45.043968">
        <ele>638</ele>
        <time>2024-12-07T19:16:26.585000Z</time>
      </trkpt>
      <trkpt lat="41.698991" lon="45.044037">
        <ele>638.4</ele>
        <time>2024-12-07T19:16:27.582000Z</time>
      </trkpt>
      <trkpt lat="41.699013" lon="45.044099">
        <ele>638.8</ele>
        <time>2024-12-07T19:16:28.534000Z</time>
      </trkpt>
      <trkpt lat="41.699029" lon="45.044163">
        <ele>639.2</ele>
        <time>2024-12-07T19:16:29.471000Z</time>
      </trkpt>
      <trkpt lat="41.699045" lon="45.044231">
        <ele>639.6</ele>
        <time>2024-12-07T19:16:30.459000Z</time>
      </trkpt>
      <trkpt lat="41.69906" lon="45.044297">
        <ele>639.9</ele>
        <time>2024-12-07T19:16:31.415000Z</time>
      </trkpt>
      <trkpt lat="41.699075" lon="45.044362">
        <ele>640.3</ele>
        <time>2024-12-07T19:16:32.359000Z</time>
      </trkpt>
      <trkpt lat="41.69909" lon="45.044427">
        <ele>640.7</ele>
        <time>2024-12-07T19:16:33.302000Z</time>
      </trkpt>
      <trkpt lat="41.699106" lon="45.044491">
        <ele>641</ele>
        <time>2024-12-07T19:16:34.238000Z</time>
      </trkpt>
      <trkpt lat="41.699118" lon="45.044547">
        <ele>641.3</ele>
        <time>2024-12-07T19:16:35.046000Z</time>
      </trkpt>
      <trkpt lat="41.699132" lon="45.04461">
        <ele>641.6</ele>
        <time>2024-12-07T19:16:35.957000Z</time>
      </trkpt>
      <trkpt lat="41.699151" lon="45.044687">
        <ele>642</ele>
        <time>2024-12-07T19:16:37.081000Z</time>
      </trkpt>
      <trkpt lat="41.699163" lon="45.044754">
        <ele>642.4</ele>
        <time>2024-12-07T19:16:38.037000Z</time>
      </trkpt>
      <trkpt lat="41.699178" lon="45.044822">
        <ele>642.7</ele>
        <time>2024-12-07T19:16:39.019000Z</time>
      </trkpt>
      <trkpt lat="41.69919" lon="45.044882">
        <ele>643</ele>
        <time>2024-12-07T19:16:39.880000Z</time>
      </trkpt>
      <trkpt lat="41.699205" lon="45.044958">
        <ele>643.4</ele>
        <time>2024-12-07T19:16:40.969000Z</time>
      </trkpt>
      <trkpt lat="41.699217" lon="45.045029">
        <ele>643.7</ele>
        <time>2024-12-07T19:16:41.978000Z</time>
      </trkpt>
      <trkpt lat="41.699231" lon="45.045094">
        <ele>644.1</ele>
        <time>2024-12-07T19:16:42.916000Z</time>
      </trkpt>
      <trkpt lat="41.699243" lon="45.045162">
        <ele>644.4</ele>
        <time>2024-12-07T19:16:43.885000Z</time>
      </trkpt>
      <trkpt lat="41.699255" lon="45.045218">
        <ele>644.7</ele>
        <time>2024-12-07T19:16:44.692000Z</time>
      </trkpt>
      <trkpt lat="41.699273" lon="45.045297">
        <ele>645.1</ele>
        <time>2024-12-07T19:16:45.838000Z</time>
      </trkpt>
      <trkpt lat="41.699285" lon="45.045365">
        <ele>645.5</ele>
        <time>2024-12-07T19:16:46.806000Z</time>
      </trkpt>
      <trkpt lat="41.6993" lon="45.045433">
        <ele>645.8</ele>
        <time>2024-12-07T19:16:47.789000Z</time>
      </trkpt>
      <trkpt lat="41.699309" lon="45.045489">
        <ele>646.1</ele>
        <time>2024-12-07T19:16:48.582000Z</time>
      </trkpt>
      <trkpt lat="41.699323" lon="45.045565">
        <ele>646.4</ele>
        <time>2024-12-07T19:16:49.667000Z</time>
      </trkpt>
      <trkpt lat="41.699335" lon="45.045635">
        <ele>646.7</ele>
        <time>2024-12-07T19:16:50.662000Z</time>
      </trkpt>
      <trkpt lat="41.699347" lon="45.045701">
        <ele>647</ele>
        <time>2024-12-07T19:16:51.603000Z</time>
      </trkpt>
      <trkpt lat="41.699358" lon="45.045769">
        <ele>647.2</ele>
        <time>2024-12-07T19:16:52.567000Z</time>
      </trkpt>
      <trkpt lat="41.699369" lon="45.045824">
        <ele>647.4</ele>
        <time>2024-12-07T19:16:53.355000Z</time>
      </trkpt>
      <trkpt lat="41.699381" lon="45.0459">
        <ele>647.7</ele>
        <time>2024-12-07T19:16:54.431000Z</time>
      </trkpt>
      <trkpt lat="41.699389" lon="45.045971">
        <ele>647.9</ele>
        <time>2024-12-07T19:16:55.425000Z</time>
      </trkpt>
      <trkpt lat="41.6994" lon="45.046043">
        <ele>648.1</ele>
        <time>2024-12-07T19:16:56.443000Z</time>
      </trkpt>
      <trkpt lat="41.699408" lon="45.046109">
        <ele>648.3</ele>
        <time>2024-12-07T19:16:57.368000Z</time>
      </trkpt>
      <trkpt lat="41.699419" lon="45.046173">
        <ele>648.4</ele>
        <time>2024-12-07T19:16:58.278000Z</time>
      </trkpt>
      <trkpt lat="41.69943" lon="45.046235">
        <ele>648.6</ele>
        <time>2024-12-07T19:16:59.161000Z</time>
      </trkpt>
      <trkpt lat="41.699439" lon="45.046303">
        <ele>648.8</ele>
        <time>2024-12-07T19:17:00.116000Z</time>
      </trkpt>
      <trkpt lat="41.699446" lon="45.046375">
        <ele>648.9</ele>
        <time>2024-12-07T19:17:01.121000Z</time>
      </trkpt>
      <trkpt lat="41.699454" lon="45.046431">
        <ele>649</ele>
        <time>2024-12-07T19:17:01.910000Z</time>
      </trkpt>
      <trkpt lat="41.699465" lon="45.046497">
        <ele>649.1</ele>
        <time>2024-12-07T19:17:02.846000Z</time>
      </trkpt>
      <trkpt lat="41.699473" lon="45.046563">
        <ele>649.2</ele>
        <time>2024-12-07T19:17:03.772000Z</time>
      </trkpt>
      <trkpt lat="41.699481" lon="45.04664">
        <ele>649.4</ele>
        <time>2024-12-07T19:17:04.847000Z</time>
      </trkpt>
      <trkpt lat="41.699495" lon="45.046705">
        <ele>649.4</ele>
        <time>2024-12-07T19:17:05.784000Z</time>
      </trkpt>
      <trkpt lat="41.699504" lon="45.046772">
        <ele>649.5</ele>
        <time>2024-12-07T19:17:06.725000Z</time>
      </trkpt>
      <trkpt lat="41.699511" lon="45.046844">
        <ele>649.6</ele>
        <time>2024-12-07T19:17:07.730000Z</time>
      </trkpt>
      <trkpt lat="41.699519" lon="45.046913">
        <ele>649.6</ele>
        <time>2024-12-07T19:17:08.696000Z</time>
      </trkpt>
      <trkpt lat="41.699523" lon="45.046982">
        <ele>649.7</ele>
        <time>2024-12-07T19:17:09.655000Z</time>
      </trkpt>
      <trkpt lat="41.69953" lon="45.047047">
        <ele>649.7</ele>
        <time>2024-12-07T19:17:10.563000Z</time>
      </trkpt>
      <trkpt lat="41.699538" lon="45.047103">
        <ele>649.7</ele>
        <time>2024-12-07T19:17:11.352000Z</time>
      </trkpt>
      <trkpt lat="41.699546" lon="45.047178">
        <ele>649.8</ele>
        <time>2024-12-07T19:17:12.400000Z</time>
      </trkpt>
      <trkpt lat="41.699553" lon="45.047249">
        <ele>649.8</ele>
        <time>2024-12-07T19:17:13.391000Z</time>
      </trkpt>
      <trkpt lat="41.699558" lon="45.047315">
        <ele>649.9</ele>
        <time>2024-12-07T19:17:14.309000Z</time>
      </trkpt>
      <trkpt lat="41.699565" lon="45.04737">
        <ele>649.9</ele>
        <time>2024-12-07T19:17:15.082000Z</time>
      </trkpt>
      <trkpt lat="41.699572" lon="45.047449">
        <ele>649.9</ele>
        <time>2024-12-07T19:17:16.182000Z</time>
      </trkpt>
      <trkpt lat="41.699577" lon="45.047522">
        <ele>649.9</ele>
        <time>2024-12-07T19:17:17.196000Z</time>
      </trkpt>
      <trkpt lat="41.699581" lon="45.047592">
        <ele>650</ele>
        <time>2024-12-07T19:17:18.168000Z</time>
      </trkpt>
      <trkpt lat="41.699584" lon="45.047664">
        <ele>650</ele>
        <time>2024-12-07T19:17:19.166000Z</time>
      </trkpt>
      <trkpt lat="41.699588" lon="45.047736">
        <ele>650</ele>
        <time>2024-12-07T19:17:20.165000Z</time>
      </trkpt>
      <trkpt lat="41.699592" lon="45.047805">
        <ele>650.1</ele>
        <time>2024-12-07T19:17:21.122000Z</time>
      </trkpt>
      <trkpt lat="41.699596" lon="45.047877">
        <ele>650.1</ele>
        <time>2024-12-07T19:17:22.121000Z</time>
      </trkpt>
      <trkpt lat="41.6996" lon="45.04795">
        <ele>650.1</ele>
        <time>2024-12-07T19:17:23.134000Z</time>
      </trkpt>
      <trkpt lat="41.699603" lon="45.04801">
        <ele>650.1</ele>
        <time>2024-12-07T19:17:23.966000Z</time>
      </trkpt>
      <trkpt lat="41.699607" lon="45.048086">
        <ele>650.1</ele>
        <time>2024-12-07T19:17:25.021000Z</time>
      </trkpt>
      <trkpt lat="41.699611" lon="45.048153">
        <ele>650.1</ele>
        <time>2024-12-07T19:17:25.950000Z</time>
      </trkpt>
      <trkpt lat="41.699615" lon="45.048221">
        <ele>650.2</ele>
        <time>2024-12-07T19:17:26.894000Z</time>
      </trkpt>
      <trkpt lat="41.699622" lon="45.048289">
        <ele>650.2</ele>
        <time>2024-12-07T19:17:27.845000Z</time>
      </trkpt>
      <trkpt lat="41.699623" lon="45.048358">
        <ele>650.2</ele>
        <time>2024-12-07T19:17:28.799000Z</time>
      </trkpt>
      <trkpt lat="41.699629" lon="45.048429">
        <ele>650.2</ele>
        <time>2024-12-07T19:17:29.788000Z</time>
      </trkpt>
      <trkpt lat="41.699637" lon="45.048496">
        <ele>650.2</ele>
        <time>2024-12-07T19:17:30.726000Z</time>
      </trkpt>
      <trkpt lat="41.699638" lon="45.04856">
        <ele>650.3</ele>
        <time>2024-12-07T19:17:31.613000Z</time>
      </trkpt>
      <trkpt lat="41.699638" lon="45.048616">
        <ele>650.3</ele>
        <time>2024-12-07T19:17:32.387000Z</time>
      </trkpt>
      <trkpt lat="41.699641" lon="45.048691">
        <ele>650.3</ele>
        <time>2024-12-07T19:17:33.427000Z</time>
      </trkpt>
      <trkpt lat="41.699642" lon="45.048765">
        <ele>650.4</ele>
        <time>2024-12-07T19:17:34.451000Z</time>
      </trkpt>
      <trkpt lat="41.699642" lon="45.048835">
        <ele>650.4</ele>
        <time>2024-12-07T19:17:35.420000Z</time>
      </trkpt>
      <trkpt lat="41.699645" lon="45.048903">
        <ele>650.5</ele>
        <time>2024-12-07T19:17:36.362000Z</time>
      </trkpt>
      <trkpt lat="41.699649" lon="45.048972">
        <ele>650.5</ele>
        <time>2024-12-07T19:17:37.319000Z</time>
      </trkpt>
      <trkpt lat="41.69965" lon="45.049041">
        <ele>650.6</ele>
        <time>2024-12-07T19:17:38.274000Z</time>
      </trkpt>
      <trkpt lat="41.69965" lon="45.049109">
        <ele>650.6</ele>
        <time>2024-12-07T19:17:39.216000Z</time>
      </trkpt>
      <trkpt lat="41.69965" lon="45.049178">
        <ele>650.7</ele>
        <time>2024-12-07T19:17:40.171000Z</time>
      </trkpt>
      <trkpt lat="41.699647" lon="45.049247">
        <ele>650.8</ele>
        <time>2024-12-07T19:17:41.127000Z</time>
      </trkpt>
      <trkpt lat="41.699646" lon="45.049315">
        <ele>650.8</ele>
        <time>2024-12-07T19:17:42.068000Z</time>
      </trkpt>
      <trkpt lat="41.699646" lon="45.049381">
        <ele>650.9</ele>
        <time>2024-12-07T19:17:42.982000Z</time>
      </trkpt>
      <trkpt lat="41.699649" lon="45.049446">
        <ele>651</ele>
        <time>2024-12-07T19:17:43.882000Z</time>
      </trkpt>
      <trkpt lat="41.699648" lon="45.049508">
        <ele>651.1</ele>
        <time>2024-12-07T19:17:44.741000Z</time>
      </trkpt>
      <trkpt lat="41.699646" lon="45.04957">
        <ele>651.1</ele>
        <time>2024-12-07T19:17:45.600000Z</time>
      </trkpt>
      <trkpt lat="41.699646" lon="45.049645">
        <ele>651.3</ele>
        <time>2024-12-07T19:17:46.637000Z</time>
      </trkpt>
      <trkpt lat="41.699643" lon="45.049717">
        <ele>651.3</ele>
        <time>2024-12-07T19:17:47.635000Z</time>
      </trkpt>
      <trkpt lat="41.699639" lon="45.049789">
        <ele>651.5</ele>
        <time>2024-12-07T19:17:48.634000Z</time>
      </trkpt>
      <trkpt lat="41.699638" lon="45.049846">
        <ele>651.6</ele>
        <time>2024-12-07T19:17:49.423000Z</time>
      </trkpt>
      <trkpt lat="41.699635" lon="45.049924">
        <ele>651.7</ele>
        <time>2024-12-07T19:17:50.505000Z</time>
      </trkpt>
      <trkpt lat="41.699631" lon="45.049992">
        <ele>651.8</ele>
        <time>2024-12-07T19:17:51.448000Z</time>
      </trkpt>
      <trkpt lat="41.699624" lon="45.05006">
        <ele>651.9</ele>
        <time>2024-12-07T19:17:52.400000Z</time>
      </trkpt>
      <trkpt lat="41.699623" lon="45.050129">
        <ele>652</ele>
        <time>2024-12-07T19:17:53.354000Z</time>
      </trkpt>
      <trkpt lat="41.699623" lon="45.050188">
        <ele>652.1</ele>
        <time>2024-12-07T19:17:54.171000Z</time>
      </trkpt>
      <trkpt lat="41.699623" lon="45.050258">
        <ele>652.3</ele>
        <time>2024-12-07T19:17:55.140000Z</time>
      </trkpt>
      <trkpt lat="41.699623" lon="45.05033">
        <ele>652.3</ele>
        <time>2024-12-07T19:17:56.136000Z</time>
      </trkpt>
      <trkpt lat="41.69962" lon="45.050399">
        <ele>652.4</ele>
        <time>2024-12-07T19:17:57.092000Z</time>
      </trkpt>
      <trkpt lat="41.699616" lon="45.050459">
        <ele>652.5</ele>
        <time>2024-12-07T19:17:57.926000Z</time>
      </trkpt>
      <trkpt lat="41.699615" lon="45.050526">
        <ele>652.6</ele>
        <time>2024-12-07T19:17:58.853000Z</time>
      </trkpt>
      <trkpt lat="41.699612" lon="45.050594">
        <ele>652.7</ele>
        <time>2024-12-07T19:17:59.795000Z</time>
      </trkpt>
      <trkpt lat="41.699612" lon="45.050663">
        <ele>652.8</ele>
        <time>2024-12-07T19:18:00.751000Z</time>
      </trkpt>
      <trkpt lat="41.699605" lon="45.050732">
        <ele>652.8</ele>
        <time>2024-12-07T19:18:01.715000Z</time>
      </trkpt>
      <trkpt lat="41.699601" lon="45.050797">
        <ele>652.9</ele>
        <time>2024-12-07T19:18:02.617000Z</time>
      </trkpt>
      <trkpt lat="41.699594" lon="45.050865">
        <ele>653</ele>
        <time>2024-12-07T19:18:03.568000Z</time>
      </trkpt>
      <trkpt lat="41.699586" lon="45.050931">
        <ele>653</ele>
        <time>2024-12-07T19:18:04.492000Z</time>
      </trkpt>
      <trkpt lat="41.699579" lon="45.051002">
        <ele>653.1</ele>
        <time>2024-12-07T19:18:05.483000Z</time>
      </trkpt>
      <trkpt lat="41.699571" lon="45.051071">
        <ele>653.2</ele>
        <time>2024-12-07T19:18:06.449000Z</time>
      </trkpt>
      <trkpt lat="41.699563" lon="45.05114">
        <ele>653.2</ele>
        <time>2024-12-07T19:18:07.415000Z</time>
      </trkpt>
      <trkpt lat="41.699556" lon="45.051212">
        <ele>653.2</ele>
        <time>2024-12-07T19:18:08.420000Z</time>
      </trkpt>
      <trkpt lat="41.699548" lon="45.051281">
        <ele>653.3</ele>
        <time>2024-12-07T19:18:09.387000Z</time>
      </trkpt>
      <trkpt lat="41.699537" lon="45.051349">
        <ele>653.3</ele>
        <time>2024-12-07T19:18:10.350000Z</time>
      </trkpt>
      <trkpt lat="41.699529" lon="45.05143">
        <ele>653.3</ele>
        <time>2024-12-07T19:18:11.480000Z</time>
      </trkpt>
      <trkpt lat="41.699525" lon="45.051489">
        <ele>653.3</ele>
        <time>2024-12-07T19:18:12.300000Z</time>
      </trkpt>
      <trkpt lat="41.699521" lon="45.051555">
        <ele>653.3</ele>
        <time>2024-12-07T19:18:13.217000Z</time>
      </trkpt>
      <trkpt lat="41.699511" lon="45.051636">
        <ele>653.3</ele>
        <time>2024-12-07T19:18:14.352000Z</time>
      </trkpt>
      <trkpt lat="41.699502" lon="45.051698">
        <ele>653.3</ele>
        <time>2024-12-07T19:18:15.226000Z</time>
      </trkpt>
      <trkpt lat="41.699495" lon="45.051758">
        <ele>653.3</ele>
        <time>2024-12-07T19:18:16.066000Z</time>
      </trkpt>
      <trkpt lat="41.699484" lon="45.051838">
        <ele>653.3</ele>
        <time>2024-12-07T19:18:17.192000Z</time>
      </trkpt>
      <trkpt lat="41.699476" lon="45.0519">
        <ele>653.2</ele>
        <time>2024-12-07T19:18:18.063000Z</time>
      </trkpt>
      <trkpt lat="41.699468" lon="45.051964">
        <ele>653.2</ele>
        <time>2024-12-07T19:18:18.960000Z</time>
      </trkpt>
      <trkpt lat="41.699454" lon="45.052044">
        <ele>653.1</ele>
        <time>2024-12-07T19:18:20.098000Z</time>
      </trkpt>
      <trkpt lat="41.699445" lon="45.052116">
        <ele>653.1</ele>
        <time>2024-12-07T19:18:21.108000Z</time>
      </trkpt>
      <trkpt lat="41.699434" lon="45.052184">
        <ele>653</ele>
        <time>2024-12-07T19:18:22.071000Z</time>
      </trkpt>
      <trkpt lat="41.699429" lon="45.052244">
        <ele>653</ele>
        <time>2024-12-07T19:18:22.906000Z</time>
      </trkpt>
      <trkpt lat="41.699419" lon="45.05231">
        <ele>652.9</ele>
        <time>2024-12-07T19:18:23.838000Z</time>
      </trkpt>
      <trkpt lat="41.699414" lon="45.052376">
        <ele>652.8</ele>
        <time>2024-12-07T19:18:24.757000Z</time>
      </trkpt>
      <trkpt lat="41.699404" lon="45.052444">
        <ele>652.8</ele>
        <time>2024-12-07T19:18:25.716000Z</time>
      </trkpt>
      <trkpt lat="41.699389" lon="45.052512">
        <ele>652.7</ele>
        <time>2024-12-07T19:18:26.696000Z</time>
      </trkpt>
      <trkpt lat="41.699377" lon="45.052581">
        <ele>652.6</ele>
        <time>2024-12-07T19:18:27.677000Z</time>
      </trkpt>
      <trkpt lat="41.699366" lon="45.05265">
        <ele>652.5</ele>
        <time>2024-12-07T19:18:28.653000Z</time>
      </trkpt>
      <trkpt lat="41.699351" lon="45.052722">
        <ele>652.4</ele>
        <time>2024-12-07T19:18:29.687000Z</time>
      </trkpt>
      <trkpt lat="41.699336" lon="45.052803">
        <ele>652.3</ele>
        <time>2024-12-07T19:18:30.843000Z</time>
      </trkpt>
      <trkpt lat="41.699324" lon="45.052875">
        <ele>652.3</ele>
        <time>2024-12-07T19:18:31.864000Z</time>
      </trkpt>
      <trkpt lat="41.699312" lon="45.052934">
        <ele>652.2</ele>
        <time>2024-12-07T19:18:32.710000Z</time>
      </trkpt>
      <trkpt lat="41.699298" lon="45.053004">
        <ele>652.1</ele>
        <time>2024-12-07T19:18:33.713000Z</time>
      </trkpt>
      <trkpt lat="41.699282" lon="45.053076">
        <ele>652</ele>
        <time>2024-12-07T19:18:34.752000Z</time>
      </trkpt>
      <trkpt lat="41.699267" lon="45.053149">
        <ele>651.9</ele>
        <time>2024-12-07T19:18:35.800000Z</time>
      </trkpt>
      <trkpt lat="41.699249" lon="45.053234">
        <ele>651.8</ele>
        <time>2024-12-07T19:18:37.023000Z</time>
      </trkpt>
      <trkpt lat="41.699233" lon="45.053296">
        <ele>651.8</ele>
        <time>2024-12-07T19:18:37.931000Z</time>
      </trkpt>
      <trkpt lat="41.699218" lon="45.05336">
        <ele>651.7</ele>
        <time>2024-12-07T19:18:38.859000Z</time>
      </trkpt>
      <trkpt lat="41.699199" lon="45.053441">
        <ele>651.6</ele>
        <time>2024-12-07T19:18:40.033000Z</time>
      </trkpt>
      <trkpt lat="41.699186" lon="45.053502">
        <ele>651.5</ele>
        <time>2024-12-07T19:18:40.911000Z</time>
      </trkpt>
      <trkpt lat="41.699172" lon="45.053569">
        <ele>651.5</ele>
        <time>2024-12-07T19:18:41.874000Z</time>
      </trkpt>
      <trkpt lat="41.699157" lon="45.053637">
        <ele>651.4</ele>
        <time>2024-12-07T19:18:42.855000Z</time>
      </trkpt>
      <trkpt lat="41.699144" lon="45.053707">
        <ele>651.4</ele>
        <time>2024-12-07T19:18:43.854000Z</time>
      </trkpt>
      <trkpt lat="41.699127" lon="45.053775">
        <ele>651.3</ele>
        <time>2024-12-07T19:18:44.845000Z</time>
      </trkpt>
      <trkpt lat="41.699108" lon="45.05385">
        <ele>651.3</ele>
        <time>2024-12-07T19:18:45.942000Z</time>
      </trkpt>
      <trkpt lat="41.699089" lon="45.053923">
        <ele>651.3</ele>
        <time>2024-12-07T19:18:47.012000Z</time>
      </trkpt>
      <trkpt lat="41.699066" lon="45.053996">
        <ele>651.3</ele>
        <time>2024-12-07T19:18:48.108000Z</time>
      </trkpt>
      <trkpt lat="41.699047" lon="45.054068">
        <ele>651.3</ele>
        <time>2024-12-07T19:18:49.165000Z</time>
      </trkpt>
      <trkpt lat="41.699021" lon="45.054153">
        <ele>651.3</ele>
        <time>2024-12-07T19:18:50.435000Z</time>
      </trkpt>
      <trkpt lat="41.699004" lon="45.054219">
        <ele>651.3</ele>
        <time>2024-12-07T19:18:51.401000Z</time>
      </trkpt>
      <trkpt lat="41.698983" lon="45.054289">
        <ele>651.3</ele>
        <time>2024-12-07T19:18:52.445000Z</time>
      </trkpt>
      <trkpt lat="41.698963" lon="45.054365">
        <ele>651.3</ele>
        <time>2024-12-07T19:18:53.560000Z</time>
      </trkpt>
      <trkpt lat="41.698941" lon="45.054441">
        <ele>651.4</ele>
        <time>2024-12-07T19:18:54.688000Z</time>
      </trkpt>
      <trkpt lat="41.698914" lon="45.054527">
        <ele>651.4</ele>
        <time>2024-12-07T19:18:55.980000Z</time>
      </trkpt>
      <trkpt lat="41.698894" lon="45.054602">
        <ele>651.5</ele>
        <time>2024-12-07T19:18:57.081000Z</time>
      </trkpt>
      <trkpt lat="41.698875" lon="45.054665">
        <ele>651.5</ele>
        <time>2024-12-07T19:18:58.021000Z</time>
      </trkpt>
      <trkpt lat="41.698849" lon="45.054749">
        <ele>651.6</ele>
        <time>2024-12-07T19:18:59.280000Z</time>
      </trkpt>
      <trkpt lat="41.698835" lon="45.054811">
        <ele>651.7</ele>
        <time>2024-12-07T19:19:00.176000Z</time>
      </trkpt>
      <trkpt lat="41.698811" lon="45.054881">
        <ele>651.8</ele>
        <time>2024-12-07T19:19:01.240000Z</time>
      </trkpt>
      <trkpt lat="41.698788" lon="45.054957">
        <ele>651.8</ele>
        <time>2024-12-07T19:19:02.377000Z</time>
      </trkpt>
      <trkpt lat="41.698765" lon="45.055027">
        <ele>651.9</ele>
        <time>2024-12-07T19:19:03.435000Z</time>
      </trkpt>
      <trkpt lat="41.698742" lon="45.055101">
        <ele>652</ele>
        <time>2024-12-07T19:19:04.545000Z</time>
      </trkpt>
      <trkpt lat="41.698716" lon="45.055184">
        <ele>652.1</ele>
        <time>2024-12-07T19:19:05.789000Z</time>
      </trkpt>
      <trkpt lat="41.698696" lon="45.055249">
        <ele>652.2</ele>
        <time>2024-12-07T19:19:06.762000Z</time>
      </trkpt>
      <trkpt lat="41.698673" lon="45.05532">
        <ele>652.3</ele>
        <time>2024-12-07T19:19:07.833000Z</time>
      </trkpt>
      <trkpt lat="41.698647" lon="45.055395">
        <ele>652.4</ele>
        <time>2024-12-07T19:19:08.979000Z</time>
      </trkpt>
      <trkpt lat="41.698624" lon="45.055468">
        <ele>652.5</ele>
        <time>2024-12-07T19:19:10.075000Z</time>
      </trkpt>
      <trkpt lat="41.698601" lon="45.055544">
        <ele>652.6</ele>
        <time>2024-12-07T19:19:11.209000Z</time>
      </trkpt>
      <trkpt lat="41.698575" lon="45.055623">
        <ele>652.7</ele>
        <time>2024-12-07T19:19:12.405000Z</time>
      </trkpt>
      <trkpt lat="41.698552" lon="45.055702">
        <ele>652.9</ele>
        <time>2024-12-07T19:19:13.578000Z</time>
      </trkpt>
      <trkpt lat="41.698532" lon="45.055782">
        <ele>653</ele>
        <time>2024-12-07T19:19:14.746000Z</time>
      </trkpt>
      <trkpt lat="41.69851" lon="45.055862">
        <ele>653.1</ele>
        <time>2024-12-07T19:19:15.925000Z</time>
      </trkpt>
      <trkpt lat="41.698484" lon="45.055959">
        <ele>653.3</ele>
        <time>2024-12-07T19:19:17.351000Z</time>
      </trkpt>
      <trkpt lat="41.698463" lon="45.056034">
        <ele>653.4</ele>
        <time>2024-12-07T19:19:18.459000Z</time>
      </trkpt>
      <trkpt lat="41.698441" lon="45.056118">
        <ele>653.6</ele>
        <time>2024-12-07T19:19:19.691000Z</time>
      </trkpt>
      <trkpt lat="41.698412" lon="45.056223">
        <ele>653.7</ele>
        <time>2024-12-07T19:19:21.242000Z</time>
      </trkpt>
      <trkpt lat="41.698391" lon="45.056306">
        <ele>653.9</ele>
        <time>2024-12-07T19:19:22.454000Z</time>
      </trkpt>
      <trkpt lat="41.698362" lon="45.056394">
        <ele>654</ele>
        <time>2024-12-07T19:19:23.786000Z</time>
      </trkpt>
      <trkpt lat="41.698332" lon="45.056486">
        <ele>654.2</ele>
        <time>2024-12-07T19:19:25.176000Z</time>
      </trkpt>
      <trkpt lat="41.698295" lon="45.056594">
        <ele>654.4</ele>
        <time>2024-12-07T19:19:26.819000Z</time>
      </trkpt>
      <trkpt lat="41.698266" lon="45.056677">
        <ele>654.5</ele>
        <time>2024-12-07T19:19:28.087000Z</time>
      </trkpt>
      <trkpt lat="41.69823" lon="45.05678">
        <ele>654.7</ele>
        <time>2024-12-07T19:19:29.662000Z</time>
      </trkpt>
      <trkpt lat="41.698202" lon="45.056859">
        <ele>654.8</ele>
        <time>2024-12-07T19:19:30.873000Z</time>
      </trkpt>
      <trkpt lat="41.698169" lon="45.056947">
        <ele>654.9</ele>
        <time>2024-12-07T19:19:32.235000Z</time>
      </trkpt>
      <trkpt lat="41.698131" lon="45.057055">
        <ele>655.1</ele>
        <time>2024-12-07T19:19:33.887000Z</time>
      </trkpt>
      <trkpt lat="41.698099" lon="45.057149">
        <ele>655.2</ele>
        <time>2024-12-07T19:19:35.318000Z</time>
      </trkpt>
      <trkpt lat="41.698072" lon="45.057225">
        <ele>655.3</ele>
        <time>2024-12-07T19:19:36.481000Z</time>
      </trkpt>
      <trkpt lat="41.698039" lon="45.05731">
        <ele>655.4</ele>
        <time>2024-12-07T19:19:37.807000Z</time>
      </trkpt>
      <trkpt lat="41.697999" lon="45.057416">
        <ele>655.6</ele>
        <time>2024-12-07T19:19:39.450000Z</time>
      </trkpt>
      <trkpt lat="41.697969" lon="45.057496">
        <ele>655.6</ele>
        <time>2024-12-07T19:19:40.690000Z</time>
      </trkpt>
      <trkpt lat="41.697939" lon="45.057587">
        <ele>655.8</ele>
        <time>2024-12-07T19:19:42.066000Z</time>
      </trkpt>
      <trkpt lat="41.697902" lon="45.057679">
        <ele>655.8</ele>
        <time>2024-12-07T19:19:43.512000Z</time>
      </trkpt>
      <trkpt lat="41.697868" lon="45.05777">
        <ele>655.9</ele>
        <time>2024-12-07T19:19:44.921000Z</time>
      </trkpt>
      <trkpt lat="41.697833" lon="45.057863">
        <ele>656</ele>
        <time>2024-12-07T19:19:46.362000Z</time>
      </trkpt>
      <trkpt lat="41.697796" lon="45.057973">
        <ele>656.1</ele>
        <time>2024-12-07T19:19:48.030000Z</time>
      </trkpt>
      <trkpt lat="41.697767" lon="45.058053">
        <ele>656.2</ele>
        <time>2024-12-07T19:19:49.262000Z</time>
      </trkpt>
      <trkpt lat="41.697737" lon="45.05814">
        <ele>656.3</ele>
        <time>2024-12-07T19:19:50.588000Z</time>
      </trkpt>
      <trkpt lat="41.697703" lon="45.058251">
        <ele>656.3</ele>
        <time>2024-12-07T19:19:52.248000Z</time>
      </trkpt>
      <trkpt lat="41.697675" lon="45.058335">
        <ele>656.4</ele>
        <time>2024-12-07T19:19:53.521000Z</time>
      </trkpt>
      <trkpt lat="41.697645" lon="45.058426">
        <ele>656.4</ele>
        <time>2024-12-07T19:19:54.898000Z</time>
      </trkpt>
      <trkpt lat="41.697615" lon="45.058522">
        <ele>656.5</ele>
        <time>2024-12-07T19:19:56.338000Z</time>
      </trkpt>
      <trkpt lat="41.697581" lon="45.058617">
        <ele>656.5</ele>
        <time>2024-12-07T19:19:57.797000Z</time>
      </trkpt>
      <trkpt lat="41.697547" lon="45.05871">
        <ele>656.5</ele>
        <time>2024-12-07T19:19:59.228000Z</time>
      </trkpt>
      <trkpt lat="41.69751" lon="45.058819">
        <ele>656.5</ele>
        <time>2024-12-07T19:20:00.886000Z</time>
      </trkpt>
      <trkpt lat="41.697484" lon="45.058903">
        <ele>656.5</ele>
        <time>2024-12-07T19:20:02.144000Z</time>
      </trkpt>
      <trkpt lat="41.697458" lon="45.058991">
        <ele>656.5</ele>
        <time>2024-12-07T19:20:03.454000Z</time>
      </trkpt>
      <trkpt lat="41.697425" lon="45.059104">
        <ele>656.4</ele>
        <time>2024-12-07T19:20:05.133000Z</time>
      </trkpt>
      <trkpt lat="41.6974" lon="45.059195">
        <ele>656.4</ele>
        <time>2024-12-07T19:20:06.474000Z</time>
      </trkpt>
      <trkpt lat="41.697371" lon="45.059292">
        <ele>656.4</ele>
        <time>2024-12-07T19:20:07.920000Z</time>
      </trkpt>
      <trkpt lat="41.697334" lon="45.059394">
        <ele>656.3</ele>
        <time>2024-12-07T19:20:09.490000Z</time>
      </trkpt>
      <trkpt lat="41.697302" lon="45.059496">
        <ele>656.3</ele>
        <time>2024-12-07T19:20:11.020000Z</time>
      </trkpt>
      <trkpt lat="41.697263" lon="45.059615">
        <ele>656.2</ele>
        <time>2024-12-07T19:20:12.819000Z</time>
      </trkpt>
      <trkpt lat="41.697224" lon="45.059725">
        <ele>656.1</ele>
        <time>2024-12-07T19:20:14.503000Z</time>
      </trkpt>
      <trkpt lat="41.697185" lon="45.059829">
        <ele>656</ele>
        <time>2024-12-07T19:20:16.114000Z</time>
      </trkpt>
      <trkpt lat="41.697156" lon="45.059916">
        <ele>655.9</ele>
        <time>2024-12-07T19:20:17.432000Z</time>
      </trkpt>
      <trkpt lat="41.697114" lon="45.060034">
        <ele>655.8</ele>
        <time>2024-12-07T19:20:19.242000Z</time>
      </trkpt>
      <trkpt lat="41.697081" lon="45.060142">
        <ele>655.6</ele>
        <time>2024-12-07T19:20:20.856000Z</time>
      </trkpt>
      <trkpt lat="41.697053" lon="45.060229">
        <ele>655.6</ele>
        <time>2024-12-07T19:20:22.167000Z</time>
      </trkpt>
      <trkpt lat="41.697017" lon="45.060347">
        <ele>655.4</ele>
        <time>2024-12-07T19:20:23.932000Z</time>
      </trkpt>
      <trkpt lat="41.696989" lon="45.060436">
        <ele>655.3</ele>
        <time>2024-12-07T19:20:25.269000Z</time>
      </trkpt>
      <trkpt lat="41.696953" lon="45.060537">
        <ele>655.2</ele>
        <time>2024-12-07T19:20:26.816000Z</time>
      </trkpt>
      <trkpt lat="41.696912" lon="45.060655">
        <ele>655.1</ele>
        <time>2024-12-07T19:20:28.618000Z</time>
      </trkpt>
      <trkpt lat="41.696882" lon="45.060748">
        <ele>655</ele>
        <time>2024-12-07T19:20:30.020000Z</time>
      </trkpt>
      <trkpt lat="41.696846" lon="45.060846">
        <ele>654.9</ele>
        <time>2024-12-07T19:20:31.532000Z</time>
      </trkpt>
      <trkpt lat="41.696808" lon="45.060965">
        <ele>654.7</ele>
        <time>2024-12-07T19:20:33.322000Z</time>
      </trkpt>
      <trkpt lat="41.696773" lon="45.061056">
        <ele>654.7</ele>
        <time>2024-12-07T19:20:34.740000Z</time>
      </trkpt>
      <trkpt lat="41.696592" lon="45.060942">
        <ele>654.4</ele>
        <time>2024-12-07T19:20:38.446000Z</time>
      </trkpt>
      <trkpt lat="41.696592" lon="45.060942">
        <ele>654.4</ele>
        <time>2024-12-07T19:20:38.451000Z</time>
      </trkpt>
      <trkpt lat="41.695976" lon="45.062699">
        <ele>655.3</ele>
        <time>2024-12-07T19:21:35.458000Z</time>
      </trkpt>
      <trkpt lat="41.695976" lon="45.062699">
        <ele>655.3</ele>
        <time>2024-12-07T19:21:35.472000Z</time>
      </trkpt>
      <trkpt lat="41.696147" lon="45.062806">
        <ele>655.6</ele>
        <time>2024-12-07T19:21:38.970000Z</time>
      </trkpt>
      <trkpt lat="41.696118" lon="45.062895">
        <ele>655.7</ele>
        <time>2024-12-07T19:21:40.314000Z</time>
      </trkpt>
      <trkpt lat="41.696085" lon="45.062994">
        <ele>655.8</ele>
        <time>2024-12-07T19:21:41.815000Z</time>
      </trkpt>
      <trkpt lat="41.696048" lon="45.063097">
        <ele>655.9</ele>
        <time>2024-12-07T19:21:43.396000Z</time>
      </trkpt>
      <trkpt lat="41.696013" lon="45.063203">
        <ele>656.1</ele>
        <time>2024-12-07T19:21:45.001000Z</time>
      </trkpt>
      <trkpt lat="41.695978" lon="45.063306">
        <ele>656.1</ele>
        <time>2024-12-07T19:21:46.566000Z</time>
      </trkpt>
      <trkpt lat="41.695934" lon="45.063428">
        <ele>656.3</ele>
        <time>2024-12-07T19:21:48.441000Z</time>
      </trkpt>
      <trkpt lat="41.695905" lon="45.063519">
        <ele>656.4</ele>
        <time>2024-12-07T19:21:49.811000Z</time>
      </trkpt>
      <trkpt lat="41.695872" lon="45.063619">
        <ele>656.5</ele>
        <time>2024-12-07T19:21:51.324000Z</time>
      </trkpt>
      <trkpt lat="41.695837" lon="45.063726">
        <ele>656.6</ele>
        <time>2024-12-07T19:21:52.940000Z</time>
      </trkpt>
      <trkpt lat="41.695803" lon="45.063829">
        <ele>656.7</ele>
        <time>2024-12-07T19:21:54.499000Z</time>
      </trkpt>
      <trkpt lat="41.695769" lon="45.063935">
        <ele>656.8</ele>
        <time>2024-12-07T19:21:56.096000Z</time>
      </trkpt>
      <trkpt lat="41.695734" lon="45.064042">
        <ele>656.9</ele>
        <time>2024-12-07T19:21:57.711000Z</time>
      </trkpt>
      <trkpt lat="41.6957" lon="45.064146">
        <ele>656.9</ele>
        <time>2024-12-07T19:21:59.283000Z</time>
      </trkpt>
      <trkpt lat="41.695666" lon="45.064248">
        <ele>656.9</ele>
        <time>2024-12-07T19:22:00.829000Z</time>
      </trkpt>
      <trkpt lat="41.695625" lon="45.064367">
        <ele>656.9</ele>
        <time>2024-12-07T19:22:02.643000Z</time>
      </trkpt>
      <trkpt lat="41.695596" lon="45.064454">
        <ele>656.9</ele>
        <time>2024-12-07T19:22:03.961000Z</time>
      </trkpt>
      <trkpt lat="41.695563" lon="45.064553">
        <ele>656.9</ele>
        <time>2024-12-07T19:22:05.462000Z</time>
      </trkpt>
      <trkpt lat="41.695525" lon="45.064672">
        <ele>656.9</ele>
        <time>2024-12-07T19:22:07.253000Z</time>
      </trkpt>
      <trkpt lat="41.695493" lon="45.064762">
        <ele>656.9</ele>
        <time>2024-12-07T19:22:08.631000Z</time>
      </trkpt>
      <trkpt lat="41.695456" lon="45.064863">
        <ele>656.9</ele>
        <time>2024-12-07T19:22:10.188000Z</time>
      </trkpt>
      <trkpt lat="41.695418" lon="45.064965">
        <ele>657</ele>
        <time>2024-12-07T19:22:11.765000Z</time>
      </trkpt>
      <trkpt lat="41.695383" lon="45.065068">
        <ele>657</ele>
        <time>2024-12-07T19:22:13.332000Z</time>
      </trkpt>
      <trkpt lat="41.695349" lon="45.065168">
        <ele>657</ele>
        <time>2024-12-07T19:22:14.852000Z</time>
      </trkpt>
      <trkpt lat="41.695308" lon="45.065283">
        <ele>657</ele>
        <time>2024-12-07T19:22:16.616000Z</time>
      </trkpt>
      <trkpt lat="41.695279" lon="45.06537">
        <ele>657</ele>
        <time>2024-12-07T19:22:17.934000Z</time>
      </trkpt>
      <trkpt lat="41.695246" lon="45.065469">
        <ele>657</ele>
        <time>2024-12-07T19:22:19.434000Z</time>
      </trkpt>
      <trkpt lat="41.695206" lon="45.06559">
        <ele>657</ele>
        <time>2024-12-07T19:22:21.266000Z</time>
      </trkpt>
      <trkpt lat="41.69517" lon="45.065701">
        <ele>657.1</ele>
        <time>2024-12-07T19:22:22.940000Z</time>
      </trkpt>
      <trkpt lat="41.695142" lon="45.065792">
        <ele>657.1</ele>
        <time>2024-12-07T19:22:24.302000Z</time>
      </trkpt>
      <trkpt lat="41.695109" lon="45.065892">
        <ele>657.1</ele>
        <time>2024-12-07T19:22:25.815000Z</time>
      </trkpt>
      <trkpt lat="41.695071" lon="45.065996">
        <ele>657.2</ele>
        <time>2024-12-07T19:22:27.417000Z</time>
      </trkpt>
      <trkpt lat="41.695036" lon="45.066102">
        <ele>657.2</ele>
        <time>2024-12-07T19:22:29.021000Z</time>
      </trkpt>
      <trkpt lat="41.694999" lon="45.066205">
        <ele>657.2</ele>
        <time>2024-12-07T19:22:30.603000Z</time>
      </trkpt>
      <trkpt lat="41.694964" lon="45.06631">
        <ele>657.3</ele>
        <time>2024-12-07T19:22:32.195000Z</time>
      </trkpt>
      <trkpt lat="41.694929" lon="45.066415">
        <ele>657.3</ele>
        <time>2024-12-07T19:22:33.785000Z</time>
      </trkpt>
      <trkpt lat="41.694886" lon="45.066537">
        <ele>657.4</ele>
        <time>2024-12-07T19:22:35.652000Z</time>
      </trkpt>
      <trkpt lat="41.694853" lon="45.066628">
        <ele>657.4</ele>
        <time>2024-12-07T19:22:37.053000Z</time>
      </trkpt>
      <trkpt lat="41.694819" lon="45.066731">
        <ele>657.5</ele>
        <time>2024-12-07T19:22:38.610000Z</time>
      </trkpt>
      <trkpt lat="41.694785" lon="45.066834">
        <ele>657.6</ele>
        <time>2024-12-07T19:22:40.169000Z</time>
      </trkpt>
      <trkpt lat="41.694747" lon="45.066941">
        <ele>657.7</ele>
        <time>2024-12-07T19:22:41.809000Z</time>
      </trkpt>
      <trkpt lat="41.694712" lon="45.067045">
        <ele>657.7</ele>
        <time>2024-12-07T19:22:43.388000Z</time>
      </trkpt>
      <trkpt lat="41.694671" lon="45.067164">
        <ele>657.9</ele>
        <time>2024-12-07T19:22:45.201000Z</time>
      </trkpt>
      <trkpt lat="41.694642" lon="45.067253">
        <ele>658</ele>
        <time>2024-12-07T19:22:46.545000Z</time>
      </trkpt>
      <trkpt lat="41.694609" lon="45.067353">
        <ele>658.1</ele>
        <time>2024-12-07T19:22:48.058000Z</time>
      </trkpt>
      <trkpt lat="41.694571" lon="45.067457">
        <ele>658.2</ele>
        <time>2024-12-07T19:22:49.661000Z</time>
      </trkpt>
      <trkpt lat="41.69453" lon="45.067575">
        <ele>658.3</ele>
        <time>2024-12-07T19:22:51.462000Z</time>
      </trkpt>
      <trkpt lat="41.694498" lon="45.067665">
        <ele>658.4</ele>
        <time>2024-12-07T19:22:52.840000Z</time>
      </trkpt>
      <trkpt lat="41.694464" lon="45.067765">
        <ele>658.5</ele>
        <time>2024-12-07T19:22:54.361000Z</time>
      </trkpt>
      <trkpt lat="41.694423" lon="45.067885">
        <ele>658.7</ele>
        <time>2024-12-07T19:22:56.188000Z</time>
      </trkpt>
      <trkpt lat="41.694391" lon="45.067972">
        <ele>658.8</ele>
        <time>2024-12-07T19:22:57.530000Z</time>
      </trkpt>
      <trkpt lat="41.69436" lon="45.068071">
        <ele>658.9</ele>
        <time>2024-12-07T19:22:59.016000Z</time>
      </trkpt>
      <trkpt lat="41.694326" lon="45.068168">
        <ele>659.1</ele>
        <time>2024-12-07T19:23:00.499000Z</time>
      </trkpt>
      <trkpt lat="41.694292" lon="45.068266">
        <ele>659.2</ele>
        <time>2024-12-07T19:23:01.995000Z</time>
      </trkpt>
      <trkpt lat="41.694258" lon="45.068362">
        <ele>659.4</ele>
        <time>2024-12-07T19:23:03.465000Z</time>
      </trkpt>
      <trkpt lat="41.694224" lon="45.068457">
        <ele>659.5</ele>
        <time>2024-12-07T19:23:04.923000Z</time>
      </trkpt>
      <trkpt lat="41.694186" lon="45.068572">
        <ele>659.7</ele>
        <time>2024-12-07T19:23:06.664000Z</time>
      </trkpt>
      <trkpt lat="41.694161" lon="45.068655">
        <ele>659.9</ele>
        <time>2024-12-07T19:23:07.903000Z</time>
      </trkpt>
      <trkpt lat="41.694128" lon="45.068747">
        <ele>660</ele>
        <time>2024-12-07T19:23:09.315000Z</time>
      </trkpt>
      <trkpt lat="41.694094" lon="45.068843">
        <ele>660.2</ele>
        <time>2024-12-07T19:23:10.785000Z</time>
      </trkpt>
      <trkpt lat="41.694063" lon="45.068938">
        <ele>660.4</ele>
        <time>2024-12-07T19:23:12.221000Z</time>
      </trkpt>
      <trkpt lat="41.694029" lon="45.06903">
        <ele>660.6</ele>
        <time>2024-12-07T19:23:13.641000Z</time>
      </trkpt>
      <trkpt lat="41.693998" lon="45.069122">
        <ele>660.8</ele>
        <time>2024-12-07T19:23:15.039000Z</time>
      </trkpt>
      <trkpt lat="41.693967" lon="45.069214">
        <ele>661</ele>
        <time>2024-12-07T19:23:16.437000Z</time>
      </trkpt>
      <trkpt lat="41.693931" lon="45.069321">
        <ele>661.2</ele>
        <time>2024-12-07T19:23:18.060000Z</time>
      </trkpt>
      <trkpt lat="41.693905" lon="45.069397">
        <ele>661.4</ele>
        <time>2024-12-07T19:23:19.218000Z</time>
      </trkpt>
      <trkpt lat="41.693876" lon="45.069485">
        <ele>661.6</ele>
        <time>2024-12-07T19:23:20.549000Z</time>
      </trkpt>
      <trkpt lat="41.693845" lon="45.069576">
        <ele>661.7</ele>
        <time>2024-12-07T19:23:21.934000Z</time>
      </trkpt>
      <trkpt lat="41.693818" lon="45.069661">
        <ele>661.9</ele>
        <time>2024-12-07T19:23:23.213000Z</time>
      </trkpt>
      <trkpt lat="41.693788" lon="45.069764">
        <ele>662</ele>
        <time>2024-12-07T19:23:24.742000Z</time>
      </trkpt>
      <trkpt lat="41.693764" lon="45.069839">
        <ele>662.1</ele>
        <time>2024-12-07T19:23:25.871000Z</time>
      </trkpt>
      <trkpt lat="41.693735" lon="45.069927">
        <ele>662.3</ele>
        <time>2024-12-07T19:23:27.203000Z</time>
      </trkpt>
      <trkpt lat="41.693704" lon="45.070015">
        <ele>662.4</ele>
        <time>2024-12-07T19:23:28.550000Z</time>
      </trkpt>
      <trkpt lat="41.693674" lon="45.070103">
        <ele>662.6</ele>
        <time>2024-12-07T19:23:29.889000Z</time>
      </trkpt>
      <trkpt lat="41.693643" lon="45.070191">
        <ele>662.7</ele>
        <time>2024-12-07T19:23:31.236000Z</time>
      </trkpt>
      <trkpt lat="41.693613" lon="45.070278">
        <ele>662.8</ele>
        <time>2024-12-07T19:23:32.562000Z</time>
      </trkpt>
      <trkpt lat="41.693582" lon="45.070363">
        <ele>663</ele>
        <time>2024-12-07T19:23:33.871000Z</time>
      </trkpt>
      <trkpt lat="41.693552" lon="45.070447">
        <ele>663.1</ele>
        <time>2024-12-07T19:23:35.160000Z</time>
      </trkpt>
      <trkpt lat="41.693524" lon="45.070531">
        <ele>663.2</ele>
        <time>2024-12-07T19:23:36.433000Z</time>
      </trkpt>
      <trkpt lat="41.693494" lon="45.070614">
        <ele>663.4</ele>
        <time>2024-12-07T19:23:37.709000Z</time>
      </trkpt>
      <trkpt lat="41.693467" lon="45.070698">
        <ele>663.6</ele>
        <time>2024-12-07T19:23:38.975000Z</time>
      </trkpt>
      <trkpt lat="41.693437" lon="45.070779">
        <ele>663.7</ele>
        <time>2024-12-07T19:23:40.227000Z</time>
      </trkpt>
      <trkpt lat="41.693407" lon="45.070863">
        <ele>663.9</ele>
        <time>2024-12-07T19:23:41.516000Z</time>
      </trkpt>
      <trkpt lat="41.693379" lon="45.070947">
        <ele>664</ele>
        <time>2024-12-07T19:23:42.789000Z</time>
      </trkpt>
      <trkpt lat="41.693349" lon="45.071031">
        <ele>664.2</ele>
        <time>2024-12-07T19:23:44.077000Z</time>
      </trkpt>
      <trkpt lat="41.693319" lon="45.071111">
        <ele>664.3</ele>
        <time>2024-12-07T19:23:45.316000Z</time>
      </trkpt>
      <trkpt lat="41.693292" lon="45.071195">
        <ele>664.4</ele>
        <time>2024-12-07T19:23:46.582000Z</time>
      </trkpt>
      <trkpt lat="41.693258" lon="45.071291">
        <ele>664.6</ele>
        <time>2024-12-07T19:23:48.052000Z</time>
      </trkpt>
      <trkpt lat="41.693237" lon="45.071361">
        <ele>664.7</ele>
        <time>2024-12-07T19:23:49.096000Z</time>
      </trkpt>
      <trkpt lat="41.693208" lon="45.071442">
        <ele>664.8</ele>
        <time>2024-12-07T19:23:50.340000Z</time>
      </trkpt>
      <trkpt lat="41.693178" lon="45.071522">
        <ele>664.9</ele>
        <time>2024-12-07T19:23:51.579000Z</time>
      </trkpt>
      <trkpt lat="41.693147" lon="45.071606">
        <ele>665</ele>
        <time>2024-12-07T19:23:52.876000Z</time>
      </trkpt>
      <trkpt lat="41.69312" lon="45.071687">
        <ele>665.1</ele>
        <time>2024-12-07T19:23:54.104000Z</time>
      </trkpt>
      <trkpt lat="41.693093" lon="45.071768">
        <ele>665.2</ele>
        <time>2024-12-07T19:23:55.331000Z</time>
      </trkpt>
      <trkpt lat="41.693063" lon="45.071847">
        <ele>665.2</ele>
        <time>2024-12-07T19:23:56.558000Z</time>
      </trkpt>
      <trkpt lat="41.693033" lon="45.071928">
        <ele>665.3</ele>
        <time>2024-12-07T19:23:57.809000Z</time>
      </trkpt>
      <trkpt lat="41.692999" lon="45.072011">
        <ele>665.3</ele>
        <time>2024-12-07T19:23:59.118000Z</time>
      </trkpt>
      <trkpt lat="41.692971" lon="45.072089">
        <ele>665.3</ele>
        <time>2024-12-07T19:24:00.316000Z</time>
      </trkpt>
      <trkpt lat="41.692944" lon="45.072168">
        <ele>665.3</ele>
        <time>2024-12-07T19:24:01.518000Z</time>
      </trkpt>
      <trkpt lat="41.692908" lon="45.072257">
        <ele>665.4</ele>
        <time>2024-12-07T19:24:02.920000Z</time>
      </trkpt>
      <trkpt lat="41.692883" lon="45.072324">
        <ele>665.5</ele>
        <time>2024-12-07T19:24:03.956000Z</time>
      </trkpt>
      <trkpt lat="41.692854" lon="45.072397">
        <ele>665.6</ele>
        <time>2024-12-07T19:24:05.100000Z</time>
      </trkpt>
      <trkpt lat="41.692823" lon="45.072474">
        <ele>665.8</ele>
        <time>2024-12-07T19:24:06.311000Z</time>
      </trkpt>
      <trkpt lat="41.692792" lon="45.072553">
        <ele>666</ele>
        <time>2024-12-07T19:24:07.548000Z</time>
      </trkpt>
      <trkpt lat="41.692762" lon="45.072634">
        <ele>666.2</ele>
        <time>2024-12-07T19:24:08.799000Z</time>
      </trkpt>
      <trkpt lat="41.692731" lon="45.07271">
        <ele>666.4</ele>
        <time>2024-12-07T19:24:09.998000Z</time>
      </trkpt>
      <trkpt lat="41.692698" lon="45.072787">
        <ele>666.6</ele>
        <time>2024-12-07T19:24:11.226000Z</time>
      </trkpt>
      <trkpt lat="41.69267" lon="45.07286">
        <ele>666.9</ele>
        <time>2024-12-07T19:24:12.363000Z</time>
      </trkpt>
      <trkpt lat="41.69263" lon="45.072945">
        <ele>667.2</ele>
        <time>2024-12-07T19:24:13.755000Z</time>
      </trkpt>
      <trkpt lat="41.692601" lon="45.07301">
        <ele>667.5</ele>
        <time>2024-12-07T19:24:14.804000Z</time>
      </trkpt>
      <trkpt lat="41.692571" lon="45.073084">
        <ele>667.8</ele>
        <time>2024-12-07T19:24:15.970000Z</time>
      </trkpt>
      <trkpt lat="41.692537" lon="45.07316">
        <ele>668.1</ele>
        <time>2024-12-07T19:24:17.197000Z</time>
      </trkpt>
      <trkpt lat="41.6925" lon="45.073236">
        <ele>668.4</ele>
        <time>2024-12-07T19:24:18.454000Z</time>
      </trkpt>
      <trkpt lat="41.692468" lon="45.07331">
        <ele>668.8</ele>
        <time>2024-12-07T19:24:19.639000Z</time>
      </trkpt>
      <trkpt lat="41.692425" lon="45.073395">
        <ele>669.1</ele>
        <time>2024-12-07T19:24:21.061000Z</time>
      </trkpt>
      <trkpt lat="41.692392" lon="45.073457">
        <ele>669.5</ele>
        <time>2024-12-07T19:24:22.116000Z</time>
      </trkpt>
      <trkpt lat="41.692358" lon="45.07353">
        <ele>669.8</ele>
        <time>2024-12-07T19:24:23.308000Z</time>
      </trkpt>
      <trkpt lat="41.692324" lon="45.073604">
        <ele>670.2</ele>
        <time>2024-12-07T19:24:24.511000Z</time>
      </trkpt>
      <trkpt lat="41.69229" lon="45.073676">
        <ele>670.5</ele>
        <time>2024-12-07T19:24:25.692000Z</time>
      </trkpt>
      <trkpt lat="41.692249" lon="45.073758">
        <ele>671</ele>
        <time>2024-12-07T19:24:27.060000Z</time>
      </trkpt>
      <trkpt lat="41.69222" lon="45.073817">
        <ele>671.3</ele>
        <time>2024-12-07T19:24:28.039000Z</time>
      </trkpt>
      <trkpt lat="41.692184" lon="45.073882">
        <ele>671.6</ele>
        <time>2024-12-07T19:24:29.161000Z</time>
      </trkpt>
      <trkpt lat="41.692139" lon="45.073964">
        <ele>672.1</ele>
        <time>2024-12-07T19:24:30.570000Z</time>
      </trkpt>
      <trkpt lat="41.692109" lon="45.074023">
        <ele>672.4</ele>
        <time>2024-12-07T19:24:31.559000Z</time>
      </trkpt>
      <trkpt lat="41.692073" lon="45.074089">
        <ele>672.8</ele>
        <time>2024-12-07T19:24:32.693000Z</time>
      </trkpt>
      <trkpt lat="41.692034" lon="45.074158">
        <ele>673.2</ele>
        <time>2024-12-07T19:24:33.892000Z</time>
      </trkpt>
      <trkpt lat="41.691993" lon="45.074229">
        <ele>673.6</ele>
        <time>2024-12-07T19:24:35.136000Z</time>
      </trkpt>
      <trkpt lat="41.691948" lon="45.074308">
        <ele>674.1</ele>
        <time>2024-12-07T19:24:36.513000Z</time>
      </trkpt>
      <trkpt lat="41.691909" lon="45.074375">
        <ele>674.5</ele>
        <time>2024-12-07T19:24:37.691000Z</time>
      </trkpt>
      <trkpt lat="41.691877" lon="45.074431">
        <ele>674.9</ele>
        <time>2024-12-07T19:24:38.669000Z</time>
      </trkpt>
      <trkpt lat="41.691831" lon="45.074506">
        <ele>675.4</ele>
        <time>2024-12-07T19:24:40.015000Z</time>
      </trkpt>
      <trkpt lat="41.6918" lon="45.074564">
        <ele>675.7</ele>
        <time>2024-12-07T19:24:41.004000Z</time>
      </trkpt>
      <trkpt lat="41.691764" lon="45.074627">
        <ele>676.1</ele>
        <time>2024-12-07T19:24:42.103000Z</time>
      </trkpt>
      <trkpt lat="41.691726" lon="45.074692">
        <ele>676.5</ele>
        <time>2024-12-07T19:24:43.248000Z</time>
      </trkpt>
      <trkpt lat="41.691687" lon="45.074757">
        <ele>676.9</ele>
        <time>2024-12-07T19:24:44.403000Z</time>
      </trkpt>
      <trkpt lat="41.691649" lon="45.074825">
        <ele>677.3</ele>
        <time>2024-12-07T19:24:45.581000Z</time>
      </trkpt>
      <trkpt lat="41.691602" lon="45.074903">
        <ele>677.7</ele>
        <time>2024-12-07T19:24:46.969000Z</time>
      </trkpt>
      <trkpt lat="41.691565" lon="45.074961">
        <ele>677.9</ele>
        <time>2024-12-07T19:24:48.026000Z</time>
      </trkpt>
      <trkpt lat="41.691524" lon="45.075024">
        <ele>678.1</ele>
        <time>2024-12-07T19:24:49.183000Z</time>
      </trkpt>
      <trkpt lat="41.691482" lon="45.075089">
        <ele>678.4</ele>
        <time>2024-12-07T19:24:50.373000Z</time>
      </trkpt>
      <trkpt lat="41.691443" lon="45.075154">
        <ele>678.6</ele>
        <time>2024-12-07T19:24:51.528000Z</time>
      </trkpt>
      <trkpt lat="41.691399" lon="45.075222">
        <ele>678.8</ele>
        <time>2024-12-07T19:24:52.773000Z</time>
      </trkpt>
      <trkpt lat="41.691353" lon="45.075287">
        <ele>679</ele>
        <time>2024-12-07T19:24:54.013000Z</time>
      </trkpt>
      <trkpt lat="41.691307" lon="45.075355">
        <ele>679.2</ele>
        <time>2024-12-07T19:24:55.284000Z</time>
      </trkpt>
      <trkpt lat="41.691265" lon="45.075421">
        <ele>679.3</ele>
        <time>2024-12-07T19:24:56.484000Z</time>
      </trkpt>
      <trkpt lat="41.69122" lon="45.075482">
        <ele>679.5</ele>
        <time>2024-12-07T19:24:57.671000Z</time>
      </trkpt>
      <trkpt lat="41.691167" lon="45.075559">
        <ele>679.6</ele>
        <time>2024-12-07T19:24:59.119000Z</time>
      </trkpt>
      <trkpt lat="41.691127" lon="45.075617">
        <ele>679.7</ele>
        <time>2024-12-07T19:25:00.212000Z</time>
      </trkpt>
      <trkpt lat="41.691085" lon="45.075683">
        <ele>679.8</ele>
        <time>2024-12-07T19:25:01.412000Z</time>
      </trkpt>
      <trkpt lat="41.691031" lon="45.075762">
        <ele>679.9</ele>
        <time>2024-12-07T19:25:02.894000Z</time>
      </trkpt>
      <trkpt lat="41.69099" lon="45.075819">
        <ele>679.9</ele>
        <time>2024-12-07T19:25:03.990000Z</time>
      </trkpt>
      <trkpt lat="41.690942" lon="45.075882">
        <ele>679.9</ele>
        <time>2024-12-07T19:25:05.235000Z</time>
      </trkpt>
      <trkpt lat="41.690892" lon="45.075947">
        <ele>679.9</ele>
        <time>2024-12-07T19:25:06.528000Z</time>
      </trkpt>
      <trkpt lat="41.690846" lon="45.076012">
        <ele>679.8</ele>
        <time>2024-12-07T19:25:07.767000Z</time>
      </trkpt>
      <trkpt lat="41.690797" lon="45.07608">
        <ele>679.7</ele>
        <time>2024-12-07T19:25:09.074000Z</time>
      </trkpt>
      <trkpt lat="41.690734" lon="45.076159">
        <ele>679.5</ele>
        <time>2024-12-07T19:25:10.674000Z</time>
      </trkpt>
      <trkpt lat="41.690692" lon="45.076213">
        <ele>679.4</ele>
        <time>2024-12-07T19:25:11.753000Z</time>
      </trkpt>
      <trkpt lat="41.690644" lon="45.076275">
        <ele>679.3</ele>
        <time>2024-12-07T19:25:12.989000Z</time>
      </trkpt>
      <trkpt lat="41.690595" lon="45.076337">
        <ele>679.1</ele>
        <time>2024-12-07T19:25:14.239000Z</time>
      </trkpt>
      <trkpt lat="41.690545" lon="45.076401">
        <ele>678.8</ele>
        <time>2024-12-07T19:25:15.522000Z</time>
      </trkpt>
      <trkpt lat="41.690492" lon="45.076469">
        <ele>678.6</ele>
        <time>2024-12-07T19:25:16.882000Z</time>
      </trkpt>
      <trkpt lat="41.690442" lon="45.076532">
        <ele>678.3</ele>
        <time>2024-12-07T19:25:18.155000Z</time>
      </trkpt>
      <trkpt lat="41.690389" lon="45.076596">
        <ele>678</ele>
        <time>2024-12-07T19:25:19.479000Z</time>
      </trkpt>
      <trkpt lat="41.690336" lon="45.07666">
        <ele>677.6</ele>
        <time>2024-12-07T19:25:20.803000Z</time>
      </trkpt>
      <trkpt lat="41.690283" lon="45.076722">
        <ele>677.3</ele>
        <time>2024-12-07T19:25:22.109000Z</time>
      </trkpt>
      <trkpt lat="41.690229" lon="45.076786">
        <ele>676.9</ele>
        <time>2024-12-07T19:25:23.447000Z</time>
      </trkpt>
      <trkpt lat="41.690172" lon="45.076848">
        <ele>676.6</ele>
        <time>2024-12-07T19:25:24.809000Z</time>
      </trkpt>
      <trkpt lat="41.690109" lon="45.076922">
        <ele>676.3</ele>
        <time>2024-12-07T19:25:26.362000Z</time>
      </trkpt>
      <trkpt lat="41.69006" lon="45.076979">
        <ele>676.1</ele>
        <time>2024-12-07T19:25:27.566000Z</time>
      </trkpt>
      <trkpt lat="41.690005" lon="45.077042">
        <ele>675.9</ele>
        <time>2024-12-07T19:25:28.907000Z</time>
      </trkpt>
      <trkpt lat="41.689944" lon="45.077104">
        <ele>675.8</ele>
        <time>2024-12-07T19:25:30.327000Z</time>
      </trkpt>
      <trkpt lat="41.689883" lon="45.077168">
        <ele>675.7</ele>
        <time>2024-12-07T19:25:31.763000Z</time>
      </trkpt>
      <trkpt lat="41.689822" lon="45.077229">
        <ele>675.6</ele>
        <time>2024-12-07T19:25:33.173000Z</time>
      </trkpt>
      <trkpt lat="41.689752" lon="45.077303">
        <ele>675.6</ele>
        <time>2024-12-07T19:25:34.826000Z</time>
      </trkpt>
      <trkpt lat="41.689695" lon="45.07736">
        <ele>675.6</ele>
        <time>2024-12-07T19:25:36.144000Z</time>
      </trkpt>
      <trkpt lat="41.689635" lon="45.07742">
        <ele>675.6</ele>
        <time>2024-12-07T19:25:37.532000Z</time>
      </trkpt>
      <trkpt lat="41.689571" lon="45.077484">
        <ele>675.7</ele>
        <time>2024-12-07T19:25:39.013000Z</time>
      </trkpt>
      <trkpt lat="41.689506" lon="45.077549">
        <ele>675.8</ele>
        <time>2024-12-07T19:25:40.516000Z</time>
      </trkpt>
      <trkpt lat="41.689438" lon="45.077614">
        <ele>675.9</ele>
        <time>2024-12-07T19:25:42.066000Z</time>
      </trkpt>
      <trkpt lat="41.689369" lon="45.077679">
        <ele>676.1</ele>
        <time>2024-12-07T19:25:43.629000Z</time>
      </trkpt>
      <trkpt lat="41.689304" lon="45.077741">
        <ele>676.4</ele>
        <time>2024-12-07T19:25:45.108000Z</time>
      </trkpt>
      <trkpt lat="41.689237" lon="45.077801">
        <ele>676.7</ele>
        <time>2024-12-07T19:25:46.604000Z</time>
      </trkpt>
      <trkpt lat="41.689168" lon="45.077863">
        <ele>677.1</ele>
        <time>2024-12-07T19:25:48.144000Z</time>
      </trkpt>
      <trkpt lat="41.689099" lon="45.077927">
        <ele>677.5</ele>
        <time>2024-12-07T19:25:49.701000Z</time>
      </trkpt>
      <trkpt lat="41.68903" lon="45.077988">
        <ele>678</ele>
        <time>2024-12-07T19:25:51.236000Z</time>
      </trkpt>
      <trkpt lat="41.688958" lon="45.07805">
        <ele>678.5</ele>
        <time>2024-12-07T19:25:52.824000Z</time>
      </trkpt>
      <trkpt lat="41.688886" lon="45.07811">
        <ele>679.1</ele>
        <time>2024-12-07T19:25:54.399000Z</time>
      </trkpt>
      <trkpt lat="41.688813" lon="45.078172">
        <ele>679.7</ele>
        <time>2024-12-07T19:25:56.004000Z</time>
      </trkpt>
      <trkpt lat="41.688738" lon="45.078233">
        <ele>680.3</ele>
        <time>2024-12-07T19:25:57.634000Z</time>
      </trkpt>
      <trkpt lat="41.688662" lon="45.078297">
        <ele>681</ele>
        <time>2024-12-07T19:25:59.302000Z</time>
      </trkpt>
      <trkpt lat="41.688585" lon="45.078359">
        <ele>681.6</ele>
        <time>2024-12-07T19:26:00.970000Z</time>
      </trkpt>
      <trkpt lat="41.688493" lon="45.078429">
        <ele>682.4</ele>
        <time>2024-12-07T19:26:02.935000Z</time>
      </trkpt>
      <trkpt lat="41.688426" lon="45.078483">
        <ele>682.9</ele>
        <time>2024-12-07T19:26:04.387000Z</time>
      </trkpt>
      <trkpt lat="41.688349" lon="45.078542">
        <ele>683.5</ele>
        <time>2024-12-07T19:26:06.034000Z</time>
      </trkpt>
      <trkpt lat="41.688269" lon="45.078603">
        <ele>684</ele>
        <time>2024-12-07T19:26:07.742000Z</time>
      </trkpt>
      <trkpt lat="41.688189" lon="45.078664">
        <ele>684.5</ele>
        <time>2024-12-07T19:26:09.451000Z</time>
      </trkpt>
      <trkpt lat="41.688102" lon="45.078722">
        <ele>685</ele>
        <time>2024-12-07T19:26:11.254000Z</time>
      </trkpt>
      <trkpt lat="41.688018" lon="45.078782">
        <ele>685.4</ele>
        <time>2024-12-07T19:26:13.019000Z</time>
      </trkpt>
      <trkpt lat="41.687931" lon="45.078843">
        <ele>685.8</ele>
        <time>2024-12-07T19:26:14.840000Z</time>
      </trkpt>
      <trkpt lat="41.687843" lon="45.078905">
        <ele>685.9</ele>
        <time>2024-12-07T19:26:16.684000Z</time>
      </trkpt>
      <trkpt lat="41.687752" lon="45.078959">
        <ele>686</ele>
        <time>2024-12-07T19:26:18.527000Z</time>
      </trkpt>
      <trkpt lat="41.68766" lon="45.079013">
        <ele>686.2</ele>
        <time>2024-12-07T19:26:20.389000Z</time>
      </trkpt>
      <trkpt lat="41.687569" lon="45.079066">
        <ele>686.3</ele>
        <time>2024-12-07T19:26:22.229000Z</time>
      </trkpt>
      <trkpt lat="41.687474" lon="45.079119">
        <ele>686.3</ele>
        <time>2024-12-07T19:26:24.136000Z</time>
      </trkpt>
      <trkpt lat="41.687382" lon="45.079176">
        <ele>686.4</ele>
        <time>2024-12-07T19:26:26.015000Z</time>
      </trkpt>
      <trkpt lat="41.687288" lon="45.079236">
        <ele>686.4</ele>
        <time>2024-12-07T19:26:27.944000Z</time>
      </trkpt>
      <trkpt lat="41.687192" lon="45.079291">
        <ele>686.3</ele>
        <time>2024-12-07T19:26:29.879000Z</time>
      </trkpt>
      <trkpt lat="41.687094" lon="45.07935">
        <ele>686.2</ele>
        <time>2024-12-07T19:26:31.872000Z</time>
      </trkpt>
      <trkpt lat="41.686994" lon="45.079408">
        <ele>686.1</ele>
        <time>2024-12-07T19:26:33.891000Z</time>
      </trkpt>
      <trkpt lat="41.686892" lon="45.079459">
        <ele>685.8</ele>
        <time>2024-12-07T19:26:35.909000Z</time>
      </trkpt>
      <trkpt lat="41.686788" lon="45.079512">
        <ele>685.5</ele>
        <time>2024-12-07T19:26:37.972000Z</time>
      </trkpt>
      <trkpt lat="41.686685" lon="45.079566">
        <ele>685.2</ele>
        <time>2024-12-07T19:26:40.022000Z</time>
      </trkpt>
      <trkpt lat="41.686582" lon="45.079619">
        <ele>685</ele>
        <time>2024-12-07T19:26:42.068000Z</time>
      </trkpt>
      <trkpt lat="41.686473" lon="45.079669">
        <ele>684.8</ele>
        <time>2024-12-07T19:26:44.203000Z</time>
      </trkpt>
      <trkpt lat="41.686367" lon="45.079718">
        <ele>684.7</ele>
        <time>2024-12-07T19:26:46.281000Z</time>
      </trkpt>
      <trkpt lat="41.68626" lon="45.079768">
        <ele>684.8</ele>
        <time>2024-12-07T19:26:48.382000Z</time>
      </trkpt>
      <trkpt lat="41.686146" lon="45.079818">
        <ele>685</ele>
        <time>2024-12-07T19:26:50.605000Z</time>
      </trkpt>
      <trkpt lat="41.686035" lon="45.079864">
        <ele>685</ele>
        <time>2024-12-07T19:26:52.758000Z</time>
      </trkpt>
      <trkpt lat="41.685921" lon="45.079913">
        <ele>685.1</ele>
        <time>2024-12-07T19:26:54.977000Z</time>
      </trkpt>
      <trkpt lat="41.685809" lon="45.079957">
        <ele>685.3</ele>
        <time>2024-12-07T19:26:57.140000Z</time>
      </trkpt>
      <trkpt lat="41.685696" lon="45.079999">
        <ele>685.5</ele>
        <time>2024-12-07T19:26:59.314000Z</time>
      </trkpt>
      <trkpt lat="41.685588" lon="45.080037">
        <ele>685.7</ele>
        <time>2024-12-07T19:27:01.384000Z</time>
      </trkpt>
      <trkpt lat="41.685472" lon="45.080079">
        <ele>685.7</ele>
        <time>2024-12-07T19:27:03.611000Z</time>
      </trkpt>
      <trkpt lat="41.685356" lon="45.080121">
        <ele>685.5</ele>
        <time>2024-12-07T19:27:05.838000Z</time>
      </trkpt>
      <trkpt lat="41.685235" lon="45.080166">
        <ele>685.2</ele>
        <time>2024-12-07T19:27:08.165000Z</time>
      </trkpt>
      <trkpt lat="41.685117" lon="45.080208">
        <ele>684.8</ele>
        <time>2024-12-07T19:27:10.429000Z</time>
      </trkpt>
      <trkpt lat="41.684973" lon="45.080254">
        <ele>684.2</ele>
        <time>2024-12-07T19:27:13.175000Z</time>
      </trkpt>
      <trkpt lat="41.684865" lon="45.080287">
        <ele>683.6</ele>
        <time>2024-12-07T19:27:15.231000Z</time>
      </trkpt>
      <trkpt lat="41.684744" lon="45.080324">
        <ele>682.8</ele>
        <time>2024-12-07T19:27:17.534000Z</time>
      </trkpt>
      <trkpt lat="41.684618" lon="45.080362">
        <ele>682</ele>
        <time>2024-12-07T19:27:19.931000Z</time>
      </trkpt>
      <trkpt lat="41.684492" lon="45.0804">
        <ele>681.1</ele>
        <time>2024-12-07T19:27:22.331000Z</time>
      </trkpt>
      <trkpt lat="41.684367" lon="45.080441">
        <ele>680.1</ele>
        <time>2024-12-07T19:27:24.721000Z</time>
      </trkpt>
      <trkpt lat="41.684215" lon="45.080486">
        <ele>678.8</ele>
        <time>2024-12-07T19:27:27.614000Z</time>
      </trkpt>
      <trkpt lat="41.6841" lon="45.080522">
        <ele>677.7</ele>
        <time>2024-12-07T19:27:29.810000Z</time>
      </trkpt>
      <trkpt lat="41.683974" lon="45.08056">
        <ele>676.4</ele>
        <time>2024-12-07T19:27:32.215000Z</time>
      </trkpt>
      <trkpt lat="41.683822" lon="45.080604">
        <ele>674.7</ele>
        <time>2024-12-07T19:27:35.110000Z</time>
      </trkpt>
      <trkpt lat="41.683685" lon="45.080644">
        <ele>673.1</ele>
        <time>2024-12-07T19:27:37.722000Z</time>
      </trkpt>
      <trkpt lat="41.683576" lon="45.080682">
        <ele>671.8</ele>
        <time>2024-12-07T19:27:39.820000Z</time>
      </trkpt>
      <trkpt lat="41.683454" lon="45.080724">
        <ele>670.3</ele>
        <time>2024-12-07T19:27:42.168000Z</time>
      </trkpt>
      <trkpt lat="41.683303" lon="45.080781">
        <ele>668.6</ele>
        <time>2024-12-07T19:27:45.090000Z</time>
      </trkpt>
      <trkpt lat="41.683191" lon="45.080823">
        <ele>667.4</ele>
        <time>2024-12-07T19:27:47.254000Z</time>
      </trkpt>
      <trkpt lat="41.683044" lon="45.08088">
        <ele>665.9</ele>
        <time>2024-12-07T19:27:50.101000Z</time>
      </trkpt>
      <trkpt lat="41.682931" lon="45.080929">
        <ele>664.8</ele>
        <time>2024-12-07T19:27:52.310000Z</time>
      </trkpt>
      <trkpt lat="41.682806" lon="45.080985">
        <ele>663.6</ele>
        <time>2024-12-07T19:27:54.760000Z</time>
      </trkpt>
      <trkpt lat="41.682683" lon="45.081045">
        <ele>662.7</ele>
        <time>2024-12-07T19:27:57.192000Z</time>
      </trkpt>
      <trkpt lat="41.68256" lon="45.081101">
        <ele>662</ele>
        <time>2024-12-07T19:27:59.602000Z</time>
      </trkpt>
      <trkpt lat="41.682435" lon="45.081165">
        <ele>661.6</ele>
        <time>2024-12-07T19:28:02.084000Z</time>
      </trkpt>
      <trkpt lat="41.68231" lon="45.08123">
        <ele>661.5</ele>
        <time>2024-12-07T19:28:04.569000Z</time>
      </trkpt>
      <trkpt lat="41.682185" lon="45.081295">
        <ele>661.5</ele>
        <time>2024-12-07T19:28:07.054000Z</time>
      </trkpt>
      <trkpt lat="41.682065" lon="45.08136">
        <ele>661.6</ele>
        <time>2024-12-07T19:28:09.453000Z</time>
      </trkpt>
      <trkpt lat="41.681946" lon="45.081429">
        <ele>661.8</ele>
        <time>2024-12-07T19:28:11.857000Z</time>
      </trkpt>
      <trkpt lat="41.681828" lon="45.081497">
        <ele>661.9</ele>
        <time>2024-12-07T19:28:14.237000Z</time>
      </trkpt>
      <trkpt lat="41.681713" lon="45.081569">
        <ele>662.2</ele>
        <time>2024-12-07T19:28:16.590000Z</time>
      </trkpt>
      <trkpt lat="41.681602" lon="45.081638">
        <ele>662.5</ele>
        <time>2024-12-07T19:28:18.859000Z</time>
      </trkpt>
      <trkpt lat="41.681491" lon="45.08171">
        <ele>662.7</ele>
        <time>2024-12-07T19:28:21.145000Z</time>
      </trkpt>
      <trkpt lat="41.681377" lon="45.081783">
        <ele>663</ele>
        <time>2024-12-07T19:28:23.487000Z</time>
      </trkpt>
      <trkpt lat="41.681269" lon="45.081855">
        <ele>663.2</ele>
        <time>2024-12-07T19:28:25.724000Z</time>
      </trkpt>
      <trkpt lat="41.681166" lon="45.081927">
        <ele>663.3</ele>
        <time>2024-12-07T19:28:27.876000Z</time>
      </trkpt>
      <trkpt lat="41.68106" lon="45.082003">
        <ele>663.3</ele>
        <time>2024-12-07T19:28:30.105000Z</time>
      </trkpt>
      <trkpt lat="41.680959" lon="45.082076">
        <ele>663.2</ele>
        <time>2024-12-07T19:28:32.232000Z</time>
      </trkpt>
      <trkpt lat="41.68086" lon="45.082149">
        <ele>663</ele>
        <time>2024-12-07T19:28:34.327000Z</time>
      </trkpt>
      <trkpt lat="41.680767" lon="45.082222">
        <ele>662.9</ele>
        <time>2024-12-07T19:28:36.325000Z</time>
      </trkpt>
      <trkpt lat="41.680672" lon="45.082297">
        <ele>662.8</ele>
        <time>2024-12-07T19:28:38.369000Z</time>
      </trkpt>
      <trkpt lat="41.680564" lon="45.082383">
        <ele>662.7</ele>
        <time>2024-12-07T19:28:40.698000Z</time>
      </trkpt>
      <trkpt lat="41.680489" lon="45.082448">
        <ele>662.6</ele>
        <time>2024-12-07T19:28:42.353000Z</time>
      </trkpt>
      <trkpt lat="41.680404" lon="45.082519">
        <ele>662.5</ele>
        <time>2024-12-07T19:28:44.210000Z</time>
      </trkpt>
      <trkpt lat="41.680316" lon="45.082591">
        <ele>662.4</ele>
        <time>2024-12-07T19:28:46.121000Z</time>
      </trkpt>
      <trkpt lat="41.680232" lon="45.082664">
        <ele>662.3</ele>
        <time>2024-12-07T19:28:47.977000Z</time>
      </trkpt>
      <trkpt lat="41.680148" lon="45.082736">
        <ele>662.2</ele>
        <time>2024-12-07T19:28:49.826000Z</time>
      </trkpt>
      <trkpt lat="41.680067" lon="45.082806">
        <ele>662.1</ele>
        <time>2024-12-07T19:28:51.613000Z</time>
      </trkpt>
      <trkpt lat="41.67999" lon="45.082881">
        <ele>662</ele>
        <time>2024-12-07T19:28:53.378000Z</time>
      </trkpt>
      <trkpt lat="41.679904" lon="45.082964">
        <ele>662</ele>
        <time>2024-12-07T19:28:55.343000Z</time>
      </trkpt>
      <trkpt lat="41.679842" lon="45.083028">
        <ele>661.9</ele>
        <time>2024-12-07T19:28:56.792000Z</time>
      </trkpt>
      <trkpt lat="41.679769" lon="45.083099">
        <ele>661.8</ele>
        <time>2024-12-07T19:28:58.465000Z</time>
      </trkpt>
      <trkpt lat="41.679697" lon="45.08317">
        <ele>661.8</ele>
        <time>2024-12-07T19:29:00.122000Z</time>
      </trkpt>
      <trkpt lat="41.679627" lon="45.083244">
        <ele>661.7</ele>
        <time>2024-12-07T19:29:01.775000Z</time>
      </trkpt>
      <trkpt lat="41.679554" lon="45.083316">
        <ele>661.7</ele>
        <time>2024-12-07T19:29:03.455000Z</time>
      </trkpt>
      <trkpt lat="41.679488" lon="45.083386">
        <ele>661.6</ele>
        <time>2024-12-07T19:29:05.016000Z</time>
      </trkpt>
      <trkpt lat="41.67942" lon="45.083457">
        <ele>661.5</ele>
        <time>2024-12-07T19:29:06.614000Z</time>
      </trkpt>
      <trkpt lat="41.679355" lon="45.083527">
        <ele>661.4</ele>
        <time>2024-12-07T19:29:08.159000Z</time>
      </trkpt>
      <trkpt lat="41.67929" lon="45.083595">
        <ele>661.3</ele>
        <time>2024-12-07T19:29:09.689000Z</time>
      </trkpt>
      <trkpt lat="41.679228" lon="45.083667">
        <ele>661.3</ele>
        <time>2024-12-07T19:29:11.211000Z</time>
      </trkpt>
      <trkpt lat="41.679164" lon="45.08374">
        <ele>661.2</ele>
        <time>2024-12-07T19:29:12.768000Z</time>
      </trkpt>
      <trkpt lat="41.679106" lon="45.083812">
        <ele>661.2</ele>
        <time>2024-12-07T19:29:14.234000Z</time>
      </trkpt>
      <trkpt lat="41.679049" lon="45.083884">
        <ele>661.3</ele>
        <time>2024-12-07T19:29:15.686000Z</time>
      </trkpt>
      <trkpt lat="41.678991" lon="45.083957">
        <ele>661.4</ele>
        <time>2024-12-07T19:29:17.162000Z</time>
      </trkpt>
      <trkpt lat="41.678928" lon="45.084029">
        <ele>661.6</ele>
        <time>2024-12-07T19:29:18.698000Z</time>
      </trkpt>
      <trkpt lat="41.678869" lon="45.084102">
        <ele>661.8</ele>
        <time>2024-12-07T19:29:20.186000Z</time>
      </trkpt>
      <trkpt lat="41.678809" lon="45.084174">
        <ele>662</ele>
        <time>2024-12-07T19:29:21.680000Z</time>
      </trkpt>
      <trkpt lat="41.678748" lon="45.084247">
        <ele>662.2</ele>
        <time>2024-12-07T19:29:23.196000Z</time>
      </trkpt>
      <trkpt lat="41.678693" lon="45.084319">
        <ele>662.3</ele>
        <time>2024-12-07T19:29:24.621000Z</time>
      </trkpt>
      <trkpt lat="41.67864" lon="45.084392">
        <ele>662.3</ele>
        <time>2024-12-07T19:29:26.031000Z</time>
      </trkpt>
      <trkpt lat="41.678583" lon="45.084464">
        <ele>662.3</ele>
        <time>2024-12-07T19:29:27.483000Z</time>
      </trkpt>
      <trkpt lat="41.678532" lon="45.084537">
        <ele>662.3</ele>
        <time>2024-12-07T19:29:28.866000Z</time>
      </trkpt>
      <trkpt lat="41.678479" lon="45.084609">
        <ele>662.2</ele>
        <time>2024-12-07T19:29:30.267000Z</time>
      </trkpt>
      <trkpt lat="41.678426" lon="45.084681">
        <ele>662.1</ele>
        <time>2024-12-07T19:29:31.666000Z</time>
      </trkpt>
      <trkpt lat="41.678376" lon="45.084757">
        <ele>662</ele>
        <time>2024-12-07T19:29:33.067000Z</time>
      </trkpt>
      <trkpt lat="41.678323" lon="45.08483">
        <ele>661.8</ele>
        <time>2024-12-07T19:29:34.478000Z</time>
      </trkpt>
      <trkpt lat="41.678273" lon="45.084906">
        <ele>661.5</ele>
        <time>2024-12-07T19:29:35.880000Z</time>
      </trkpt>
      <trkpt lat="41.67822" lon="45.084982">
        <ele>661.3</ele>
        <time>2024-12-07T19:29:37.320000Z</time>
      </trkpt>
      <trkpt lat="41.678167" lon="45.085059">
        <ele>660.9</ele>
        <time>2024-12-07T19:29:38.770000Z</time>
      </trkpt>
      <trkpt lat="41.67812" lon="45.085132">
        <ele>660.6</ele>
        <time>2024-12-07T19:29:40.106000Z</time>
      </trkpt>
      <trkpt lat="41.678074" lon="45.085207">
        <ele>660.2</ele>
        <time>2024-12-07T19:29:41.450000Z</time>
      </trkpt>
      <trkpt lat="41.678025" lon="45.085283">
        <ele>659.8</ele>
        <time>2024-12-07T19:29:42.842000Z</time>
      </trkpt>
      <trkpt lat="41.677979" lon="45.085356">
        <ele>659.3</ele>
        <time>2024-12-07T19:29:44.166000Z</time>
      </trkpt>
      <trkpt lat="41.677933" lon="45.085432">
        <ele>658.9</ele>
        <time>2024-12-07T19:29:45.523000Z</time>
      </trkpt>
      <trkpt lat="41.677888" lon="45.085508">
        <ele>658.4</ele>
        <time>2024-12-07T19:29:46.866000Z</time>
      </trkpt>
      <trkpt lat="41.677842" lon="45.085584">
        <ele>658</ele>
        <time>2024-12-07T19:29:48.222000Z</time>
      </trkpt>
      <trkpt lat="41.677796" lon="45.085657">
        <ele>657.7</ele>
        <time>2024-12-07T19:29:49.545000Z</time>
      </trkpt>
      <trkpt lat="41.67775" lon="45.085733">
        <ele>657.4</ele>
        <time>2024-12-07T19:29:50.900000Z</time>
      </trkpt>
      <trkpt lat="41.677705" lon="45.085806">
        <ele>657.2</ele>
        <time>2024-12-07T19:29:52.211000Z</time>
      </trkpt>
      <trkpt lat="41.677659" lon="45.085882">
        <ele>657.1</ele>
        <time>2024-12-07T19:29:53.566000Z</time>
      </trkpt>
      <trkpt lat="41.677616" lon="45.085958">
        <ele>657.1</ele>
        <time>2024-12-07T19:29:54.885000Z</time>
      </trkpt>
      <trkpt lat="41.677571" lon="45.086037">
        <ele>657</ele>
        <time>2024-12-07T19:29:56.260000Z</time>
      </trkpt>
      <trkpt lat="41.677525" lon="45.086114">
        <ele>657</ele>
        <time>2024-12-07T19:29:57.625000Z</time>
      </trkpt>
      <trkpt lat="41.677479" lon="45.086197">
        <ele>656.9</ele>
        <time>2024-12-07T19:29:59.056000Z</time>
      </trkpt>
      <trkpt lat="41.677437" lon="45.086281">
        <ele>656.8</ele>
        <time>2024-12-07T19:30:00.455000Z</time>
      </trkpt>
      <trkpt lat="41.677395" lon="45.086361">
        <ele>656.7</ele>
        <time>2024-12-07T19:30:01.808000Z</time>
      </trkpt>
      <trkpt lat="41.67735" lon="45.086441">
        <ele>656.6</ele>
        <time>2024-12-07T19:30:03.195000Z</time>
      </trkpt>
      <trkpt lat="41.67731" lon="45.086525">
        <ele>656.5</ele>
        <time>2024-12-07T19:30:04.574000Z</time>
      </trkpt>
      <trkpt lat="41.677269" lon="45.086602">
        <ele>656.3</ele>
        <time>2024-12-07T19:30:05.883000Z</time>
      </trkpt>
      <trkpt lat="41.677224" lon="45.086679">
        <ele>656.1</ele>
        <time>2024-12-07T19:30:07.236000Z</time>
      </trkpt>
      <trkpt lat="41.677185" lon="45.086761">
        <ele>656</ele>
        <time>2024-12-07T19:30:08.584000Z</time>
      </trkpt>
      <trkpt lat="41.677146" lon="45.086842">
        <ele>655.8</ele>
        <time>2024-12-07T19:30:09.917000Z</time>
      </trkpt>
      <trkpt lat="41.677106" lon="45.086924">
        <ele>655.5</ele>
        <time>2024-12-07T19:30:11.273000Z</time>
      </trkpt>
      <trkpt lat="41.677063" lon="45.087009">
        <ele>655.3</ele>
        <time>2024-12-07T19:30:12.694000Z</time>
      </trkpt>
      <trkpt lat="41.677024" lon="45.087093">
        <ele>655.1</ele>
        <time>2024-12-07T19:30:14.064000Z</time>
      </trkpt>
      <trkpt lat="41.676983" lon="45.087183">
        <ele>654.9</ele>
        <time>2024-12-07T19:30:15.524000Z</time>
      </trkpt>
      <trkpt lat="41.676944" lon="45.087272">
        <ele>654.7</ele>
        <time>2024-12-07T19:30:16.953000Z</time>
      </trkpt>
      <trkpt lat="41.676903" lon="45.087363">
        <ele>654.6</ele>
        <time>2024-12-07T19:30:18.424000Z</time>
      </trkpt>
      <trkpt lat="41.676867" lon="45.087451">
        <ele>654.4</ele>
        <time>2024-12-07T19:30:19.813000Z</time>
      </trkpt>
      <trkpt lat="41.676833" lon="45.087542">
        <ele>654.3</ele>
        <time>2024-12-07T19:30:21.221000Z</time>
      </trkpt>
      <trkpt lat="41.676799" lon="45.087629">
        <ele>654.3</ele>
        <time>2024-12-07T19:30:22.581000Z</time>
      </trkpt>
      <trkpt lat="41.676764" lon="45.087718">
        <ele>654.4</ele>
        <time>2024-12-07T19:30:23.973000Z</time>
      </trkpt>
      <trkpt lat="41.67673" lon="45.087808">
        <ele>654.5</ele>
        <time>2024-12-07T19:30:25.369000Z</time>
      </trkpt>
      <trkpt lat="41.676692" lon="45.087897">
        <ele>654.7</ele>
        <time>2024-12-07T19:30:26.789000Z</time>
      </trkpt>
      <trkpt lat="41.676654" lon="45.087985">
        <ele>654.9</ele>
        <time>2024-12-07T19:30:28.196000Z</time>
      </trkpt>
      <trkpt lat="41.676622" lon="45.088072">
        <ele>655.2</ele>
        <time>2024-12-07T19:30:29.539000Z</time>
      </trkpt>
      <trkpt lat="41.676586" lon="45.08816">
        <ele>655.4</ele>
        <time>2024-12-07T19:30:30.928000Z</time>
      </trkpt>
      <trkpt lat="41.676551" lon="45.088251">
        <ele>655.7</ele>
        <time>2024-12-07T19:30:32.347000Z</time>
      </trkpt>
      <trkpt lat="41.676516" lon="45.088343">
        <ele>655.9</ele>
        <time>2024-12-07T19:30:33.776000Z</time>
      </trkpt>
      <trkpt lat="41.676485" lon="45.088438">
        <ele>656.1</ele>
        <time>2024-12-07T19:30:35.211000Z</time>
      </trkpt>
      <trkpt lat="41.676454" lon="45.08853">
        <ele>656.2</ele>
        <time>2024-12-07T19:30:36.609000Z</time>
      </trkpt>
      <trkpt lat="41.676424" lon="45.088622">
        <ele>656.3</ele>
        <time>2024-12-07T19:30:37.998000Z</time>
      </trkpt>
      <trkpt lat="41.676391" lon="45.088708">
        <ele>656.3</ele>
        <time>2024-12-07T19:30:39.336000Z</time>
      </trkpt>
      <trkpt lat="41.676359" lon="45.088797">
        <ele>656.4</ele>
        <time>2024-12-07T19:30:40.704000Z</time>
      </trkpt>
      <trkpt lat="41.676329" lon="45.088888">
        <ele>656.5</ele>
        <time>2024-12-07T19:30:42.081000Z</time>
      </trkpt>
      <trkpt lat="41.676301" lon="45.08898">
        <ele>656.6</ele>
        <time>2024-12-07T19:30:43.456000Z</time>
      </trkpt>
      <trkpt lat="41.676274" lon="45.089071">
        <ele>656.7</ele>
        <time>2024-12-07T19:30:44.811000Z</time>
      </trkpt>
      <trkpt lat="41.676238" lon="45.089179">
        <ele>656.8</ele>
        <time>2024-12-07T19:30:46.448000Z</time>
      </trkpt>
      <trkpt lat="41.676213" lon="45.089258">
        <ele>657</ele>
        <time>2024-12-07T19:30:47.637000Z</time>
      </trkpt>
      <trkpt lat="41.676184" lon="45.089346">
        <ele>657.3</ele>
        <time>2024-12-07T19:30:48.969000Z</time>
      </trkpt>
      <trkpt lat="41.676156" lon="45.089438">
        <ele>657.7</ele>
        <time>2024-12-07T19:30:50.345000Z</time>
      </trkpt>
      <trkpt lat="41.676129" lon="45.089529">
        <ele>658.1</ele>
        <time>2024-12-07T19:30:51.703000Z</time>
      </trkpt>
      <trkpt lat="41.676106" lon="45.089616">
        <ele>658.5</ele>
        <time>2024-12-07T19:30:52.982000Z</time>
      </trkpt>
      <trkpt lat="41.67608" lon="45.089705">
        <ele>659</ele>
        <time>2024-12-07T19:30:54.308000Z</time>
      </trkpt>
      <trkpt lat="41.676053" lon="45.089793">
        <ele>659.5</ele>
        <time>2024-12-07T19:30:55.628000Z</time>
      </trkpt>
      <trkpt lat="41.67603" lon="45.08988">
        <ele>660.1</ele>
        <time>2024-12-07T19:30:56.908000Z</time>
      </trkpt>
      <trkpt lat="41.676007" lon="45.089968">
        <ele>660.6</ele>
        <time>2024-12-07T19:30:58.203000Z</time>
      </trkpt>
      <trkpt lat="41.675984" lon="45.090053">
        <ele>661.2</ele>
        <time>2024-12-07T19:30:59.458000Z</time>
      </trkpt>
      <trkpt lat="41.675961" lon="45.090137">
        <ele>661.8</ele>
        <time>2024-12-07T19:31:00.700000Z</time>
      </trkpt>
      <trkpt lat="41.675938" lon="45.090221">
        <ele>662.5</ele>
        <time>2024-12-07T19:31:01.943000Z</time>
      </trkpt>
      <trkpt lat="41.675918" lon="45.090305">
        <ele>663.2</ele>
        <time>2024-12-07T19:31:03.168000Z</time>
      </trkpt>
      <trkpt lat="41.675896" lon="45.090398">
        <ele>664</ele>
        <time>2024-12-07T19:31:04.526000Z</time>
      </trkpt>
      <trkpt lat="41.67588" lon="45.090467">
        <ele>664.6</ele>
        <time>2024-12-07T19:31:05.531000Z</time>
      </trkpt>
      <trkpt lat="41.675861" lon="45.090543">
        <ele>665.2</ele>
        <time>2024-12-07T19:31:06.646000Z</time>
      </trkpt>
      <trkpt lat="41.675842" lon="45.09062">
        <ele>666</ele>
        <time>2024-12-07T19:31:07.774000Z</time>
      </trkpt>
      <trkpt lat="41.675826" lon="45.090699">
        <ele>666.7</ele>
        <time>2024-12-07T19:31:08.914000Z</time>
      </trkpt>
      <trkpt lat="41.675811" lon="45.090776">
        <ele>667.4</ele>
        <time>2024-12-07T19:31:10.021000Z</time>
      </trkpt>
      <trkpt lat="41.675796" lon="45.090852">
        <ele>668.1</ele>
        <time>2024-12-07T19:31:11.116000Z</time>
      </trkpt>
      <trkpt lat="41.67578" lon="45.090928">
        <ele>668.8</ele>
        <time>2024-12-07T19:31:12.216000Z</time>
      </trkpt>
      <trkpt lat="41.675765" lon="45.091005">
        <ele>669.6</ele>
        <time>2024-12-07T19:31:13.324000Z</time>
      </trkpt>
      <trkpt lat="41.67575" lon="45.091079">
        <ele>670.3</ele>
        <time>2024-12-07T19:31:14.392000Z</time>
      </trkpt>
      <trkpt lat="41.675735" lon="45.091156">
        <ele>671.1</ele>
        <time>2024-12-07T19:31:15.502000Z</time>
      </trkpt>
      <trkpt lat="41.675723" lon="45.091231">
        <ele>671.9</ele>
        <time>2024-12-07T19:31:16.572000Z</time>
      </trkpt>
      <trkpt lat="41.675708" lon="45.091307">
        <ele>672.7</ele>
        <time>2024-12-07T19:31:17.668000Z</time>
      </trkpt>
      <trkpt lat="41.675693" lon="45.091383">
        <ele>673.6</ele>
        <time>2024-12-07T19:31:18.766000Z</time>
      </trkpt>
      <trkpt lat="41.675681" lon="45.091459">
        <ele>674.5</ele>
        <time>2024-12-07T19:31:19.852000Z</time>
      </trkpt>
      <trkpt lat="41.675666" lon="45.091536">
        <ele>675.4</ele>
        <time>2024-12-07T19:31:20.964000Z</time>
      </trkpt>
      <trkpt lat="41.675654" lon="45.091609">
        <ele>676.3</ele>
        <time>2024-12-07T19:31:22.009000Z</time>
      </trkpt>
      <trkpt lat="41.675643" lon="45.091681">
        <ele>677.2</ele>
        <time>2024-12-07T19:31:23.037000Z</time>
      </trkpt>
      <trkpt lat="41.675631" lon="45.091757">
        <ele>678.1</ele>
        <time>2024-12-07T19:31:24.124000Z</time>
      </trkpt>
      <trkpt lat="41.67562" lon="45.09183">
        <ele>679</ele>
        <time>2024-12-07T19:31:25.166000Z</time>
      </trkpt>
      <trkpt lat="41.675608" lon="45.091906">
        <ele>680</ele>
        <time>2024-12-07T19:31:26.253000Z</time>
      </trkpt>
      <trkpt lat="41.675597" lon="45.091979">
        <ele>680.9</ele>
        <time>2024-12-07T19:31:27.296000Z</time>
      </trkpt>
      <trkpt lat="41.675588" lon="45.092052">
        <ele>681.9</ele>
        <time>2024-12-07T19:31:28.332000Z</time>
      </trkpt>
      <trkpt lat="41.675577" lon="45.092127">
        <ele>682.8</ele>
        <time>2024-12-07T19:31:29.401000Z</time>
      </trkpt>
      <trkpt lat="41.675566" lon="45.0922">
        <ele>683.7</ele>
        <time>2024-12-07T19:31:30.443000Z</time>
      </trkpt>
      <trkpt lat="41.675558" lon="45.09227">
        <ele>684.6</ele>
        <time>2024-12-07T19:31:31.433000Z</time>
      </trkpt>
      <trkpt lat="41.67555" lon="45.092341">
        <ele>685.4</ele>
        <time>2024-12-07T19:31:32.438000Z</time>
      </trkpt>
      <trkpt lat="41.675539" lon="45.092416">
        <ele>686.3</ele>
        <time>2024-12-07T19:31:33.506000Z</time>
      </trkpt>
      <trkpt lat="41.675531" lon="45.09249">
        <ele>687.2</ele>
        <time>2024-12-07T19:31:34.552000Z</time>
      </trkpt>
      <trkpt lat="41.67552" lon="45.092565">
        <ele>688.1</ele>
        <time>2024-12-07T19:31:35.621000Z</time>
      </trkpt>
      <trkpt lat="41.675509" lon="45.092638">
        <ele>689</ele>
        <time>2024-12-07T19:31:36.663000Z</time>
      </trkpt>
      <trkpt lat="41.675501" lon="45.092708">
        <ele>689.9</ele>
        <time>2024-12-07T19:31:37.653000Z</time>
      </trkpt>
      <trkpt lat="41.675493" lon="45.092786">
        <ele>690.9</ele>
        <time>2024-12-07T19:31:38.756000Z</time>
      </trkpt>
      <trkpt lat="41.675482" lon="45.092856">
        <ele>691.7</ele>
        <time>2024-12-07T19:31:39.756000Z</time>
      </trkpt>
      <trkpt lat="41.675477" lon="45.092925">
        <ele>692.6</ele>
        <time>2024-12-07T19:31:40.725000Z</time>
      </trkpt>
      <trkpt lat="41.675473" lon="45.092993">
        <ele>693.4</ele>
        <time>2024-12-07T19:31:41.680000Z</time>
      </trkpt>
      <trkpt lat="41.675469" lon="45.093062">
        <ele>694.2</ele>
        <time>2024-12-07T19:31:42.647000Z</time>
      </trkpt>
      <trkpt lat="41.675462" lon="45.093131">
        <ele>695</ele>
        <time>2024-12-07T19:31:43.621000Z</time>
      </trkpt>
      <trkpt lat="41.675458" lon="45.0932">
        <ele>695.9</ele>
        <time>2024-12-07T19:31:44.589000Z</time>
      </trkpt>
      <trkpt lat="41.675452" lon="45.09327">
        <ele>696.7</ele>
        <time>2024-12-07T19:31:45.574000Z</time>
      </trkpt>
      <trkpt lat="41.675447" lon="45.093341">
        <ele>697.5</ele>
        <time>2024-12-07T19:31:46.570000Z</time>
      </trkpt>
      <trkpt lat="41.675442" lon="45.093413">
        <ele>698.3</ele>
        <time>2024-12-07T19:31:47.580000Z</time>
      </trkpt>
      <trkpt lat="41.675439" lon="45.093486">
        <ele>699.1</ele>
        <time>2024-12-07T19:31:48.601000Z</time>
      </trkpt>
      <trkpt lat="41.675432" lon="45.093555">
        <ele>699.8</ele>
        <time>2024-12-07T19:31:49.572000Z</time>
      </trkpt>
      <trkpt lat="41.675424" lon="45.093624">
        <ele>700.5</ele>
        <time>2024-12-07T19:31:50.546000Z</time>
      </trkpt>
      <trkpt lat="41.67542" lon="45.093696">
        <ele>701.2</ele>
        <time>2024-12-07T19:31:51.551000Z</time>
      </trkpt>
      <trkpt lat="41.675416" lon="45.093765">
        <ele>701.8</ele>
        <time>2024-12-07T19:31:52.516000Z</time>
      </trkpt>
      <trkpt lat="41.675412" lon="45.093837">
        <ele>702.4</ele>
        <time>2024-12-07T19:31:53.520000Z</time>
      </trkpt>
      <trkpt lat="41.675408" lon="45.093906">
        <ele>703</ele>
        <time>2024-12-07T19:31:54.483000Z</time>
      </trkpt>
      <trkpt lat="41.675404" lon="45.093978">
        <ele>703.6</ele>
        <time>2024-12-07T19:31:55.487000Z</time>
      </trkpt>
      <trkpt lat="41.6754" lon="45.09405">
        <ele>704.1</ele>
        <time>2024-12-07T19:31:56.490000Z</time>
      </trkpt>
      <trkpt lat="41.675397" lon="45.094123">
        <ele>704.7</ele>
        <time>2024-12-07T19:31:57.507000Z</time>
      </trkpt>
      <trkpt lat="41.675393" lon="45.094195">
        <ele>705.3</ele>
        <time>2024-12-07T19:31:58.511000Z</time>
      </trkpt>
      <trkpt lat="41.675389" lon="45.094268">
        <ele>705.8</ele>
        <time>2024-12-07T19:31:59.529000Z</time>
      </trkpt>
      <trkpt lat="41.675382" lon="45.09434">
        <ele>706.4</ele>
        <time>2024-12-07T19:32:00.538000Z</time>
      </trkpt>
      <trkpt lat="41.675381" lon="45.094413">
        <ele>707</ele>
        <time>2024-12-07T19:32:01.552000Z</time>
      </trkpt>
      <trkpt lat="41.675378" lon="45.094486">
        <ele>707.5</ele>
        <time>2024-12-07T19:32:02.568000Z</time>
      </trkpt>
      <trkpt lat="41.675374" lon="45.094558">
        <ele>708</ele>
        <time>2024-12-07T19:32:03.571000Z</time>
      </trkpt>
      <trkpt lat="41.67537" lon="45.094631">
        <ele>708.6</ele>
        <time>2024-12-07T19:32:04.588000Z</time>
      </trkpt>
      <trkpt lat="41.675369" lon="45.094703">
        <ele>709</ele>
        <time>2024-12-07T19:32:05.588000Z</time>
      </trkpt>
      <trkpt lat="41.675366" lon="45.094775">
        <ele>709.5</ele>
        <time>2024-12-07T19:32:06.590000Z</time>
      </trkpt>
      <trkpt lat="41.675362" lon="45.094851">
        <ele>710</ele>
        <time>2024-12-07T19:32:07.648000Z</time>
      </trkpt>
      <trkpt lat="41.675358" lon="45.094927">
        <ele>710.4</ele>
        <time>2024-12-07T19:32:08.705000Z</time>
      </trkpt>
      <trkpt lat="41.675358" lon="45.095">
        <ele>710.9</ele>
        <time>2024-12-07T19:32:09.718000Z</time>
      </trkpt>
      <trkpt lat="41.675355" lon="45.095076">
        <ele>711.2</ele>
        <time>2024-12-07T19:32:10.773000Z</time>
      </trkpt>
      <trkpt lat="41.675351" lon="45.095149">
        <ele>711.6</ele>
        <time>2024-12-07T19:32:11.788000Z</time>
      </trkpt>
      <trkpt lat="41.675347" lon="45.095228">
        <ele>712</ele>
        <time>2024-12-07T19:32:12.887000Z</time>
      </trkpt>
      <trkpt lat="41.675346" lon="45.095302">
        <ele>712.3</ele>
        <time>2024-12-07T19:32:13.912000Z</time>
      </trkpt>
      <trkpt lat="41.675343" lon="45.095374">
        <ele>712.6</ele>
        <time>2024-12-07T19:32:14.912000Z</time>
      </trkpt>
      <trkpt lat="41.675339" lon="45.09545">
        <ele>712.9</ele>
        <time>2024-12-07T19:32:15.967000Z</time>
      </trkpt>
      <trkpt lat="41.675336" lon="45.095523">
        <ele>713.1</ele>
        <time>2024-12-07T19:32:16.979000Z</time>
      </trkpt>
      <trkpt lat="41.675332" lon="45.095593">
        <ele>713.3</ele>
        <time>2024-12-07T19:32:17.952000Z</time>
      </trkpt>
      <trkpt lat="41.675328" lon="45.095667">
        <ele>713.5</ele>
        <time>2024-12-07T19:32:18.979000Z</time>
      </trkpt>
      <trkpt lat="41.675324" lon="45.095737">
        <ele>713.6</ele>
        <time>2024-12-07T19:32:19.951000Z</time>
      </trkpt>
      <trkpt lat="41.675323" lon="45.095809">
        <ele>713.8</ele>
        <time>2024-12-07T19:32:20.949000Z</time>
      </trkpt>
      <trkpt lat="41.675323" lon="45.095878">
        <ele>713.9</ele>
        <time>2024-12-07T19:32:21.905000Z</time>
      </trkpt>
      <trkpt lat="41.67532" lon="45.09595">
        <ele>714</ele>
        <time>2024-12-07T19:32:22.903000Z</time>
      </trkpt>
      <trkpt lat="41.675313" lon="45.096022">
        <ele>714.1</ele>
        <time>2024-12-07T19:32:23.908000Z</time>
      </trkpt>
      <trkpt lat="41.675309" lon="45.096092">
        <ele>714.2</ele>
        <time>2024-12-07T19:32:24.880000Z</time>
      </trkpt>
      <trkpt lat="41.675305" lon="45.096163">
        <ele>714.2</ele>
        <time>2024-12-07T19:32:25.866000Z</time>
      </trkpt>
      <trkpt lat="41.675301" lon="45.096236">
        <ele>714.3</ele>
        <time>2024-12-07T19:32:26.879000Z</time>
      </trkpt>
      <trkpt lat="41.675297" lon="45.096309">
        <ele>714.3</ele>
        <time>2024-12-07T19:32:27.892000Z</time>
      </trkpt>
      <trkpt lat="41.675294" lon="45.096381">
        <ele>714.3</ele>
        <time>2024-12-07T19:32:28.890000Z</time>
      </trkpt>
      <trkpt lat="41.675287" lon="45.096453">
        <ele>714.3</ele>
        <time>2024-12-07T19:32:29.895000Z</time>
      </trkpt>
      <trkpt lat="41.675282" lon="45.096526">
        <ele>714.3</ele>
        <time>2024-12-07T19:32:30.910000Z</time>
      </trkpt>
      <trkpt lat="41.675275" lon="45.096599">
        <ele>714.2</ele>
        <time>2024-12-07T19:32:31.928000Z</time>
      </trkpt>
      <trkpt lat="41.675271" lon="45.096668">
        <ele>714.2</ele>
        <time>2024-12-07T19:32:32.887000Z</time>
      </trkpt>
      <trkpt lat="41.675264" lon="45.096737">
        <ele>714.2</ele>
        <time>2024-12-07T19:32:33.851000Z</time>
      </trkpt>
      <trkpt lat="41.675258" lon="45.096807">
        <ele>714.2</ele>
        <time>2024-12-07T19:32:34.826000Z</time>
      </trkpt>
      <trkpt lat="41.675252" lon="45.096877">
        <ele>714.1</ele>
        <time>2024-12-07T19:32:35.801000Z</time>
      </trkpt>
      <trkpt lat="41.675245" lon="45.096946">
        <ele>714.1</ele>
        <time>2024-12-07T19:32:36.765000Z</time>
      </trkpt>
      <trkpt lat="41.675237" lon="45.097018">
        <ele>714</ele>
        <time>2024-12-07T19:32:37.772000Z</time>
      </trkpt>
      <trkpt lat="41.675229" lon="45.097088">
        <ele>713.9</ele>
        <time>2024-12-07T19:32:38.753000Z</time>
      </trkpt>
      <trkpt lat="41.675222" lon="45.097159">
        <ele>713.8</ele>
        <time>2024-12-07T19:32:39.745000Z</time>
      </trkpt>
      <trkpt lat="41.675214" lon="45.097226">
        <ele>713.7</ele>
        <time>2024-12-07T19:32:40.684000Z</time>
      </trkpt>
      <trkpt lat="41.675203" lon="45.097294">
        <ele>713.5</ele>
        <time>2024-12-07T19:32:41.647000Z</time>
      </trkpt>
      <trkpt lat="41.675192" lon="45.097362">
        <ele>713.3</ele>
        <time>2024-12-07T19:32:42.611000Z</time>
      </trkpt>
      <trkpt lat="41.675181" lon="45.097434">
        <ele>713.2</ele>
        <time>2024-12-07T19:32:43.628000Z</time>
      </trkpt>
      <trkpt lat="41.675172" lon="45.097503">
        <ele>713.1</ele>
        <time>2024-12-07T19:32:44.599000Z</time>
      </trkpt>
      <trkpt lat="41.675161" lon="45.097575">
        <ele>712.9</ele>
        <time>2024-12-07T19:32:45.617000Z</time>
      </trkpt>
      <trkpt lat="41.675153" lon="45.097645">
        <ele>712.8</ele>
        <time>2024-12-07T19:32:46.597000Z</time>
      </trkpt>
      <trkpt lat="41.675142" lon="45.097713">
        <ele>712.7</ele>
        <time>2024-12-07T19:32:47.560000Z</time>
      </trkpt>
      <trkpt lat="41.675131" lon="45.097782">
        <ele>712.5</ele>
        <time>2024-12-07T19:32:48.537000Z</time>
      </trkpt>
      <trkpt lat="41.675123" lon="45.097847">
        <ele>712.3</ele>
        <time>2024-12-07T19:32:49.450000Z</time>
      </trkpt>
      <trkpt lat="41.675112" lon="45.097915">
        <ele>712.1</ele>
        <time>2024-12-07T19:32:50.413000Z</time>
      </trkpt>
      <trkpt lat="41.675104" lon="45.097981">
        <ele>711.9</ele>
        <time>2024-12-07T19:32:51.339000Z</time>
      </trkpt>
      <trkpt lat="41.675093" lon="45.098049">
        <ele>711.6</ele>
        <time>2024-12-07T19:32:52.304000Z</time>
      </trkpt>
      <trkpt lat="41.675081" lon="45.098118">
        <ele>711.4</ele>
        <time>2024-12-07T19:32:53.285000Z</time>
      </trkpt>
      <trkpt lat="41.675073" lon="45.098183">
        <ele>711.1</ele>
        <time>2024-12-07T19:32:54.198000Z</time>
      </trkpt>
      <trkpt lat="41.675059" lon="45.098248">
        <ele>710.9</ele>
        <time>2024-12-07T19:32:55.135000Z</time>
      </trkpt>
      <trkpt lat="41.675047" lon="45.098316">
        <ele>710.7</ele>
        <time>2024-12-07T19:32:56.103000Z</time>
      </trkpt>
      <trkpt lat="41.675035" lon="45.098381">
        <ele>710.5</ele>
        <time>2024-12-07T19:32:57.031000Z</time>
      </trkpt>
      <trkpt lat="41.675027" lon="45.098449">
        <ele>710.3</ele>
        <time>2024-12-07T19:32:57.984000Z</time>
      </trkpt>
      <trkpt lat="41.675013" lon="45.098518">
        <ele>710.1</ele>
        <time>2024-12-07T19:32:58.974000Z</time>
      </trkpt>
      <trkpt lat="41.674998" lon="45.098587">
        <ele>709.9</ele>
        <time>2024-12-07T19:32:59.969000Z</time>
      </trkpt>
      <trkpt lat="41.674986" lon="45.098652">
        <ele>709.7</ele>
        <time>2024-12-07T19:33:00.897000Z</time>
      </trkpt>
      <trkpt lat="41.674975" lon="45.098717">
        <ele>709.7</ele>
        <time>2024-12-07T19:33:01.819000Z</time>
      </trkpt>
      <trkpt lat="41.67496" lon="45.098782">
        <ele>709.6</ele>
        <time>2024-12-07T19:33:02.761000Z</time>
      </trkpt>
      <trkpt lat="41.674948" lon="45.09885">
        <ele>709.5</ele>
        <time>2024-12-07T19:33:03.728000Z</time>
      </trkpt>
      <trkpt lat="41.674933" lon="45.098916">
        <ele>709.6</ele>
        <time>2024-12-07T19:33:04.683000Z</time>
      </trkpt>
      <trkpt lat="41.674921" lon="45.09898">
        <ele>709.5</ele>
        <time>2024-12-07T19:33:05.597000Z</time>
      </trkpt>
      <trkpt lat="41.67491" lon="45.099045">
        <ele>709.5</ele>
        <time>2024-12-07T19:33:06.519000Z</time>
      </trkpt>
      <trkpt lat="41.674892" lon="45.099113">
        <ele>709.5</ele>
        <time>2024-12-07T19:33:07.518000Z</time>
      </trkpt>
      <trkpt lat="41.674876" lon="45.099178">
        <ele>709.5</ele>
        <time>2024-12-07T19:33:08.465000Z</time>
      </trkpt>
      <trkpt lat="41.674861" lon="45.099247">
        <ele>709.5</ele>
        <time>2024-12-07T19:33:09.460000Z</time>
      </trkpt>
      <trkpt lat="41.674842" lon="45.099315">
        <ele>709.5</ele>
        <time>2024-12-07T19:33:10.466000Z</time>
      </trkpt>
      <trkpt lat="41.674823" lon="45.09939">
        <ele>709.4</ele>
        <time>2024-12-07T19:33:11.561000Z</time>
      </trkpt>
      <trkpt lat="41.67481" lon="45.099448">
        <ele>709.4</ele>
        <time>2024-12-07T19:33:12.399000Z</time>
      </trkpt>
      <trkpt lat="41.674796" lon="45.099511">
        <ele>709.4</ele>
        <time>2024-12-07T19:33:13.309000Z</time>
      </trkpt>
      <trkpt lat="41.674777" lon="45.099576">
        <ele>709.3</ele>
        <time>2024-12-07T19:33:14.275000Z</time>
      </trkpt>
      <trkpt lat="41.674762" lon="45.09964">
        <ele>709.2</ele>
        <time>2024-12-07T19:33:15.204000Z</time>
      </trkpt>
      <trkpt lat="41.674746" lon="45.099705">
        <ele>709.1</ele>
        <time>2024-12-07T19:33:16.151000Z</time>
      </trkpt>
      <trkpt lat="41.674728" lon="45.099783">
        <ele>709</ele>
        <time>2024-12-07T19:33:17.282000Z</time>
      </trkpt>
      <trkpt lat="41.674712" lon="45.099841">
        <ele>708.9</ele>
        <time>2024-12-07T19:33:18.138000Z</time>
      </trkpt>
      <trkpt lat="41.674697" lon="45.099903">
        <ele>708.9</ele>
        <time>2024-12-07T19:33:19.041000Z</time>
      </trkpt>
      <trkpt lat="41.674675" lon="45.099981">
        <ele>708.8</ele>
        <time>2024-12-07T19:33:20.194000Z</time>
      </trkpt>
      <trkpt lat="41.674662" lon="45.100036">
        <ele>708.7</ele>
        <time>2024-12-07T19:33:20.993000Z</time>
      </trkpt>
      <trkpt lat="41.674644" lon="45.100095">
        <ele>708.7</ele>
        <time>2024-12-07T19:33:21.875000Z</time>
      </trkpt>
      <trkpt lat="41.674625" lon="45.100159">
        <ele>708.6</ele>
        <time>2024-12-07T19:33:22.829000Z</time>
      </trkpt>
      <trkpt lat="41.674603" lon="45.100221">
        <ele>708.5</ele>
        <time>2024-12-07T19:33:23.780000Z</time>
      </trkpt>
      <trkpt lat="41.67458" lon="45.100285">
        <ele>708.4</ele>
        <time>2024-12-07T19:33:24.762000Z</time>
      </trkpt>
      <trkpt lat="41.67456" lon="45.10035">
        <ele>708.2</ele>
        <time>2024-12-07T19:33:25.737000Z</time>
      </trkpt>
      <trkpt lat="41.674541" lon="45.100415">
        <ele>708</ele>
        <time>2024-12-07T19:33:26.703000Z</time>
      </trkpt>
      <trkpt lat="41.674522" lon="45.10048">
        <ele>707.9</ele>
        <time>2024-12-07T19:33:27.670000Z</time>
      </trkpt>
      <trkpt lat="41.674496" lon="45.100557">
        <ele>707.5</ele>
        <time>2024-12-07T19:33:28.841000Z</time>
      </trkpt>
      <trkpt lat="41.674479" lon="45.100612">
        <ele>707.3</ele>
        <time>2024-12-07T19:33:29.665000Z</time>
      </trkpt>
      <trkpt lat="41.674454" lon="45.100677">
        <ele>707.1</ele>
        <time>2024-12-07T19:33:30.679000Z</time>
      </trkpt>
      <trkpt lat="41.674431" lon="45.100746">
        <ele>706.8</ele>
        <time>2024-12-07T19:33:31.725000Z</time>
      </trkpt>
      <trkpt lat="41.674408" lon="45.100812">
        <ele>706.7</ele>
        <time>2024-12-07T19:33:32.734000Z</time>
      </trkpt>
      <trkpt lat="41.674385" lon="45.100877">
        <ele>706.5</ele>
        <time>2024-12-07T19:33:33.730000Z</time>
      </trkpt>
      <trkpt lat="41.674359" lon="45.100954">
        <ele>706.3</ele>
        <time>2024-12-07T19:33:34.900000Z</time>
      </trkpt>
      <trkpt lat="41.674335" lon="45.101012">
        <ele>706.1</ele>
        <time>2024-12-07T19:33:35.818000Z</time>
      </trkpt>
      <trkpt lat="41.674313" lon="45.101078">
        <ele>705.9</ele>
        <time>2024-12-07T19:33:36.819000Z</time>
      </trkpt>
      <trkpt lat="41.674283" lon="45.101156">
        <ele>705.6</ele>
        <time>2024-12-07T19:33:38.035000Z</time>
      </trkpt>
      <trkpt lat="41.674262" lon="45.101214">
        <ele>705.4</ele>
        <time>2024-12-07T19:33:38.928000Z</time>
      </trkpt>
      <trkpt lat="41.67424" lon="45.10128">
        <ele>705.1</ele>
        <time>2024-12-07T19:33:39.930000Z</time>
      </trkpt>
      <trkpt lat="41.674217" lon="45.101349">
        <ele>704.8</ele>
        <time>2024-12-07T19:33:40.976000Z</time>
      </trkpt>
      <trkpt lat="41.674188" lon="45.101421">
        <ele>704.4</ele>
        <time>2024-12-07T19:33:42.111000Z</time>
      </trkpt>
      <trkpt lat="41.674161" lon="45.10149">
        <ele>704</ele>
        <time>2024-12-07T19:33:43.191000Z</time>
      </trkpt>
      <trkpt lat="41.674134" lon="45.101559">
        <ele>703.5</ele>
        <time>2024-12-07T19:33:44.273000Z</time>
      </trkpt>
      <trkpt lat="41.674107" lon="45.101631">
        <ele>702.9</ele>
        <time>2024-12-07T19:33:45.393000Z</time>
      </trkpt>
      <trkpt lat="41.674077" lon="45.1017">
        <ele>702.3</ele>
        <time>2024-12-07T19:33:46.502000Z</time>
      </trkpt>
      <trkpt lat="41.674047" lon="45.101768">
        <ele>701.6</ele>
        <time>2024-12-07T19:33:47.600000Z</time>
      </trkpt>
      <trkpt lat="41.674019" lon="45.101843">
        <ele>701</ele>
        <time>2024-12-07T19:33:48.767000Z</time>
      </trkpt>
      <trkpt lat="41.67399" lon="45.101913">
        <ele>700.3</ele>
        <time>2024-12-07T19:33:49.880000Z</time>
      </trkpt>
      <trkpt lat="41.673956" lon="45.101985">
        <ele>699.6</ele>
        <time>2024-12-07T19:33:51.065000Z</time>
      </trkpt>
      <trkpt lat="41.673925" lon="45.102061">
        <ele>699</ele>
        <time>2024-12-07T19:33:52.268000Z</time>
      </trkpt>
      <trkpt lat="41.673891" lon="45.102134">
        <ele>698.4</ele>
        <time>2024-12-07T19:33:53.464000Z</time>
      </trkpt>
      <trkpt lat="41.67386" lon="45.102206">
        <ele>697.9</ele>
        <time>2024-12-07T19:33:54.617000Z</time>
      </trkpt>
      <trkpt lat="41.673829" lon="45.102282">
        <ele>697.3</ele>
        <time>2024-12-07T19:33:55.819000Z</time>
      </trkpt>
      <trkpt lat="41.673796" lon="45.102355">
        <ele>696.9</ele>
        <time>2024-12-07T19:33:57.003000Z</time>
      </trkpt>
      <trkpt lat="41.673765" lon="45.102428">
        <ele>696.5</ele>
        <time>2024-12-07T19:33:58.167000Z</time>
      </trkpt>
      <trkpt lat="41.673731" lon="45.102503">
        <ele>696.1</ele>
        <time>2024-12-07T19:33:59.383000Z</time>
      </trkpt>
      <trkpt lat="41.673693" lon="45.102577">
        <ele>695.7</ele>
        <time>2024-12-07T19:34:00.628000Z</time>
      </trkpt>
      <trkpt lat="41.673658" lon="45.102652">
        <ele>695.4</ele>
        <time>2024-12-07T19:34:01.853000Z</time>
      </trkpt>
      <trkpt lat="41.673624" lon="45.102726">
        <ele>695.1</ele>
        <time>2024-12-07T19:34:03.056000Z</time>
      </trkpt>
      <trkpt lat="41.67359" lon="45.102798">
        <ele>694.9</ele>
        <time>2024-12-07T19:34:04.236000Z</time>
      </trkpt>
      <trkpt lat="41.673555" lon="45.10287">
        <ele>694.7</ele>
        <time>2024-12-07T19:34:05.426000Z</time>
      </trkpt>
      <trkpt lat="41.673511" lon="45.102956">
        <ele>694.5</ele>
        <time>2024-12-07T19:34:06.869000Z</time>
      </trkpt>
      <trkpt lat="41.673478" lon="45.103021">
        <ele>694.4</ele>
        <time>2024-12-07T19:34:07.958000Z</time>
      </trkpt>
      <trkpt lat="41.673442" lon="45.103088">
        <ele>694.3</ele>
        <time>2024-12-07T19:34:09.100000Z</time>
      </trkpt>
      <trkpt lat="41.673407" lon="45.103164">
        <ele>694.2</ele>
        <time>2024-12-07T19:34:10.336000Z</time>
      </trkpt>
      <trkpt lat="41.673366" lon="45.103237">
        <ele>694.2</ele>
        <time>2024-12-07T19:34:11.600000Z</time>
      </trkpt>
      <trkpt lat="41.673321" lon="45.103325">
        <ele>694.2</ele>
        <time>2024-12-07T19:34:13.077000Z</time>
      </trkpt>
      <trkpt lat="41.673288" lon="45.103391">
        <ele>694.3</ele>
        <time>2024-12-07T19:34:14.176000Z</time>
      </trkpt>
      <trkpt lat="41.673254" lon="45.103461">
        <ele>694.4</ele>
        <time>2024-12-07T19:34:15.332000Z</time>
      </trkpt>
      <trkpt lat="41.673217" lon="45.103534">
        <ele>694.4</ele>
        <time>2024-12-07T19:34:16.553000Z</time>
      </trkpt>
      <trkpt lat="41.673175" lon="45.103606">
        <ele>694.6</ele>
        <time>2024-12-07T19:34:17.818000Z</time>
      </trkpt>
      <trkpt lat="41.673136" lon="45.103679">
        <ele>694.8</ele>
        <time>2024-12-07T19:34:19.061000Z</time>
      </trkpt>
      <trkpt lat="41.673098" lon="45.103751">
        <ele>695</ele>
        <time>2024-12-07T19:34:20.281000Z</time>
      </trkpt>
      <trkpt lat="41.67306" lon="45.103824">
        <ele>695.2</ele>
        <time>2024-12-07T19:34:21.514000Z</time>
      </trkpt>
      <trkpt lat="41.673022" lon="45.1039">
        <ele>695.5</ele>
        <time>2024-12-07T19:34:22.781000Z</time>
      </trkpt>
      <trkpt lat="41.672984" lon="45.103972">
        <ele>695.9</ele>
        <time>2024-12-07T19:34:24.003000Z</time>
      </trkpt>
      <trkpt lat="41.672946" lon="45.104042">
        <ele>696.3</ele>
        <time>2024-12-07T19:34:25.203000Z</time>
      </trkpt>
      <trkpt lat="41.672911" lon="45.104111">
        <ele>696.7</ele>
        <time>2024-12-07T19:34:26.359000Z</time>
      </trkpt>
      <trkpt lat="41.672873" lon="45.104179">
        <ele>697.2</ele>
        <time>2024-12-07T19:34:27.538000Z</time>
      </trkpt>
      <trkpt lat="41.672835" lon="45.104245">
        <ele>697.7</ele>
        <time>2024-12-07T19:34:28.694000Z</time>
      </trkpt>
      <trkpt lat="41.6728" lon="45.104313">
        <ele>698.2</ele>
        <time>2024-12-07T19:34:29.841000Z</time>
      </trkpt>
      <trkpt lat="41.672762" lon="45.104382">
        <ele>698.8</ele>
        <time>2024-12-07T19:34:31.031000Z</time>
      </trkpt>
      <trkpt lat="41.672728" lon="45.10445">
        <ele>699.3</ele>
        <time>2024-12-07T19:34:32.169000Z</time>
      </trkpt>
      <trkpt lat="41.67269" lon="45.104519">
        <ele>699.9</ele>
        <time>2024-12-07T19:34:33.359000Z</time>
      </trkpt>
      <trkpt lat="41.672652" lon="45.104591">
        <ele>700.5</ele>
        <time>2024-12-07T19:34:34.583000Z</time>
      </trkpt>
      <trkpt lat="41.672614" lon="45.104663">
        <ele>701.1</ele>
        <time>2024-12-07T19:34:35.807000Z</time>
      </trkpt>
      <trkpt lat="41.672576" lon="45.104736">
        <ele>701.6</ele>
        <time>2024-12-07T19:34:37.043000Z</time>
      </trkpt>
      <trkpt lat="41.672541" lon="45.104808">
        <ele>702.2</ele>
        <time>2024-12-07T19:34:38.235000Z</time>
      </trkpt>
      <trkpt lat="41.672503" lon="45.10488">
        <ele>702.7</ele>
        <time>2024-12-07T19:34:39.459000Z</time>
      </trkpt>
      <trkpt lat="41.672468" lon="45.104953">
        <ele>703.3</ele>
        <time>2024-12-07T19:34:40.664000Z</time>
      </trkpt>
      <trkpt lat="41.672431" lon="45.105029">
        <ele>703.9</ele>
        <time>2024-12-07T19:34:41.922000Z</time>
      </trkpt>
      <trkpt lat="41.672396" lon="45.105102">
        <ele>704.4</ele>
        <time>2024-12-07T19:34:43.127000Z</time>
      </trkpt>
      <trkpt lat="41.672361" lon="45.105174">
        <ele>704.9</ele>
        <time>2024-12-07T19:34:44.319000Z</time>
      </trkpt>
      <trkpt lat="41.672327" lon="45.10525">
        <ele>705.5</ele>
        <time>2024-12-07T19:34:45.549000Z</time>
      </trkpt>
      <trkpt lat="41.672293" lon="45.105323">
        <ele>706</ele>
        <time>2024-12-07T19:34:46.743000Z</time>
      </trkpt>
      <trkpt lat="41.672258" lon="45.105399">
        <ele>706.5</ele>
        <time>2024-12-07T19:34:47.983000Z</time>
      </trkpt>
      <trkpt lat="41.672218" lon="45.105478">
        <ele>707.1</ele>
        <time>2024-12-07T19:34:49.306000Z</time>
      </trkpt>
      <trkpt lat="41.672182" lon="45.105555">
        <ele>707.6</ele>
        <time>2024-12-07T19:34:50.567000Z</time>
      </trkpt>
      <trkpt lat="41.672144" lon="45.105635">
        <ele>708.1</ele>
        <time>2024-12-07T19:34:51.882000Z</time>
      </trkpt>
      <trkpt lat="41.672106" lon="45.105718">
        <ele>708.6</ele>
        <time>2024-12-07T19:34:53.231000Z</time>
      </trkpt>
      <trkpt lat="41.672072" lon="45.105802">
        <ele>709.1</ele>
        <time>2024-12-07T19:34:54.558000Z</time>
      </trkpt>
      <trkpt lat="41.67204" lon="45.105883">
        <ele>709.5</ele>
        <time>2024-12-07T19:34:55.828000Z</time>
      </trkpt>
      <trkpt lat="41.672007" lon="45.105962">
        <ele>710</ele>
        <time>2024-12-07T19:34:57.083000Z</time>
      </trkpt>
      <trkpt lat="41.671972" lon="45.106043">
        <ele>710.4</ele>
        <time>2024-12-07T19:34:58.380000Z</time>
      </trkpt>
      <trkpt lat="41.671941" lon="45.106123">
        <ele>710.8</ele>
        <time>2024-12-07T19:34:59.629000Z</time>
      </trkpt>
      <trkpt lat="41.671907" lon="45.106206">
        <ele>711.2</ele>
        <time>2024-12-07T19:35:00.942000Z</time>
      </trkpt>
      <trkpt lat="41.671876" lon="45.10629">
        <ele>711.6</ele>
        <time>2024-12-07T19:35:02.241000Z</time>
      </trkpt>
      <trkpt lat="41.671842" lon="45.106374">
        <ele>712</ele>
        <time>2024-12-07T19:35:03.565000Z</time>
      </trkpt>
      <trkpt lat="41.671808" lon="45.106461">
        <ele>712.4</ele>
        <time>2024-12-07T19:35:04.926000Z</time>
      </trkpt>
      <trkpt lat="41.671774" lon="45.106546">
        <ele>712.7</ele>
        <time>2024-12-07T19:35:06.261000Z</time>
      </trkpt>
      <trkpt lat="41.671746" lon="45.10663">
        <ele>713</ele>
        <time>2024-12-07T19:35:07.535000Z</time>
      </trkpt>
      <trkpt lat="41.671713" lon="45.106711">
        <ele>713.3</ele>
        <time>2024-12-07T19:35:08.813000Z</time>
      </trkpt>
      <trkpt lat="41.671682" lon="45.106796">
        <ele>713.6</ele>
        <time>2024-12-07T19:35:10.124000Z</time>
      </trkpt>
      <trkpt lat="41.671655" lon="45.106877">
        <ele>713.8</ele>
        <time>2024-12-07T19:35:11.353000Z</time>
      </trkpt>
      <trkpt lat="41.671624" lon="45.106962">
        <ele>714.1</ele>
        <time>2024-12-07T19:35:12.663000Z</time>
      </trkpt>
      <trkpt lat="41.671597" lon="45.107042">
        <ele>714.3</ele>
        <time>2024-12-07T19:35:13.878000Z</time>
      </trkpt>
      <trkpt lat="41.671567" lon="45.107122">
        <ele>714.5</ele>
        <time>2024-12-07T19:35:15.119000Z</time>
      </trkpt>
      <trkpt lat="41.67154" lon="45.107206">
        <ele>714.7</ele>
        <time>2024-12-07T19:35:16.385000Z</time>
      </trkpt>
      <trkpt lat="41.671513" lon="45.107289">
        <ele>714.9</ele>
        <time>2024-12-07T19:35:17.638000Z</time>
      </trkpt>
      <trkpt lat="41.671487" lon="45.107373">
        <ele>715.1</ele>
        <time>2024-12-07T19:35:18.897000Z</time>
      </trkpt>
      <trkpt lat="41.671457" lon="45.107457">
        <ele>715.2</ele>
        <time>2024-12-07T19:35:20.186000Z</time>
      </trkpt>
      <trkpt lat="41.67143" lon="45.107544">
        <ele>715.4</ele>
        <time>2024-12-07T19:35:21.490000Z</time>
      </trkpt>
      <trkpt lat="41.671403" lon="45.107628">
        <ele>715.5</ele>
        <time>2024-12-07T19:35:22.758000Z</time>
      </trkpt>
      <trkpt lat="41.671379" lon="45.107716">
        <ele>715.6</ele>
        <time>2024-12-07T19:35:24.053000Z</time>
      </trkpt>
      <trkpt lat="41.671353" lon="45.107801">
        <ele>715.7</ele>
        <time>2024-12-07T19:35:25.326000Z</time>
      </trkpt>
      <trkpt lat="41.671329" lon="45.107885">
        <ele>715.8</ele>
        <time>2024-12-07T19:35:26.571000Z</time>
      </trkpt>
      <trkpt lat="41.671307" lon="45.107971">
        <ele>715.8</ele>
        <time>2024-12-07T19:35:27.829000Z</time>
      </trkpt>
      <trkpt lat="41.671284" lon="45.108057">
        <ele>715.9</ele>
        <time>2024-12-07T19:35:29.094000Z</time>
      </trkpt>
      <trkpt lat="41.671258" lon="45.108143">
        <ele>716</ele>
        <time>2024-12-07T19:35:30.378000Z</time>
      </trkpt>
      <trkpt lat="41.671231" lon="45.108231">
        <ele>716.1</ele>
        <time>2024-12-07T19:35:31.696000Z</time>
      </trkpt>
      <trkpt lat="41.671211" lon="45.108318">
        <ele>716.2</ele>
        <time>2024-12-07T19:35:32.956000Z</time>
      </trkpt>
      <trkpt lat="41.671188" lon="45.10841">
        <ele>716.3</ele>
        <time>2024-12-07T19:35:34.298000Z</time>
      </trkpt>
      <trkpt lat="41.671166" lon="45.108495">
        <ele>716.4</ele>
        <time>2024-12-07T19:35:35.544000Z</time>
      </trkpt>
      <trkpt lat="41.671143" lon="45.108584">
        <ele>716.5</ele>
        <time>2024-12-07T19:35:36.847000Z</time>
      </trkpt>
      <trkpt lat="41.671123" lon="45.108673">
        <ele>716.6</ele>
        <time>2024-12-07T19:35:38.134000Z</time>
      </trkpt>
      <trkpt lat="41.671101" lon="45.108761">
        <ele>716.7</ele>
        <time>2024-12-07T19:35:39.420000Z</time>
      </trkpt>
      <trkpt lat="41.671078" lon="45.108848">
        <ele>716.8</ele>
        <time>2024-12-07T19:35:40.697000Z</time>
      </trkpt>
      <trkpt lat="41.671058" lon="45.108939">
        <ele>716.9</ele>
        <time>2024-12-07T19:35:42.010000Z</time>
      </trkpt>
      <trkpt lat="41.671036" lon="45.109031">
        <ele>717.1</ele>
        <time>2024-12-07T19:35:43.348000Z</time>
      </trkpt>
      <trkpt lat="41.671016" lon="45.109119">
        <ele>717.2</ele>
        <time>2024-12-07T19:35:44.621000Z</time>
      </trkpt>
      <trkpt lat="41.670997" lon="45.109207">
        <ele>717.3</ele>
        <time>2024-12-07T19:35:45.889000Z</time>
      </trkpt>
      <trkpt lat="41.670978" lon="45.109293">
        <ele>717.4</ele>
        <time>2024-12-07T19:35:47.131000Z</time>
      </trkpt>
      <trkpt lat="41.670956" lon="45.109385">
        <ele>717.6</ele>
        <time>2024-12-07T19:35:48.468000Z</time>
      </trkpt>
      <trkpt lat="41.670939" lon="45.109477">
        <ele>717.7</ele>
        <time>2024-12-07T19:35:49.780000Z</time>
      </trkpt>
      <trkpt lat="41.670924" lon="45.109568">
        <ele>717.8</ele>
        <time>2024-12-07T19:35:51.071000Z</time>
      </trkpt>
      <trkpt lat="41.670906" lon="45.109659">
        <ele>717.9</ele>
        <time>2024-12-07T19:35:52.374000Z</time>
      </trkpt>
      <trkpt lat="41.67089" lon="45.109751">
        <ele>718.1</ele>
        <time>2024-12-07T19:35:53.682000Z</time>
      </trkpt>
      <trkpt lat="41.670875" lon="45.109842">
        <ele>718.2</ele>
        <time>2024-12-07T19:35:54.973000Z</time>
      </trkpt>
      <trkpt lat="41.670863" lon="45.109933">
        <ele>718.4</ele>
        <time>2024-12-07T19:35:56.251000Z</time>
      </trkpt>
      <trkpt lat="41.670848" lon="45.110026">
        <ele>718.5</ele>
        <time>2024-12-07T19:35:57.569000Z</time>
      </trkpt>
      <trkpt lat="41.670832" lon="45.110121">
        <ele>718.7</ele>
        <time>2024-12-07T19:35:58.917000Z</time>
      </trkpt>
      <trkpt lat="41.670817" lon="45.110215">
        <ele>718.9</ele>
        <time>2024-12-07T19:36:00.249000Z</time>
      </trkpt>
      <trkpt lat="41.670799" lon="45.110307">
        <ele>719</ele>
        <time>2024-12-07T19:36:01.565000Z</time>
      </trkpt>
      <trkpt lat="41.670783" lon="45.110399">
        <ele>719.2</ele>
        <time>2024-12-07T19:36:02.873000Z</time>
      </trkpt>
      <trkpt lat="41.670771" lon="45.11049">
        <ele>719.4</ele>
        <time>2024-12-07T19:36:04.154000Z</time>
      </trkpt>
      <trkpt lat="41.670759" lon="45.110582">
        <ele>719.6</ele>
        <time>2024-12-07T19:36:05.446000Z</time>
      </trkpt>
      <trkpt lat="41.670748" lon="45.110673">
        <ele>719.8</ele>
        <time>2024-12-07T19:36:06.723000Z</time>
      </trkpt>
      <trkpt lat="41.670737" lon="45.110765">
        <ele>720.1</ele>
        <time>2024-12-07T19:36:08.013000Z</time>
      </trkpt>
      <trkpt lat="41.670725" lon="45.110859">
        <ele>720.3</ele>
        <time>2024-12-07T19:36:09.334000Z</time>
      </trkpt>
      <trkpt lat="41.67071" lon="45.110956">
        <ele>720.5</ele>
        <time>2024-12-07T19:36:10.705000Z</time>
      </trkpt>
      <trkpt lat="41.670698" lon="45.111054">
        <ele>720.7</ele>
        <time>2024-12-07T19:36:12.081000Z</time>
      </trkpt>
      <trkpt lat="41.670687" lon="45.111152">
        <ele>720.9</ele>
        <time>2024-12-07T19:36:13.454000Z</time>
      </trkpt>
      <trkpt lat="41.670675" lon="45.111246">
        <ele>721.1</ele>
        <time>2024-12-07T19:36:14.774000Z</time>
      </trkpt>
      <trkpt lat="41.670667" lon="45.11134">
        <ele>721.3</ele>
        <time>2024-12-07T19:36:16.083000Z</time>
      </trkpt>
      <trkpt lat="41.67066" lon="45.111435">
        <ele>721.4</ele>
        <time>2024-12-07T19:36:17.405000Z</time>
      </trkpt>
      <trkpt lat="41.670655" lon="45.111528">
        <ele>721.5</ele>
        <time>2024-12-07T19:36:18.696000Z</time>
      </trkpt>
      <trkpt lat="41.670648" lon="45.111622">
        <ele>721.6</ele>
        <time>2024-12-07T19:36:20.004000Z</time>
      </trkpt>
      <trkpt lat="41.670641" lon="45.111718">
        <ele>721.7</ele>
        <time>2024-12-07T19:36:21.339000Z</time>
      </trkpt>
      <trkpt lat="41.670636" lon="45.111814">
        <ele>721.7</ele>
        <time>2024-12-07T19:36:22.671000Z</time>
      </trkpt>
      <trkpt lat="41.670629" lon="45.111909">
        <ele>721.7</ele>
        <time>2024-12-07T19:36:23.993000Z</time>
      </trkpt>
      <trkpt lat="41.670624" lon="45.112008">
        <ele>721.8</ele>
        <time>2024-12-07T19:36:25.367000Z</time>
      </trkpt>
      <trkpt lat="41.670621" lon="45.112104">
        <ele>721.9</ele>
        <time>2024-12-07T19:36:26.697000Z</time>
      </trkpt>
      <trkpt lat="41.670617" lon="45.112199">
        <ele>722</ele>
        <time>2024-12-07T19:36:28.015000Z</time>
      </trkpt>
      <trkpt lat="41.670613" lon="45.112291">
        <ele>722.1</ele>
        <time>2024-12-07T19:36:29.290000Z</time>
      </trkpt>
      <trkpt lat="41.670609" lon="45.112386">
        <ele>722.2</ele>
        <time>2024-12-07T19:36:30.608000Z</time>
      </trkpt>
      <trkpt lat="41.670608" lon="45.112479">
        <ele>722.3</ele>
        <time>2024-12-07T19:36:31.895000Z</time>
      </trkpt>
      <trkpt lat="41.670605" lon="45.11257">
        <ele>722.5</ele>
        <time>2024-12-07T19:36:33.156000Z</time>
      </trkpt>
      <trkpt lat="41.670602" lon="45.112661">
        <ele>722.6</ele>
        <time>2024-12-07T19:36:34.418000Z</time>
      </trkpt>
      <trkpt lat="41.670601" lon="45.112753">
        <ele>722.7</ele>
        <time>2024-12-07T19:36:35.691000Z</time>
      </trkpt>
      <trkpt lat="41.670598" lon="45.112841">
        <ele>722.8</ele>
        <time>2024-12-07T19:36:36.911000Z</time>
      </trkpt>
      <trkpt lat="41.670594" lon="45.112938">
        <ele>722.9</ele>
        <time>2024-12-07T19:36:38.255000Z</time>
      </trkpt>
      <trkpt lat="41.670593" lon="45.113035">
        <ele>723</ele>
        <time>2024-12-07T19:36:39.599000Z</time>
      </trkpt>
      <trkpt lat="41.670593" lon="45.113129">
        <ele>723.1</ele>
        <time>2024-12-07T19:36:40.900000Z</time>
      </trkpt>
      <trkpt lat="41.67059" lon="45.113225">
        <ele>723.2</ele>
        <time>2024-12-07T19:36:42.230000Z</time>
      </trkpt>
      <trkpt lat="41.670589" lon="45.11332">
        <ele>723.3</ele>
        <time>2024-12-07T19:36:43.546000Z</time>
      </trkpt>
      <trkpt lat="41.670586" lon="45.113421">
        <ele>723.5</ele>
        <time>2024-12-07T19:36:44.946000Z</time>
      </trkpt>
      <trkpt lat="41.670583" lon="45.113519">
        <ele>723.6</ele>
        <time>2024-12-07T19:36:46.303000Z</time>
      </trkpt>
      <trkpt lat="41.670582" lon="45.113617">
        <ele>723.7</ele>
        <time>2024-12-07T19:36:47.660000Z</time>
      </trkpt>
      <trkpt lat="41.670582" lon="45.113716">
        <ele>723.8</ele>
        <time>2024-12-07T19:36:49.031000Z</time>
      </trkpt>
      <trkpt lat="41.670579" lon="45.113816">
        <ele>724</ele>
        <time>2024-12-07T19:36:50.416000Z</time>
      </trkpt>
      <trkpt lat="41.670578" lon="45.113914">
        <ele>724</ele>
        <time>2024-12-07T19:36:51.773000Z</time>
      </trkpt>
      <trkpt lat="41.670575" lon="45.114013">
        <ele>724.2</ele>
        <time>2024-12-07T19:36:53.146000Z</time>
      </trkpt>
      <trkpt lat="41.670574" lon="45.114113">
        <ele>724.2</ele>
        <time>2024-12-07T19:36:54.530000Z</time>
      </trkpt>
      <trkpt lat="41.670571" lon="45.114215">
        <ele>724.4</ele>
        <time>2024-12-07T19:36:55.944000Z</time>
      </trkpt>
      <trkpt lat="41.670567" lon="45.114315">
        <ele>724.5</ele>
        <time>2024-12-07T19:36:57.330000Z</time>
      </trkpt>
      <trkpt lat="41.670567" lon="45.114417">
        <ele>724.6</ele>
        <time>2024-12-07T19:36:58.741000Z</time>
      </trkpt>
      <trkpt lat="41.670563" lon="45.11452">
        <ele>724.7</ele>
        <time>2024-12-07T19:37:00.169000Z</time>
      </trkpt>
      <trkpt lat="41.67056" lon="45.114621">
        <ele>724.9</ele>
        <time>2024-12-07T19:37:01.569000Z</time>
      </trkpt>
      <trkpt lat="41.670556" lon="45.114723">
        <ele>725.1</ele>
        <time>2024-12-07T19:37:02.983000Z</time>
      </trkpt>
      <trkpt lat="41.670555" lon="45.114823">
        <ele>725.3</ele>
        <time>2024-12-07T19:37:04.368000Z</time>
      </trkpt>
      <trkpt lat="41.670555" lon="45.114925">
        <ele>725.4</ele>
        <time>2024-12-07T19:37:05.780000Z</time>
      </trkpt>
      <trkpt lat="41.670555" lon="45.115025">
        <ele>725.6</ele>
        <time>2024-12-07T19:37:07.165000Z</time>
      </trkpt>
      <trkpt lat="41.670552" lon="45.11513">
        <ele>725.7</ele>
        <time>2024-12-07T19:37:08.620000Z</time>
      </trkpt>
      <trkpt lat="41.670548" lon="45.115234">
        <ele>725.7</ele>
        <time>2024-12-07T19:37:10.062000Z</time>
      </trkpt>
      <trkpt lat="41.670547" lon="45.115337">
        <ele>725.8</ele>
        <time>2024-12-07T19:37:11.488000Z</time>
      </trkpt>
      <trkpt lat="41.670547" lon="45.11544">
        <ele>725.8</ele>
        <time>2024-12-07T19:37:12.913000Z</time>
      </trkpt>
      <trkpt lat="41.670544" lon="45.115543">
        <ele>725.8</ele>
        <time>2024-12-07T19:37:14.340000Z</time>
      </trkpt>
      <trkpt lat="41.670544" lon="45.115645">
        <ele>725.8</ele>
        <time>2024-12-07T19:37:15.752000Z</time>
      </trkpt>
      <trkpt lat="41.670541" lon="45.115749">
        <ele>725.8</ele>
        <time>2024-12-07T19:37:17.193000Z</time>
      </trkpt>
      <trkpt lat="41.67054" lon="45.115852">
        <ele>725.8</ele>
        <time>2024-12-07T19:37:18.620000Z</time>
      </trkpt>
      <trkpt lat="41.67054" lon="45.115954">
        <ele>725.8</ele>
        <time>2024-12-07T19:37:20.032000Z</time>
      </trkpt>
      <trkpt lat="41.670537" lon="45.116057">
        <ele>725.7</ele>
        <time>2024-12-07T19:37:21.458000Z</time>
      </trkpt>
      <trkpt lat="41.670533" lon="45.116161">
        <ele>725.7</ele>
        <time>2024-12-07T19:37:22.900000Z</time>
      </trkpt>
      <trkpt lat="41.670532" lon="45.116267">
        <ele>725.6</ele>
        <time>2024-12-07T19:37:24.368000Z</time>
      </trkpt>
      <trkpt lat="41.670529" lon="45.116369">
        <ele>725.6</ele>
        <time>2024-12-07T19:37:25.781000Z</time>
      </trkpt>
      <trkpt lat="41.670528" lon="45.116473">
        <ele>725.5</ele>
        <time>2024-12-07T19:37:27.221000Z</time>
      </trkpt>
      <trkpt lat="41.670724" lon="45.1165">
        <ele>725.3</ele>
        <time>2024-12-07T19:37:30.880000Z</time>
      </trkpt>
      <trkpt lat="41.670709" lon="45.116705">
        <ele>725.2</ele>
        <time>2024-12-07T19:37:36.058000Z</time>
      </trkpt>
      <trkpt lat="41.670677" lon="45.118163">
        <ele>723.9</ele>
        <time>2024-12-07T19:38:12.346000Z</time>
      </trkpt>
      <trkpt lat="41.670797" lon="45.119219">
        <ele>722.7</ele>
        <time>2024-12-07T19:38:38.372000Z</time>
      </trkpt>
      <trkpt lat="41.670797" lon="45.119219">
        <ele>722.7</ele>
        <time>2024-12-07T19:38:38.380000Z</time>
      </trkpt>
      <trkpt lat="41.670723" lon="45.119344">
        <ele>722.6</ele>
        <time>2024-12-07T19:38:40.588000Z</time>
      </trkpt>
      <trkpt lat="41.67049" lon="45.119373">
        <ele>722.4</ele>
        <time>2024-12-07T19:38:44.925000Z</time>
      </trkpt>
      <trkpt lat="41.670486" lon="45.119312">
        <ele>722.3</ele>
        <time>2024-12-07T19:38:45.773000Z</time>
      </trkpt>
      <trkpt lat="41.67049" lon="45.119423">
        <ele>722.3</ele>
        <time>2024-12-07T19:38:47.312000Z</time>
      </trkpt>
      <trkpt lat="41.67049" lon="45.119533">
        <ele>722.2</ele>
        <time>2024-12-07T19:38:48.835000Z</time>
      </trkpt>
      <trkpt lat="41.670493" lon="45.119644">
        <ele>722.2</ele>
        <time>2024-12-07T19:38:50.372000Z</time>
      </trkpt>
      <trkpt lat="41.670497" lon="45.119758">
        <ele>722.1</ele>
        <time>2024-12-07T19:38:51.952000Z</time>
      </trkpt>
      <trkpt lat="41.670498" lon="45.119869">
        <ele>722.1</ele>
        <time>2024-12-07T19:38:53.489000Z</time>
      </trkpt>
      <trkpt lat="41.670501" lon="45.119987">
        <ele>722</ele>
        <time>2024-12-07T19:38:55.123000Z</time>
      </trkpt>
      <trkpt lat="41.670502" lon="45.120105">
        <ele>722</ele>
        <time>2024-12-07T19:38:56.757000Z</time>
      </trkpt>
      <trkpt lat="41.670502" lon="45.120218">
        <ele>722</ele>
        <time>2024-12-07T19:38:58.321000Z</time>
      </trkpt>
      <trkpt lat="41.670502" lon="45.12034">
        <ele>722</ele>
        <time>2024-12-07T19:39:00.011000Z</time>
      </trkpt>
      <trkpt lat="41.670508" lon="45.120463">
        <ele>721.9</ele>
        <time>2024-12-07T19:39:01.717000Z</time>
      </trkpt>
      <trkpt lat="41.670513" lon="45.120582">
        <ele>721.9</ele>
        <time>2024-12-07T19:39:03.367000Z</time>
      </trkpt>
      <trkpt lat="41.670516" lon="45.1207">
        <ele>721.9</ele>
        <time>2024-12-07T19:39:05.002000Z</time>
      </trkpt>
      <trkpt lat="41.670523" lon="45.120821">
        <ele>721.9</ele>
        <time>2024-12-07T19:39:06.681000Z</time>
      </trkpt>
      <trkpt lat="41.670531" lon="45.120943">
        <ele>721.9</ele>
        <time>2024-12-07T19:39:08.377000Z</time>
      </trkpt>
      <trkpt lat="41.670539" lon="45.121069">
        <ele>721.9</ele>
        <time>2024-12-07T19:39:10.127000Z</time>
      </trkpt>
      <trkpt lat="41.670549" lon="45.121191">
        <ele>721.9</ele>
        <time>2024-12-07T19:39:11.826000Z</time>
      </trkpt>
      <trkpt lat="41.670558" lon="45.121316">
        <ele>721.9</ele>
        <time>2024-12-07T19:39:13.565000Z</time>
      </trkpt>
      <trkpt lat="41.670565" lon="45.121443">
        <ele>721.9</ele>
        <time>2024-12-07T19:39:15.328000Z</time>
      </trkpt>
      <trkpt lat="41.670579" lon="45.121568">
        <ele>721.9</ele>
        <time>2024-12-07T19:39:17.077000Z</time>
      </trkpt>
      <trkpt lat="41.670588" lon="45.121691">
        <ele>721.9</ele>
        <time>2024-12-07T19:39:18.789000Z</time>
      </trkpt>
      <trkpt lat="41.670599" lon="45.121819">
        <ele>721.9</ele>
        <time>2024-12-07T19:39:20.572000Z</time>
      </trkpt>
      <trkpt lat="41.670614" lon="45.121943">
        <ele>722</ele>
        <time>2024-12-07T19:39:22.311000Z</time>
      </trkpt>
      <trkpt lat="41.670626" lon="45.122072">
        <ele>722</ele>
        <time>2024-12-07T19:39:24.110000Z</time>
      </trkpt>
      <trkpt lat="41.67064" lon="45.122198">
        <ele>722</ele>
        <time>2024-12-07T19:39:25.874000Z</time>
      </trkpt>
      <trkpt lat="41.670659" lon="45.122346">
        <ele>721.9</ele>
        <time>2024-12-07T19:39:27.953000Z</time>
      </trkpt>
      <trkpt lat="41.670675" lon="45.122454">
        <ele>721.9</ele>
        <time>2024-12-07T19:39:29.477000Z</time>
      </trkpt>
      <trkpt lat="41.670693" lon="45.122575">
        <ele>721.8</ele>
        <time>2024-12-07T19:39:31.185000Z</time>
      </trkpt>
      <trkpt lat="41.670712" lon="45.122701">
        <ele>721.8</ele>
        <time>2024-12-07T19:39:32.964000Z</time>
      </trkpt>
      <trkpt lat="41.670731" lon="45.122828">
        <ele>721.8</ele>
        <time>2024-12-07T19:39:34.758000Z</time>
      </trkpt>
      <trkpt lat="41.67075" lon="45.122956">
        <ele>721.7</ele>
        <time>2024-12-07T19:39:36.564000Z</time>
      </trkpt>
      <trkpt lat="41.670773" lon="45.12308">
        <ele>721.7</ele>
        <time>2024-12-07T19:39:38.333000Z</time>
      </trkpt>
      <trkpt lat="41.670799" lon="45.123208">
        <ele>721.6</ele>
        <time>2024-12-07T19:39:40.169000Z</time>
      </trkpt>
      <trkpt lat="41.670819" lon="45.123335">
        <ele>721.6</ele>
        <time>2024-12-07T19:39:41.965000Z</time>
      </trkpt>
      <trkpt lat="41.670844" lon="45.123458">
        <ele>721.5</ele>
        <time>2024-12-07T19:39:43.731000Z</time>
      </trkpt>
      <trkpt lat="41.670868" lon="45.12358">
        <ele>721.5</ele>
        <time>2024-12-07T19:39:45.477000Z</time>
      </trkpt>
      <trkpt lat="41.670891" lon="45.123705">
        <ele>721.4</ele>
        <time>2024-12-07T19:39:47.260000Z</time>
      </trkpt>
      <trkpt lat="41.670916" lon="45.123821">
        <ele>721.4</ele>
        <time>2024-12-07T19:39:48.931000Z</time>
      </trkpt>
      <trkpt lat="41.670943" lon="45.123945">
        <ele>721.4</ele>
        <time>2024-12-07T19:39:50.718000Z</time>
      </trkpt>
      <trkpt lat="41.67097" lon="45.124064">
        <ele>721.3</ele>
        <time>2024-12-07T19:39:52.441000Z</time>
      </trkpt>
      <trkpt lat="41.670994" lon="45.124186">
        <ele>721.3</ele>
        <time>2024-12-07T19:39:54.187000Z</time>
      </trkpt>
      <trkpt lat="41.671023" lon="45.124307">
        <ele>721.2</ele>
        <time>2024-12-07T19:39:55.946000Z</time>
      </trkpt>
      <trkpt lat="41.67105" lon="45.12443">
        <ele>721.2</ele>
        <time>2024-12-07T19:39:57.720000Z</time>
      </trkpt>
      <trkpt lat="41.671077" lon="45.124552">
        <ele>721.1</ele>
        <time>2024-12-07T19:39:59.482000Z</time>
      </trkpt>
      <trkpt lat="41.671107" lon="45.124671">
        <ele>721.1</ele>
        <time>2024-12-07T19:40:01.220000Z</time>
      </trkpt>
      <trkpt lat="41.671141" lon="45.124789">
        <ele>721</ele>
        <time>2024-12-07T19:40:02.971000Z</time>
      </trkpt>
      <trkpt lat="41.671169" lon="45.124904">
        <ele>721</ele>
        <time>2024-12-07T19:40:04.646000Z</time>
      </trkpt>
      <trkpt lat="41.671202" lon="45.125022">
        <ele>720.9</ele>
        <time>2024-12-07T19:40:06.390000Z</time>
      </trkpt>
      <trkpt lat="41.671236" lon="45.12514">
        <ele>720.8</ele>
        <time>2024-12-07T19:40:08.141000Z</time>
      </trkpt>
      <trkpt lat="41.67127" lon="45.125259">
        <ele>720.7</ele>
        <time>2024-12-07T19:40:09.906000Z</time>
      </trkpt>
      <trkpt lat="41.671301" lon="45.125374">
        <ele>720.7</ele>
        <time>2024-12-07T19:40:11.598000Z</time>
      </trkpt>
      <trkpt lat="41.671335" lon="45.125488">
        <ele>720.6</ele>
        <time>2024-12-07T19:40:13.297000Z</time>
      </trkpt>
      <trkpt lat="41.671366" lon="45.125602">
        <ele>720.5</ele>
        <time>2024-12-07T19:40:14.977000Z</time>
      </trkpt>
      <trkpt lat="41.671403" lon="45.125717">
        <ele>720.5</ele>
        <time>2024-12-07T19:40:16.710000Z</time>
      </trkpt>
      <trkpt lat="41.671438" lon="45.125831">
        <ele>720.4</ele>
        <time>2024-12-07T19:40:18.416000Z</time>
      </trkpt>
      <trkpt lat="41.671476" lon="45.125946">
        <ele>720.3</ele>
        <time>2024-12-07T19:40:20.157000Z</time>
      </trkpt>
      <trkpt lat="41.671514" lon="45.126061">
        <ele>720.3</ele>
        <time>2024-12-07T19:40:21.898000Z</time>
      </trkpt>
      <trkpt lat="41.671549" lon="45.126172">
        <ele>720.2</ele>
        <time>2024-12-07T19:40:23.565000Z</time>
      </trkpt>
      <trkpt lat="41.671586" lon="45.126282">
        <ele>720.1</ele>
        <time>2024-12-07T19:40:25.235000Z</time>
      </trkpt>
      <trkpt lat="41.671628" lon="45.126393">
        <ele>720.1</ele>
        <time>2024-12-07T19:40:26.958000Z</time>
      </trkpt>
      <trkpt lat="41.671669" lon="45.1265">
        <ele>720</ele>
        <time>2024-12-07T19:40:28.623000Z</time>
      </trkpt>
      <trkpt lat="41.671709" lon="45.126614">
        <ele>719.9</ele>
        <time>2024-12-07T19:40:30.366000Z</time>
      </trkpt>
      <trkpt lat="41.67175" lon="45.126729">
        <ele>719.8</ele>
        <time>2024-12-07T19:40:32.130000Z</time>
      </trkpt>
      <trkpt lat="41.671792" lon="45.126842">
        <ele>719.7</ele>
        <time>2024-12-07T19:40:33.878000Z</time>
      </trkpt>
      <trkpt lat="41.671836" lon="45.126954">
        <ele>719.6</ele>
        <time>2024-12-07T19:40:35.630000Z</time>
      </trkpt>
      <trkpt lat="41.671879" lon="45.127068">
        <ele>719.6</ele>
        <time>2024-12-07T19:40:37.398000Z</time>
      </trkpt>
      <trkpt lat="41.671928" lon="45.127178">
        <ele>719.5</ele>
        <time>2024-12-07T19:40:39.171000Z</time>
      </trkpt>
      <trkpt lat="41.671974" lon="45.127292">
        <ele>719.4</ele>
        <time>2024-12-07T19:40:40.964000Z</time>
      </trkpt>
      <trkpt lat="41.672017" lon="45.127407">
        <ele>719.3</ele>
        <time>2024-12-07T19:40:42.745000Z</time>
      </trkpt>
      <trkpt lat="41.672061" lon="45.127515">
        <ele>719.2</ele>
        <time>2024-12-07T19:40:44.448000Z</time>
      </trkpt>
      <trkpt lat="41.672107" lon="45.127631">
        <ele>719.2</ele>
        <time>2024-12-07T19:40:46.267000Z</time>
      </trkpt>
      <trkpt lat="41.672157" lon="45.12775">
        <ele>719.1</ele>
        <time>2024-12-07T19:40:48.156000Z</time>
      </trkpt>
      <trkpt lat="41.672203" lon="45.127864">
        <ele>719</ele>
        <time>2024-12-07T19:40:49.949000Z</time>
      </trkpt>
      <trkpt lat="41.672249" lon="45.127979">
        <ele>718.9</ele>
        <time>2024-12-07T19:40:51.755000Z</time>
      </trkpt>
      <trkpt lat="41.672295" lon="45.128094">
        <ele>718.8</ele>
        <time>2024-12-07T19:40:53.561000Z</time>
      </trkpt>
      <trkpt lat="41.672343" lon="45.128211">
        <ele>718.6</ele>
        <time>2024-12-07T19:40:55.409000Z</time>
      </trkpt>
      <trkpt lat="41.67239" lon="45.128326">
        <ele>718.5</ele>
        <time>2024-12-07T19:40:57.224000Z</time>
      </trkpt>
      <trkpt lat="41.672436" lon="45.128444">
        <ele>718.3</ele>
        <time>2024-12-07T19:40:59.067000Z</time>
      </trkpt>
      <trkpt lat="41.672484" lon="45.128558">
        <ele>718.2</ele>
        <time>2024-12-07T19:41:00.878000Z</time>
      </trkpt>
      <trkpt lat="41.672531" lon="45.128676">
        <ele>718</ele>
        <time>2024-12-07T19:41:02.730000Z</time>
      </trkpt>
      <trkpt lat="41.672577" lon="45.128795">
        <ele>717.8</ele>
        <time>2024-12-07T19:41:04.586000Z</time>
      </trkpt>
      <trkpt lat="41.672626" lon="45.12891">
        <ele>717.6</ele>
        <time>2024-12-07T19:41:06.418000Z</time>
      </trkpt>
      <trkpt lat="41.672675" lon="45.129028">
        <ele>717.4</ele>
        <time>2024-12-07T19:41:08.288000Z</time>
      </trkpt>
      <trkpt lat="41.672725" lon="45.129142">
        <ele>717.2</ele>
        <time>2024-12-07T19:41:10.119000Z</time>
      </trkpt>
      <trkpt lat="41.672774" lon="45.129256">
        <ele>717</ele>
        <time>2024-12-07T19:41:11.939000Z</time>
      </trkpt>
      <trkpt lat="41.672821" lon="45.129371">
        <ele>716.9</ele>
        <time>2024-12-07T19:41:13.754000Z</time>
      </trkpt>
      <trkpt lat="41.672867" lon="45.129485">
        <ele>716.7</ele>
        <time>2024-12-07T19:41:15.548000Z</time>
      </trkpt>
      <trkpt lat="41.672915" lon="45.129603">
        <ele>716.6</ele>
        <time>2024-12-07T19:41:17.408000Z</time>
      </trkpt>
      <trkpt lat="41.672962" lon="45.129718">
        <ele>716.4</ele>
        <time>2024-12-07T19:41:19.223000Z</time>
      </trkpt>
      <trkpt lat="41.673011" lon="45.129836">
        <ele>716.3</ele>
        <time>2024-12-07T19:41:21.091000Z</time>
      </trkpt>
      <trkpt lat="41.67306" lon="45.129951">
        <ele>716.1</ele>
        <time>2024-12-07T19:41:22.924000Z</time>
      </trkpt>
      <trkpt lat="41.673107" lon="45.130069">
        <ele>715.9</ele>
        <time>2024-12-07T19:41:24.776000Z</time>
      </trkpt>
      <trkpt lat="41.673159" lon="45.130187">
        <ele>715.8</ele>
        <time>2024-12-07T19:41:26.672000Z</time>
      </trkpt>
      <trkpt lat="41.673206" lon="45.130302">
        <ele>715.6</ele>
        <time>2024-12-07T19:41:28.487000Z</time>
      </trkpt>
      <trkpt lat="41.673255" lon="45.130424">
        <ele>715.4</ele>
        <time>2024-12-07T19:41:30.405000Z</time>
      </trkpt>
      <trkpt lat="41.673305" lon="45.130542">
        <ele>715.3</ele>
        <time>2024-12-07T19:41:32.283000Z</time>
      </trkpt>
      <trkpt lat="41.673354" lon="45.13066">
        <ele>715.1</ele>
        <time>2024-12-07T19:41:34.153000Z</time>
      </trkpt>
      <trkpt lat="41.673401" lon="45.130778">
        <ele>715</ele>
        <time>2024-12-07T19:41:36.004000Z</time>
      </trkpt>
      <trkpt lat="41.67345" lon="45.130896">
        <ele>714.9</ele>
        <time>2024-12-07T19:41:37.873000Z</time>
      </trkpt>
      <trkpt lat="41.673499" lon="45.131011">
        <ele>714.7</ele>
        <time>2024-12-07T19:41:39.706000Z</time>
      </trkpt>
      <trkpt lat="41.673549" lon="45.131129">
        <ele>714.6</ele>
        <time>2024-12-07T19:41:41.583000Z</time>
      </trkpt>
      <trkpt lat="41.673598" lon="45.13125">
        <ele>714.5</ele>
        <time>2024-12-07T19:41:43.489000Z</time>
      </trkpt>
      <trkpt lat="41.673648" lon="45.131373">
        <ele>714.4</ele>
        <time>2024-12-07T19:41:45.427000Z</time>
      </trkpt>
      <trkpt lat="41.673701" lon="45.131495">
        <ele>714.3</ele>
        <time>2024-12-07T19:41:47.382000Z</time>
      </trkpt>
      <trkpt lat="41.673751" lon="45.131617">
        <ele>714.3</ele>
        <time>2024-12-07T19:41:49.307000Z</time>
      </trkpt>
      <trkpt lat="41.673804" lon="45.131742">
        <ele>714.3</ele>
        <time>2024-12-07T19:41:51.297000Z</time>
      </trkpt>
      <trkpt lat="41.673854" lon="45.131865">
        <ele>714.2</ele>
        <time>2024-12-07T19:41:53.236000Z</time>
      </trkpt>
      <trkpt lat="41.673907" lon="45.131987">
        <ele>714.1</ele>
        <time>2024-12-07T19:41:55.189000Z</time>
      </trkpt>
      <trkpt lat="41.673957" lon="45.132106">
        <ele>714</ele>
        <time>2024-12-07T19:41:57.079000Z</time>
      </trkpt>
      <trkpt lat="41.674007" lon="45.132227">
        <ele>713.9</ele>
        <time>2024-12-07T19:41:58.994000Z</time>
      </trkpt>
      <trkpt lat="41.67406" lon="45.13235">
        <ele>713.8</ele>
        <time>2024-12-07T19:42:00.960000Z</time>
      </trkpt>
      <trkpt lat="41.67411" lon="45.132472">
        <ele>713.7</ele>
        <time>2024-12-07T19:42:02.886000Z</time>
      </trkpt>
      <trkpt lat="41.674159" lon="45.132597">
        <ele>713.6</ele>
        <time>2024-12-07T19:42:04.840000Z</time>
      </trkpt>
      <trkpt lat="41.674212" lon="45.132719">
        <ele>713.4</ele>
        <time>2024-12-07T19:42:06.794000Z</time>
      </trkpt>
      <trkpt lat="41.674262" lon="45.132841">
        <ele>713.4</ele>
        <time>2024-12-07T19:42:08.720000Z</time>
      </trkpt>
      <trkpt lat="41.674312" lon="45.132963">
        <ele>713.2</ele>
        <time>2024-12-07T19:42:10.647000Z</time>
      </trkpt>
      <trkpt lat="41.674365" lon="45.133086">
        <ele>713.1</ele>
        <time>2024-12-07T19:42:12.612000Z</time>
      </trkpt>
      <trkpt lat="41.674399" lon="45.133169">
        <ele>713.1</ele>
        <time>2024-12-07T19:42:13.923000Z</time>
      </trkpt>
      <trkpt lat="41.674439" lon="45.133266">
        <ele>713</ele>
        <time>2024-12-07T19:42:15.457000Z</time>
      </trkpt>
      <trkpt lat="41.67451" lon="45.133443">
        <ele>712.8</ele>
        <time>2024-12-07T19:42:18.238000Z</time>
      </trkpt>
      <trkpt lat="41.674564" lon="45.133574">
        <ele>712.6</ele>
        <time>2024-12-07T19:42:20.309000Z</time>
      </trkpt>
      <trkpt lat="41.674613" lon="45.133693">
        <ele>712.5</ele>
        <time>2024-12-07T19:42:22.190000Z</time>
      </trkpt>
      <trkpt lat="41.674663" lon="45.133811">
        <ele>712.3</ele>
        <time>2024-12-07T19:42:24.069000Z</time>
      </trkpt>
      <trkpt lat="41.674713" lon="45.133933">
        <ele>712.2</ele>
        <time>2024-12-07T19:42:25.994000Z</time>
      </trkpt>
      <trkpt lat="41.674765" lon="45.134055">
        <ele>712</ele>
        <time>2024-12-07T19:42:27.940000Z</time>
      </trkpt>
      <trkpt lat="41.674815" lon="45.134174">
        <ele>711.9</ele>
        <time>2024-12-07T19:42:29.830000Z</time>
      </trkpt>
      <trkpt lat="41.674864" lon="45.134287">
        <ele>711.7</ele>
        <time>2024-12-07T19:42:31.639000Z</time>
      </trkpt>
      <trkpt lat="41.674914" lon="45.134409">
        <ele>711.6</ele>
        <time>2024-12-07T19:42:33.565000Z</time>
      </trkpt>
      <trkpt lat="41.674961" lon="45.134528">
        <ele>711.4</ele>
        <time>2024-12-07T19:42:35.429000Z</time>
      </trkpt>
      <trkpt lat="41.67501" lon="45.134646">
        <ele>711.3</ele>
        <time>2024-12-07T19:42:37.298000Z</time>
      </trkpt>
      <trkpt lat="41.675059" lon="45.134768">
        <ele>711.2</ele>
        <time>2024-12-07T19:42:39.215000Z</time>
      </trkpt>
      <trkpt lat="41.675106" lon="45.134887">
        <ele>711.1</ele>
        <time>2024-12-07T19:42:41.079000Z</time>
      </trkpt>
      <trkpt lat="41.675155" lon="45.135005">
        <ele>711</ele>
        <time>2024-12-07T19:42:42.948000Z</time>
      </trkpt>
      <trkpt lat="41.675201" lon="45.135122">
        <ele>710.8</ele>
        <time>2024-12-07T19:42:44.778000Z</time>
      </trkpt>
      <trkpt lat="41.67525" lon="45.135242">
        <ele>710.7</ele>
        <time>2024-12-07T19:42:46.671000Z</time>
      </trkpt>
      <trkpt lat="41.675297" lon="45.135359">
        <ele>710.7</ele>
        <time>2024-12-07T19:42:48.510000Z</time>
      </trkpt>
      <trkpt lat="41.675342" lon="45.135481">
        <ele>710.6</ele>
        <time>2024-12-07T19:42:50.394000Z</time>
      </trkpt>
      <trkpt lat="41.675388" lon="45.1356">
        <ele>710.5</ele>
        <time>2024-12-07T19:42:52.249000Z</time>
      </trkpt>
      <trkpt lat="41.675434" lon="45.135722">
        <ele>710.4</ele>
        <time>2024-12-07T19:42:54.140000Z</time>
      </trkpt>
      <trkpt lat="41.675477" lon="45.135844">
        <ele>710.3</ele>
        <time>2024-12-07T19:42:56.008000Z</time>
      </trkpt>
      <trkpt lat="41.675522" lon="45.135966">
        <ele>710.3</ele>
        <time>2024-12-07T19:42:57.891000Z</time>
      </trkpt>
      <trkpt lat="41.675564" lon="45.136084">
        <ele>710.2</ele>
        <time>2024-12-07T19:42:59.701000Z</time>
      </trkpt>
      <trkpt lat="41.675606" lon="45.136206">
        <ele>710.2</ele>
        <time>2024-12-07T19:43:01.560000Z</time>
      </trkpt>
      <trkpt lat="41.675645" lon="45.136325">
        <ele>710.2</ele>
        <time>2024-12-07T19:43:03.358000Z</time>
      </trkpt>
      <trkpt lat="41.675687" lon="45.136447">
        <ele>710.2</ele>
        <time>2024-12-07T19:43:05.219000Z</time>
      </trkpt>
      <trkpt lat="41.675725" lon="45.136568">
        <ele>710.2</ele>
        <time>2024-12-07T19:43:07.035000Z</time>
      </trkpt>
      <trkpt lat="41.675764" lon="45.136694">
        <ele>710.2</ele>
        <time>2024-12-07T19:43:08.923000Z</time>
      </trkpt>
      <trkpt lat="41.675801" lon="45.136816">
        <ele>710.2</ele>
        <time>2024-12-07T19:43:10.746000Z</time>
      </trkpt>
      <trkpt lat="41.675836" lon="45.136942">
        <ele>710.2</ele>
        <time>2024-12-07T19:43:12.606000Z</time>
      </trkpt>
      <trkpt lat="41.675871" lon="45.137064">
        <ele>710.2</ele>
        <time>2024-12-07T19:43:14.416000Z</time>
      </trkpt>
      <trkpt lat="41.675908" lon="45.137186">
        <ele>710.1</ele>
        <time>2024-12-07T19:43:16.238000Z</time>
      </trkpt>
      <trkpt lat="41.675943" lon="45.137316">
        <ele>710.1</ele>
        <time>2024-12-07T19:43:18.151000Z</time>
      </trkpt>
      <trkpt lat="41.675977" lon="45.137437">
        <ele>710.1</ele>
        <time>2024-12-07T19:43:19.941000Z</time>
      </trkpt>
      <trkpt lat="41.676008" lon="45.13756">
        <ele>710</ele>
        <time>2024-12-07T19:43:21.737000Z</time>
      </trkpt>
      <trkpt lat="41.676039" lon="45.137686">
        <ele>710</ele>
        <time>2024-12-07T19:43:23.574000Z</time>
      </trkpt>
      <trkpt lat="41.67607" lon="45.137812">
        <ele>710</ele>
        <time>2024-12-07T19:43:25.411000Z</time>
      </trkpt>
      <trkpt lat="41.6761" lon="45.13794">
        <ele>710</ele>
        <time>2024-12-07T19:43:27.268000Z</time>
      </trkpt>
      <trkpt lat="41.676131" lon="45.138067">
        <ele>709.9</ele>
        <time>2024-12-07T19:43:29.117000Z</time>
      </trkpt>
      <trkpt lat="41.676161" lon="45.138196">
        <ele>709.9</ele>
        <time>2024-12-07T19:43:30.987000Z</time>
      </trkpt>
      <trkpt lat="41.676189" lon="45.138329">
        <ele>709.8</ele>
        <time>2024-12-07T19:43:32.900000Z</time>
      </trkpt>
      <trkpt lat="41.676215" lon="45.138462">
        <ele>709.8</ele>
        <time>2024-12-07T19:43:34.803000Z</time>
      </trkpt>
      <trkpt lat="41.676242" lon="45.138593">
        <ele>709.7</ele>
        <time>2024-12-07T19:43:36.684000Z</time>
      </trkpt>
      <trkpt lat="41.676269" lon="45.138722">
        <ele>709.6</ele>
        <time>2024-12-07T19:43:38.538000Z</time>
      </trkpt>
      <trkpt lat="41.676292" lon="45.138852">
        <ele>709.6</ele>
        <time>2024-12-07T19:43:40.387000Z</time>
      </trkpt>
      <trkpt lat="41.676315" lon="45.138985">
        <ele>709.5</ele>
        <time>2024-12-07T19:43:42.277000Z</time>
      </trkpt>
      <trkpt lat="41.676338" lon="45.139115">
        <ele>709.4</ele>
        <time>2024-12-07T19:43:44.127000Z</time>
      </trkpt>
      <trkpt lat="41.676361" lon="45.139245">
        <ele>709.2</ele>
        <time>2024-12-07T19:43:45.976000Z</time>
      </trkpt>
      <trkpt lat="41.676384" lon="45.139381">
        <ele>709.1</ele>
        <time>2024-12-07T19:43:47.907000Z</time>
      </trkpt>
      <trkpt lat="41.676404" lon="45.139515">
        <ele>708.9</ele>
        <time>2024-12-07T19:43:49.798000Z</time>
      </trkpt>
      <trkpt lat="41.676426" lon="45.139652">
        <ele>708.8</ele>
        <time>2024-12-07T19:43:51.738000Z</time>
      </trkpt>
      <trkpt lat="41.676442" lon="45.139792">
        <ele>708.7</ele>
        <time>2024-12-07T19:43:53.699000Z</time>
      </trkpt>
      <trkpt lat="41.676461" lon="45.13993">
        <ele>708.6</ele>
        <time>2024-12-07T19:43:55.641000Z</time>
      </trkpt>
      <trkpt lat="41.67648" lon="45.140071">
        <ele>708.5</ele>
        <time>2024-12-07T19:43:57.625000Z</time>
      </trkpt>
      <trkpt lat="41.676496" lon="45.140209">
        <ele>708.3</ele>
        <time>2024-12-07T19:43:59.558000Z</time>
      </trkpt>
      <trkpt lat="41.676508" lon="45.140349">
        <ele>708.2</ele>
        <time>2024-12-07T19:44:01.508000Z</time>
      </trkpt>
      <trkpt lat="41.676523" lon="45.140487">
        <ele>708.1</ele>
        <time>2024-12-07T19:44:03.439000Z</time>
      </trkpt>
      <trkpt lat="41.676538" lon="45.140628">
        <ele>707.9</ele>
        <time>2024-12-07T19:44:05.410000Z</time>
      </trkpt>
      <trkpt lat="41.67655" lon="45.140769">
        <ele>707.8</ele>
        <time>2024-12-07T19:44:07.375000Z</time>
      </trkpt>
      <trkpt lat="41.676561" lon="45.140907">
        <ele>707.6</ele>
        <time>2024-12-07T19:44:09.296000Z</time>
      </trkpt>
      <trkpt lat="41.676573" lon="45.141048">
        <ele>707.5</ele>
        <time>2024-12-07T19:44:11.261000Z</time>
      </trkpt>
      <trkpt lat="41.676584" lon="45.141189">
        <ele>707.3</ele>
        <time>2024-12-07T19:44:13.223000Z</time>
      </trkpt>
      <trkpt lat="41.676596" lon="45.141327">
        <ele>707.1</ele>
        <time>2024-12-07T19:44:15.146000Z</time>
      </trkpt>
      <trkpt lat="41.676607" lon="45.141464">
        <ele>706.9</ele>
        <time>2024-12-07T19:44:17.055000Z</time>
      </trkpt>
      <trkpt lat="41.676615" lon="45.141601">
        <ele>706.7</ele>
        <time>2024-12-07T19:44:18.956000Z</time>
      </trkpt>
      <trkpt lat="41.676626" lon="45.141739">
        <ele>706.6</ele>
        <time>2024-12-07T19:44:20.878000Z</time>
      </trkpt>
      <trkpt lat="41.676634" lon="45.141873">
        <ele>706.4</ele>
        <time>2024-12-07T19:44:22.739000Z</time>
      </trkpt>
      <trkpt lat="41.676645" lon="45.142011">
        <ele>706.2</ele>
        <time>2024-12-07T19:44:24.661000Z</time>
      </trkpt>
      <trkpt lat="41.676654" lon="45.14215">
        <ele>706</ele>
        <time>2024-12-07T19:44:26.592000Z</time>
      </trkpt>
      <trkpt lat="41.676664" lon="45.142286">
        <ele>705.8</ele>
        <time>2024-12-07T19:44:28.484000Z</time>
      </trkpt>
      <trkpt lat="41.676673" lon="45.142425">
        <ele>705.6</ele>
        <time>2024-12-07T19:44:30.415000Z</time>
      </trkpt>
      <trkpt lat="41.67668" lon="45.142563">
        <ele>705.5</ele>
        <time>2024-12-07T19:44:32.330000Z</time>
      </trkpt>
      <trkpt lat="41.676694" lon="45.142698">
        <ele>705.3</ele>
        <time>2024-12-07T19:44:34.217000Z</time>
      </trkpt>
      <trkpt lat="41.676706" lon="45.142834">
        <ele>705.2</ele>
        <time>2024-12-07T19:44:36.112000Z</time>
      </trkpt>
      <trkpt lat="41.676715" lon="45.142971">
        <ele>705.1</ele>
        <time>2024-12-07T19:44:38.016000Z</time>
      </trkpt>
      <trkpt lat="41.676725" lon="45.143108">
        <ele>704.9</ele>
        <time>2024-12-07T19:44:39.921000Z</time>
      </trkpt>
      <trkpt lat="41.676737" lon="45.143242">
        <ele>704.8</ele>
        <time>2024-12-07T19:44:41.790000Z</time>
      </trkpt>
      <trkpt lat="41.676748" lon="45.143373">
        <ele>704.6</ele>
        <time>2024-12-07T19:44:43.615000Z</time>
      </trkpt>
      <trkpt lat="41.67676" lon="45.143505">
        <ele>704.5</ele>
        <time>2024-12-07T19:44:45.456000Z</time>
      </trkpt>
      <trkpt lat="41.676777" lon="45.143639">
        <ele>704.3</ele>
        <time>2024-12-07T19:44:47.338000Z</time>
      </trkpt>
      <trkpt lat="41.676793" lon="45.143776">
        <ele>704.1</ele>
        <time>2024-12-07T19:44:49.257000Z</time>
      </trkpt>
      <trkpt lat="41.676812" lon="45.143913">
        <ele>704</ele>
        <time>2024-12-07T19:44:51.185000Z</time>
      </trkpt>
      <trkpt lat="41.677051" lon="45.143883">
        <ele>703.7</ele>
        <time>2024-12-07T19:44:55.636000Z</time>
      </trkpt>
      <trkpt lat="41.677085" lon="45.144378">
        <ele>703.1</ele>
        <time>2024-12-07T19:45:01.722000Z</time>
      </trkpt>
      <trkpt lat="41.677367" lon="45.145845">
        <ele>701.6</ele>
        <time>2024-12-07T19:45:20.608000Z</time>
      </trkpt>
      <trkpt lat="41.677669" lon="45.146781">
        <ele>700.9</ele>
        <time>2024-12-07T19:45:33.918000Z</time>
      </trkpt>
      <trkpt lat="41.678154" lon="45.147851">
        <ele>700.3</ele>
        <time>2024-12-07T19:45:50.926000Z</time>
      </trkpt>
      <trkpt lat="41.678154" lon="45.147851">
        <ele>700.3</ele>
        <time>2024-12-07T19:45:50.932000Z</time>
      </trkpt>
      <trkpt lat="41.67794" lon="45.148025">
        <ele>700.1</ele>
        <time>2024-12-07T19:45:55.572000Z</time>
      </trkpt>
      <trkpt lat="41.677997" lon="45.148152">
        <ele>700</ele>
        <time>2024-12-07T19:45:57.622000Z</time>
      </trkpt>
      <trkpt lat="41.678056" lon="45.148281">
        <ele>699.9</ele>
        <time>2024-12-07T19:45:59.716000Z</time>
      </trkpt>
      <trkpt lat="41.678113" lon="45.148404">
        <ele>699.8</ele>
        <time>2024-12-07T19:46:01.719000Z</time>
      </trkpt>
      <trkpt lat="41.678174" lon="45.148527">
        <ele>699.7</ele>
        <time>2024-12-07T19:46:03.764000Z</time>
      </trkpt>
      <trkpt lat="41.678232" lon="45.148649">
        <ele>699.6</ele>
        <time>2024-12-07T19:46:05.765000Z</time>
      </trkpt>
      <trkpt lat="41.678295" lon="45.148771">
        <ele>699.5</ele>
        <time>2024-12-07T19:46:07.818000Z</time>
      </trkpt>
      <trkpt lat="41.678357" lon="45.14889">
        <ele>699.4</ele>
        <time>2024-12-07T19:46:09.826000Z</time>
      </trkpt>
      <trkpt lat="41.678421" lon="45.149005">
        <ele>699.3</ele>
        <time>2024-12-07T19:46:11.811000Z</time>
      </trkpt>
      <trkpt lat="41.678486" lon="45.149125">
        <ele>699.2</ele>
        <time>2024-12-07T19:46:13.864000Z</time>
      </trkpt>
      <trkpt lat="41.678551" lon="45.149241">
        <ele>699.1</ele>
        <time>2024-12-07T19:46:15.871000Z</time>
      </trkpt>
      <trkpt lat="41.678617" lon="45.149356">
        <ele>699</ele>
        <time>2024-12-07T19:46:17.879000Z</time>
      </trkpt>
      <trkpt lat="41.678685" lon="45.149472">
        <ele>698.9</ele>
        <time>2024-12-07T19:46:19.920000Z</time>
      </trkpt>
      <trkpt lat="41.67875" lon="45.149581">
        <ele>698.7</ele>
        <time>2024-12-07T19:46:21.851000Z</time>
      </trkpt>
      <trkpt lat="41.67882" lon="45.149691">
        <ele>698.6</ele>
        <time>2024-12-07T19:46:23.851000Z</time>
      </trkpt>
      <trkpt lat="41.678889" lon="45.149802">
        <ele>698.5</ele>
        <time>2024-12-07T19:46:25.850000Z</time>
      </trkpt>
      <trkpt lat="41.678958" lon="45.149914">
        <ele>698.4</ele>
        <time>2024-12-07T19:46:27.859000Z</time>
      </trkpt>
      <trkpt lat="41.679034" lon="45.150022">
        <ele>698.2</ele>
        <time>2024-12-07T19:46:29.914000Z</time>
      </trkpt>
      <trkpt lat="41.679104" lon="45.150129">
        <ele>698</ele>
        <time>2024-12-07T19:46:31.883000Z</time>
      </trkpt>
      <trkpt lat="41.679176" lon="45.150232">
        <ele>697.9</ele>
        <time>2024-12-07T19:46:33.836000Z</time>
      </trkpt>
      <trkpt lat="41.679248" lon="45.150335">
        <ele>697.7</ele>
        <time>2024-12-07T19:46:35.789000Z</time>
      </trkpt>
      <trkpt lat="41.679324" lon="45.150438">
        <ele>697.6</ele>
        <time>2024-12-07T19:46:37.793000Z</time>
      </trkpt>
      <trkpt lat="41.679397" lon="45.150541">
        <ele>697.4</ele>
        <time>2024-12-07T19:46:39.759000Z</time>
      </trkpt>
      <trkpt lat="41.679476" lon="45.150641">
        <ele>697.1</ele>
        <time>2024-12-07T19:46:41.774000Z</time>
      </trkpt>
      <trkpt lat="41.679556" lon="45.15074">
        <ele>696.9</ele>
        <time>2024-12-07T19:46:43.793000Z</time>
      </trkpt>
      <trkpt lat="41.679633" lon="45.150839">
        <ele>696.8</ele>
        <time>2024-12-07T19:46:45.771000Z</time>
      </trkpt>
      <trkpt lat="41.679715" lon="45.150938">
        <ele>696.6</ele>
        <time>2024-12-07T19:46:47.817000Z</time>
      </trkpt>
      <trkpt lat="41.679796" lon="45.151031">
        <ele>696.4</ele>
        <time>2024-12-07T19:46:49.796000Z</time>
      </trkpt>
      <trkpt lat="41.679879" lon="45.151126">
        <ele>696.2</ele>
        <time>2024-12-07T19:46:51.820000Z</time>
      </trkpt>
      <trkpt lat="41.67996" lon="45.151221">
        <ele>696</ele>
        <time>2024-12-07T19:46:53.815000Z</time>
      </trkpt>
      <trkpt lat="41.680043" lon="45.151317">
        <ele>695.8</ele>
        <time>2024-12-07T19:46:55.849000Z</time>
      </trkpt>
      <trkpt lat="41.680127" lon="45.151406">
        <ele>695.6</ele>
        <time>2024-12-07T19:46:57.834000Z</time>
      </trkpt>
      <trkpt lat="41.680217" lon="45.151497">
        <ele>695.5</ele>
        <time>2024-12-07T19:46:59.924000Z</time>
      </trkpt>
      <trkpt lat="41.680306" lon="45.151588">
        <ele>695.4</ele>
        <time>2024-12-07T19:47:01.999000Z</time>
      </trkpt>
      <trkpt lat="41.680397" lon="45.151677">
        <ele>695.3</ele>
        <time>2024-12-07T19:47:04.088000Z</time>
      </trkpt>
      <trkpt lat="41.680489" lon="45.151768">
        <ele>695.3</ele>
        <time>2024-12-07T19:47:06.208000Z</time>
      </trkpt>
      <trkpt lat="41.68058" lon="45.15186">
        <ele>695.3</ele>
        <time>2024-12-07T19:47:08.321000Z</time>
      </trkpt>
      <trkpt lat="41.680672" lon="45.151945">
        <ele>695.2</ele>
        <time>2024-12-07T19:47:10.392000Z</time>
      </trkpt>
      <trkpt lat="41.680767" lon="45.152028">
        <ele>695.2</ele>
        <time>2024-12-07T19:47:12.494000Z</time>
      </trkpt>
      <trkpt lat="41.680856" lon="45.152109">
        <ele>695.3</ele>
        <time>2024-12-07T19:47:14.489000Z</time>
      </trkpt>
      <trkpt lat="41.68095" lon="45.152192">
        <ele>695.3</ele>
        <time>2024-12-07T19:47:16.576000Z</time>
      </trkpt>
      <trkpt lat="41.681049" lon="45.152274">
        <ele>695.3</ele>
        <time>2024-12-07T19:47:18.733000Z</time>
      </trkpt>
      <trkpt lat="41.681145" lon="45.152354">
        <ele>695.4</ele>
        <time>2024-12-07T19:47:20.829000Z</time>
      </trkpt>
      <trkpt lat="41.681239" lon="45.152433">
        <ele>695.5</ele>
        <time>2024-12-07T19:47:22.886000Z</time>
      </trkpt>
      <trkpt lat="41.681336" lon="45.152512">
        <ele>695.5</ele>
        <time>2024-12-07T19:47:24.990000Z</time>
      </trkpt>
      <trkpt lat="41.681437" lon="45.152593">
        <ele>695.6</ele>
        <time>2024-12-07T19:47:27.172000Z</time>
      </trkpt>
      <trkpt lat="41.681536" lon="45.152674">
        <ele>695.6</ele>
        <time>2024-12-07T19:47:29.322000Z</time>
      </trkpt>
      <trkpt lat="41.681632" lon="45.152754">
        <ele>695.7</ele>
        <time>2024-12-07T19:47:31.417000Z</time>
      </trkpt>
      <trkpt lat="41.681731" lon="45.152834">
        <ele>695.7</ele>
        <time>2024-12-07T19:47:33.560000Z</time>
      </trkpt>
      <trkpt lat="41.68183" lon="45.152917">
        <ele>695.7</ele>
        <time>2024-12-07T19:47:35.724000Z</time>
      </trkpt>
      <trkpt lat="41.681929" lon="45.153001">
        <ele>695.7</ele>
        <time>2024-12-07T19:47:37.898000Z</time>
      </trkpt>
      <trkpt lat="41.682028" lon="45.153085">
        <ele>695.7</ele>
        <time>2024-12-07T19:47:40.070000Z</time>
      </trkpt>
      <trkpt lat="41.682121" lon="45.153165">
        <ele>695.7</ele>
        <time>2024-12-07T19:47:42.117000Z</time>
      </trkpt>
      <trkpt lat="41.682219" lon="45.153249">
        <ele>695.6</ele>
        <time>2024-12-07T19:47:44.274000Z</time>
      </trkpt>
      <trkpt lat="41.682315" lon="45.15333">
        <ele>695.5</ele>
        <time>2024-12-07T19:47:46.378000Z</time>
      </trkpt>
      <trkpt lat="41.682411" lon="45.153413">
        <ele>695.3</ele>
        <time>2024-12-07T19:47:48.495000Z</time>
      </trkpt>
      <trkpt lat="41.682506" lon="45.153497">
        <ele>695.1</ele>
        <time>2024-12-07T19:47:50.605000Z</time>
      </trkpt>
      <trkpt lat="41.682598" lon="45.153581">
        <ele>694.9</ele>
        <time>2024-12-07T19:47:52.669000Z</time>
      </trkpt>
      <trkpt lat="41.682689" lon="45.153665">
        <ele>694.7</ele>
        <time>2024-12-07T19:47:54.718000Z</time>
      </trkpt>
      <trkpt lat="41.682784" lon="45.153752">
        <ele>694.5</ele>
        <time>2024-12-07T19:47:56.851000Z</time>
      </trkpt>
      <trkpt lat="41.682877" lon="45.153837">
        <ele>694.4</ele>
        <time>2024-12-07T19:47:58.938000Z</time>
      </trkpt>
      <trkpt lat="41.682968" lon="45.153924">
        <ele>694.3</ele>
        <time>2024-12-07T19:48:01.010000Z</time>
      </trkpt>
      <trkpt lat="41.683057" lon="45.154008">
        <ele>694.3</ele>
        <time>2024-12-07T19:48:03.028000Z</time>
      </trkpt>
      <trkpt lat="41.683141" lon="45.154092">
        <ele>694.2</ele>
        <time>2024-12-07T19:48:04.971000Z</time>
      </trkpt>
      <trkpt lat="41.683225" lon="45.154179">
        <ele>694.2</ele>
        <time>2024-12-07T19:48:06.939000Z</time>
      </trkpt>
      <trkpt lat="41.683309" lon="45.15427">
        <ele>694.2</ele>
        <time>2024-12-07T19:48:08.942000Z</time>
      </trkpt>
      <trkpt lat="41.68339" lon="45.154358">
        <ele>694.3</ele>
        <time>2024-12-07T19:48:10.875000Z</time>
      </trkpt>
      <trkpt lat="41.683467" lon="45.154443">
        <ele>694.3</ele>
        <time>2024-12-07T19:48:12.724000Z</time>
      </trkpt>
      <trkpt lat="41.683549" lon="45.15453">
        <ele>694.3</ele>
        <time>2024-12-07T19:48:14.663000Z</time>
      </trkpt>
      <trkpt lat="41.68363" lon="45.154618">
        <ele>694.4</ele>
        <time>2024-12-07T19:48:16.596000Z</time>
      </trkpt>
      <trkpt lat="41.683707" lon="45.154706">
        <ele>694.5</ele>
        <time>2024-12-07T19:48:18.473000Z</time>
      </trkpt>
      <trkpt lat="41.683787" lon="45.154791">
        <ele>694.6</ele>
        <time>2024-12-07T19:48:20.365000Z</time>
      </trkpt>
      <trkpt lat="41.683864" lon="45.154881">
        <ele>694.6</ele>
        <time>2024-12-07T19:48:22.259000Z</time>
      </trkpt>
      <trkpt lat="41.683938" lon="45.154967">
        <ele>694.7</ele>
        <time>2024-12-07T19:48:24.076000Z</time>
      </trkpt>
      <trkpt lat="41.68401" lon="45.155056">
        <ele>694.9</ele>
        <time>2024-12-07T19:48:25.892000Z</time>
      </trkpt>
      <trkpt lat="41.684084" lon="45.15515">
        <ele>695</ele>
        <time>2024-12-07T19:48:27.782000Z</time>
      </trkpt>
      <trkpt lat="41.684161" lon="45.155243">
        <ele>695.2</ele>
        <time>2024-12-07T19:48:29.704000Z</time>
      </trkpt>
      <trkpt lat="41.684234" lon="45.155334">
        <ele>695.5</ele>
        <time>2024-12-07T19:48:31.552000Z</time>
      </trkpt>
      <trkpt lat="41.684306" lon="45.155426">
        <ele>695.7</ele>
        <time>2024-12-07T19:48:33.397000Z</time>
      </trkpt>
      <trkpt lat="41.684376" lon="45.155514">
        <ele>696</ele>
        <time>2024-12-07T19:48:35.177000Z</time>
      </trkpt>
      <trkpt lat="41.684444" lon="45.155605">
        <ele>696.3</ele>
        <time>2024-12-07T19:48:36.960000Z</time>
      </trkpt>
      <trkpt lat="41.684513" lon="45.155697">
        <ele>696.5</ele>
        <time>2024-12-07T19:48:38.765000Z</time>
      </trkpt>
      <trkpt lat="41.684582" lon="45.155791">
        <ele>696.7</ele>
        <time>2024-12-07T19:48:40.590000Z</time>
      </trkpt>
      <trkpt lat="41.68465" lon="45.155887">
        <ele>696.9</ele>
        <time>2024-12-07T19:48:42.421000Z</time>
      </trkpt>
      <trkpt lat="41.684716" lon="45.155982">
        <ele>697.1</ele>
        <time>2024-12-07T19:48:44.217000Z</time>
      </trkpt>
      <trkpt lat="41.684784" lon="45.156075">
        <ele>697.3</ele>
        <time>2024-12-07T19:48:46.019000Z</time>
      </trkpt>
      <trkpt lat="41.684849" lon="45.156169">
        <ele>697.4</ele>
        <time>2024-12-07T19:48:47.791000Z</time>
      </trkpt>
      <trkpt lat="41.684914" lon="45.156268">
        <ele>697.5</ele>
        <time>2024-12-07T19:48:49.616000Z</time>
      </trkpt>
      <trkpt lat="41.684976" lon="45.156367">
        <ele>697.7</ele>
        <time>2024-12-07T19:48:51.405000Z</time>
      </trkpt>
      <trkpt lat="41.68504" lon="45.156463">
        <ele>697.8</ele>
        <time>2024-12-07T19:48:53.186000Z</time>
      </trkpt>
      <trkpt lat="41.685102" lon="45.156564">
        <ele>697.9</ele>
        <time>2024-12-07T19:48:54.996000Z</time>
      </trkpt>
      <trkpt lat="41.685166" lon="45.156665">
        <ele>698</ele>
        <time>2024-12-07T19:48:56.829000Z</time>
      </trkpt>
      <trkpt lat="41.685231" lon="45.15676">
        <ele>698.1</ele>
        <time>2024-12-07T19:48:58.612000Z</time>
      </trkpt>
      <trkpt lat="41.685289" lon="45.156859">
        <ele>698.2</ele>
        <time>2024-12-07T19:49:00.353000Z</time>
      </trkpt>
      <trkpt lat="41.68535" lon="45.156958">
        <ele>698.3</ele>
        <time>2024-12-07T19:49:02.130000Z</time>
      </trkpt>
      <trkpt lat="41.685408" lon="45.157061">
        <ele>698.4</ele>
        <time>2024-12-07T19:49:03.916000Z</time>
      </trkpt>
      <trkpt lat="41.685468" lon="45.15716">
        <ele>698.5</ele>
        <time>2024-12-07T19:49:05.679000Z</time>
      </trkpt>
      <trkpt lat="41.685526" lon="45.157263">
        <ele>698.6</ele>
        <time>2024-12-07T19:49:07.465000Z</time>
      </trkpt>
      <trkpt lat="41.685583" lon="45.157366">
        <ele>698.6</ele>
        <time>2024-12-07T19:49:09.239000Z</time>
      </trkpt>
      <trkpt lat="41.685641" lon="45.157466">
        <ele>698.7</ele>
        <time>2024-12-07T19:49:10.992000Z</time>
      </trkpt>
      <trkpt lat="41.685694" lon="45.157568">
        <ele>698.7</ele>
        <time>2024-12-07T19:49:12.712000Z</time>
      </trkpt>
      <trkpt lat="41.685751" lon="45.15767">
        <ele>698.7</ele>
        <time>2024-12-07T19:49:14.476000Z</time>
      </trkpt>
      <trkpt lat="41.685804" lon="45.157775">
        <ele>698.7</ele>
        <time>2024-12-07T19:49:16.230000Z</time>
      </trkpt>
      <trkpt lat="41.685858" lon="45.157884">
        <ele>698.7</ele>
        <time>2024-12-07T19:49:18.039000Z</time>
      </trkpt>
      <trkpt lat="41.685912" lon="45.157987">
        <ele>698.7</ele>
        <time>2024-12-07T19:49:19.782000Z</time>
      </trkpt>
      <trkpt lat="41.685965" lon="45.158093">
        <ele>698.7</ele>
        <time>2024-12-07T19:49:21.546000Z</time>
      </trkpt>
      <trkpt lat="41.686018" lon="45.1582">
        <ele>698.7</ele>
        <time>2024-12-07T19:49:23.324000Z</time>
      </trkpt>
      <trkpt lat="41.686069" lon="45.1583">
        <ele>698.7</ele>
        <time>2024-12-07T19:49:25Z</time>
      </trkpt>
      <trkpt lat="41.686121" lon="45.158406">
        <ele>698.7</ele>
        <time>2024-12-07T19:49:26.755000Z</time>
      </trkpt>
      <trkpt lat="41.686178" lon="45.158526">
        <ele>698.6</ele>
        <time>2024-12-07T19:49:28.723000Z</time>
      </trkpt>
      <trkpt lat="41.686223" lon="45.158613">
        <ele>698.6</ele>
        <time>2024-12-07T19:49:30.188000Z</time>
      </trkpt>
      <trkpt lat="41.686271" lon="45.158716">
        <ele>698.5</ele>
        <time>2024-12-07T19:49:31.869000Z</time>
      </trkpt>
      <trkpt lat="41.686318" lon="45.158822">
        <ele>698.5</ele>
        <time>2024-12-07T19:49:33.575000Z</time>
      </trkpt>
      <trkpt lat="41.686373" lon="45.158945">
        <ele>698.4</ele>
        <time>2024-12-07T19:49:35.559000Z</time>
      </trkpt>
      <trkpt lat="41.686424" lon="45.159055">
        <ele>698.4</ele>
        <time>2024-12-07T19:49:37.351000Z</time>
      </trkpt>
      <trkpt lat="41.686464" lon="45.159143">
        <ele>698.3</ele>
        <time>2024-12-07T19:49:38.776000Z</time>
      </trkpt>
      <trkpt lat="41.686514" lon="45.159265">
        <ele>698.3</ele>
        <time>2024-12-07T19:49:40.703000Z</time>
      </trkpt>
      <trkpt lat="41.686555" lon="45.159359">
        <ele>698.2</ele>
        <time>2024-12-07T19:49:42.209000Z</time>
      </trkpt>
      <trkpt lat="41.686597" lon="45.159464">
        <ele>698.2</ele>
        <time>2024-12-07T19:49:43.858000Z</time>
      </trkpt>
      <trkpt lat="41.686639" lon="45.159567">
        <ele>698.1</ele>
        <time>2024-12-07T19:49:45.482000Z</time>
      </trkpt>
      <trkpt lat="41.686681" lon="45.159673">
        <ele>698</ele>
        <time>2024-12-07T19:49:47.143000Z</time>
      </trkpt>
      <trkpt lat="41.686719" lon="45.15978">
        <ele>698</ele>
        <time>2024-12-07T19:49:48.782000Z</time>
      </trkpt>
      <trkpt lat="41.686757" lon="45.159883">
        <ele>697.9</ele>
        <time>2024-12-07T19:49:50.373000Z</time>
      </trkpt>
      <trkpt lat="41.686799" lon="45.159989">
        <ele>697.8</ele>
        <time>2024-12-07T19:49:52.034000Z</time>
      </trkpt>
      <trkpt lat="41.686834" lon="45.160093">
        <ele>697.7</ele>
        <time>2024-12-07T19:49:53.612000Z</time>
      </trkpt>
      <trkpt lat="41.686872" lon="45.160196">
        <ele>697.6</ele>
        <time>2024-12-07T19:49:55.202000Z</time>
      </trkpt>
      <trkpt lat="41.686913" lon="45.160305">
        <ele>697.4</ele>
        <time>2024-12-07T19:49:56.892000Z</time>
      </trkpt>
      <trkpt lat="41.686955" lon="45.160428">
        <ele>697.3</ele>
        <time>2024-12-07T19:49:58.763000Z</time>
      </trkpt>
      <trkpt lat="41.686984" lon="45.16052">
        <ele>697.2</ele>
        <time>2024-12-07T19:50:00.146000Z</time>
      </trkpt>
      <trkpt lat="41.687021" lon="45.160626">
        <ele>697.1</ele>
        <time>2024-12-07T19:50:01.765000Z</time>
      </trkpt>
      <trkpt lat="41.687059" lon="45.16073">
        <ele>696.9</ele>
        <time>2024-12-07T19:50:03.368000Z</time>
      </trkpt>
      <trkpt lat="41.687091" lon="45.160837">
        <ele>696.8</ele>
        <time>2024-12-07T19:50:04.964000Z</time>
      </trkpt>
      <trkpt lat="41.687131" lon="45.160959">
        <ele>696.7</ele>
        <time>2024-12-07T19:50:06.807000Z</time>
      </trkpt>
      <trkpt lat="41.687163" lon="45.161047">
        <ele>696.6</ele>
        <time>2024-12-07T19:50:08.162000Z</time>
      </trkpt>
      <trkpt lat="41.687193" lon="45.161147">
        <ele>696.4</ele>
        <time>2024-12-07T19:50:09.653000Z</time>
      </trkpt>
      <trkpt lat="41.68723" lon="45.161271">
        <ele>696.3</ele>
        <time>2024-12-07T19:50:11.501000Z</time>
      </trkpt>
      <trkpt lat="41.687265" lon="45.161382">
        <ele>696.1</ele>
        <time>2024-12-07T19:50:13.170000Z</time>
      </trkpt>
      <trkpt lat="41.68729" lon="45.16147">
        <ele>696</ele>
        <time>2024-12-07T19:50:14.473000Z</time>
      </trkpt>
      <trkpt lat="41.687323" lon="45.161576">
        <ele>695.9</ele>
        <time>2024-12-07T19:50:16.062000Z</time>
      </trkpt>
      <trkpt lat="41.687363" lon="45.161709">
        <ele>695.8</ele>
        <time>2024-12-07T19:50:18.047000Z</time>
      </trkpt>
      <trkpt lat="41.687396" lon="45.161805">
        <ele>695.7</ele>
        <time>2024-12-07T19:50:19.509000Z</time>
      </trkpt>
      <trkpt lat="41.687429" lon="45.161911">
        <ele>695.5</ele>
        <time>2024-12-07T19:50:21.099000Z</time>
      </trkpt>
      <trkpt lat="41.687461" lon="45.162019">
        <ele>695.4</ele>
        <time>2024-12-07T19:50:22.707000Z</time>
      </trkpt>
      <trkpt lat="41.687494" lon="45.162126">
        <ele>695.3</ele>
        <time>2024-12-07T19:50:24.310000Z</time>
      </trkpt>
      <trkpt lat="41.687525" lon="45.162233">
        <ele>695.3</ele>
        <time>2024-12-07T19:50:25.898000Z</time>
      </trkpt>
      <trkpt lat="41.687559" lon="45.162343">
        <ele>695.2</ele>
        <time>2024-12-07T19:50:27.546000Z</time>
      </trkpt>
      <trkpt lat="41.687593" lon="45.16245">
        <ele>695.1</ele>
        <time>2024-12-07T19:50:29.155000Z</time>
      </trkpt>
      <trkpt lat="41.687628" lon="45.162557">
        <ele>695</ele>
        <time>2024-12-07T19:50:30.771000Z</time>
      </trkpt>
      <trkpt lat="41.687662" lon="45.162664">
        <ele>695</ele>
        <time>2024-12-07T19:50:32.381000Z</time>
      </trkpt>
      <trkpt lat="41.687697" lon="45.162774">
        <ele>694.9</ele>
        <time>2024-12-07T19:50:34.036000Z</time>
      </trkpt>
      <trkpt lat="41.68774" lon="45.162903">
        <ele>694.9</ele>
        <time>2024-12-07T19:50:35.991000Z</time>
      </trkpt>
      <trkpt lat="41.68777" lon="45.162996">
        <ele>694.9</ele>
        <time>2024-12-07T19:50:37.393000Z</time>
      </trkpt>
      <trkpt lat="41.687803" lon="45.163102">
        <ele>694.9</ele>
        <time>2024-12-07T19:50:38.982000Z</time>
      </trkpt>
      <trkpt lat="41.687844" lon="45.163232">
        <ele>694.9</ele>
        <time>2024-12-07T19:50:40.935000Z</time>
      </trkpt>
      <trkpt lat="41.687873" lon="45.16333">
        <ele>694.9</ele>
        <time>2024-12-07T19:50:42.394000Z</time>
      </trkpt>
      <trkpt lat="41.687909" lon="45.163441">
        <ele>694.9</ele>
        <time>2024-12-07T19:50:44.070000Z</time>
      </trkpt>
      <trkpt lat="41.687944" lon="45.163552">
        <ele>694.9</ele>
        <time>2024-12-07T19:50:45.737000Z</time>
      </trkpt>
      <trkpt lat="41.687979" lon="45.163666">
        <ele>694.9</ele>
        <time>2024-12-07T19:50:47.443000Z</time>
      </trkpt>
      <trkpt lat="41.688013" lon="45.163783">
        <ele>694.9</ele>
        <time>2024-12-07T19:50:49.180000Z</time>
      </trkpt>
      <trkpt lat="41.688057" lon="45.163915">
        <ele>694.9</ele>
        <time>2024-12-07T19:50:51.181000Z</time>
      </trkpt>
      <trkpt lat="41.688087" lon="45.164013">
        <ele>694.9</ele>
        <time>2024-12-07T19:50:52.646000Z</time>
      </trkpt>
      <trkpt lat="41.688119" lon="45.164127">
        <ele>694.9</ele>
        <time>2024-12-07T19:50:54.332000Z</time>
      </trkpt>
      <trkpt lat="41.688164" lon="45.164267">
        <ele>695</ele>
        <time>2024-12-07T19:50:56.441000Z</time>
      </trkpt>
      <trkpt lat="41.688197" lon="45.164371">
        <ele>695</ele>
        <time>2024-12-07T19:50:58.005000Z</time>
      </trkpt>
      <trkpt lat="41.688231" lon="45.164485">
        <ele>695.1</ele>
        <time>2024-12-07T19:50:59.704000Z</time>
      </trkpt>
      <trkpt lat="41.688265" lon="45.1646">
        <ele>695.1</ele>
        <time>2024-12-07T19:51:01.416000Z</time>
      </trkpt>
      <trkpt lat="41.688302" lon="45.164715">
        <ele>695.2</ele>
        <time>2024-12-07T19:51:03.149000Z</time>
      </trkpt>
      <trkpt lat="41.688337" lon="45.164826">
        <ele>695.2</ele>
        <time>2024-12-07T19:51:04.816000Z</time>
      </trkpt>
      <trkpt lat="41.688369" lon="45.164937">
        <ele>695.2</ele>
        <time>2024-12-07T19:51:06.464000Z</time>
      </trkpt>
      <trkpt lat="41.688405" lon="45.16505">
        <ele>695.2</ele>
        <time>2024-12-07T19:51:08.163000Z</time>
      </trkpt>
      <trkpt lat="41.68844" lon="45.165168">
        <ele>695.2</ele>
        <time>2024-12-07T19:51:09.920000Z</time>
      </trkpt>
      <trkpt lat="41.688478" lon="45.165283">
        <ele>695.1</ele>
        <time>2024-12-07T19:51:11.660000Z</time>
      </trkpt>
      <trkpt lat="41.688519" lon="45.165417">
        <ele>695.1</ele>
        <time>2024-12-07T19:51:13.665000Z</time>
      </trkpt>
      <trkpt lat="41.688552" lon="45.165519">
        <ele>695</ele>
        <time>2024-12-07T19:51:15.203000Z</time>
      </trkpt>
      <trkpt lat="41.688585" lon="45.165631">
        <ele>695</ele>
        <time>2024-12-07T19:51:16.870000Z</time>
      </trkpt>
      <trkpt lat="41.688623" lon="45.165745">
        <ele>695</ele>
        <time>2024-12-07T19:51:18.597000Z</time>
      </trkpt>
      <trkpt lat="41.688658" lon="45.165859">
        <ele>695</ele>
        <time>2024-12-07T19:51:20.303000Z</time>
      </trkpt>
      <trkpt lat="41.688695" lon="45.165973">
        <ele>695</ele>
        <time>2024-12-07T19:51:22.024000Z</time>
      </trkpt>
      <trkpt lat="41.688737" lon="45.166107">
        <ele>695</ele>
        <time>2024-12-07T19:51:24.034000Z</time>
      </trkpt>
      <trkpt lat="41.688769" lon="45.166209">
        <ele>695</ele>
        <time>2024-12-07T19:51:25.566000Z</time>
      </trkpt>
      <trkpt lat="41.688803" lon="45.166321">
        <ele>695</ele>
        <time>2024-12-07T19:51:27.239000Z</time>
      </trkpt>
      <trkpt lat="41.688847" lon="45.166457">
        <ele>695</ele>
        <time>2024-12-07T19:51:29.290000Z</time>
      </trkpt>
      <trkpt lat="41.68888" lon="45.166557">
        <ele>694.9</ele>
        <time>2024-12-07T19:51:30.803000Z</time>
      </trkpt>
      <trkpt lat="41.688913" lon="45.166667">
        <ele>694.9</ele>
        <time>2024-12-07T19:51:32.444000Z</time>
      </trkpt>
      <trkpt lat="41.688948" lon="45.166779">
        <ele>694.8</ele>
        <time>2024-12-07T19:51:34.123000Z</time>
      </trkpt>
      <trkpt lat="41.688985" lon="45.166893">
        <ele>694.8</ele>
        <time>2024-12-07T19:51:35.845000Z</time>
      </trkpt>
      <trkpt lat="41.68902" lon="45.167011">
        <ele>694.8</ele>
        <time>2024-12-07T19:51:37.601000Z</time>
      </trkpt>
      <trkpt lat="41.689058" lon="45.167126">
        <ele>694.7</ele>
        <time>2024-12-07T19:51:39.342000Z</time>
      </trkpt>
      <trkpt lat="41.689093" lon="45.167246">
        <ele>694.7</ele>
        <time>2024-12-07T19:51:41.125000Z</time>
      </trkpt>
      <trkpt lat="41.68913" lon="45.167366">
        <ele>694.7</ele>
        <time>2024-12-07T19:51:42.922000Z</time>
      </trkpt>
      <trkpt lat="41.689164" lon="45.167481">
        <ele>694.7</ele>
        <time>2024-12-07T19:51:44.634000Z</time>
      </trkpt>
      <trkpt lat="41.689198" lon="45.167602">
        <ele>694.7</ele>
        <time>2024-12-07T19:51:46.422000Z</time>
      </trkpt>
      <trkpt lat="41.689234" lon="45.167723">
        <ele>694.7</ele>
        <time>2024-12-07T19:51:48.226000Z</time>
      </trkpt>
      <trkpt lat="41.689268" lon="45.167845">
        <ele>694.7</ele>
        <time>2024-12-07T19:51:50.027000Z</time>
      </trkpt>
      <trkpt lat="41.689302" lon="45.167967">
        <ele>694.8</ele>
        <time>2024-12-07T19:51:51.830000Z</time>
      </trkpt>
      <trkpt lat="41.68934" lon="45.16809">
        <ele>694.8</ele>
        <time>2024-12-07T19:51:53.671000Z</time>
      </trkpt>
      <trkpt lat="41.689378" lon="45.168209">
        <ele>694.9</ele>
        <time>2024-12-07T19:51:55.463000Z</time>
      </trkpt>
      <trkpt lat="41.689413" lon="45.168327">
        <ele>694.9</ele>
        <time>2024-12-07T19:51:57.220000Z</time>
      </trkpt>
      <trkpt lat="41.689447" lon="45.168445">
        <ele>694.9</ele>
        <time>2024-12-07T19:51:58.971000Z</time>
      </trkpt>
      <trkpt lat="41.689488" lon="45.168566">
        <ele>695</ele>
        <time>2024-12-07T19:52:00.809000Z</time>
      </trkpt>
      <trkpt lat="41.689524" lon="45.168685">
        <ele>695</ele>
        <time>2024-12-07T19:52:02.586000Z</time>
      </trkpt>
      <trkpt lat="41.689558" lon="45.168807">
        <ele>695</ele>
        <time>2024-12-07T19:52:04.388000Z</time>
      </trkpt>
      <trkpt lat="41.689596" lon="45.168929">
        <ele>695</ele>
        <time>2024-12-07T19:52:06.218000Z</time>
      </trkpt>
      <trkpt lat="41.689634" lon="45.169051">
        <ele>695</ele>
        <time>2024-12-07T19:52:08.047000Z</time>
      </trkpt>
      <trkpt lat="41.689672" lon="45.16917">
        <ele>695</ele>
        <time>2024-12-07T19:52:09.838000Z</time>
      </trkpt>
      <trkpt lat="41.689707" lon="45.169288">
        <ele>695</ele>
        <time>2024-12-07T19:52:11.596000Z</time>
      </trkpt>
      <trkpt lat="41.689744" lon="45.169407">
        <ele>695</ele>
        <time>2024-12-07T19:52:13.379000Z</time>
      </trkpt>
      <trkpt lat="41.689783" lon="45.169531">
        <ele>695</ele>
        <time>2024-12-07T19:52:15.241000Z</time>
      </trkpt>
      <trkpt lat="41.689821" lon="45.169653">
        <ele>695</ele>
        <time>2024-12-07T19:52:17.071000Z</time>
      </trkpt>
      <trkpt lat="41.689859" lon="45.169779">
        <ele>695</ele>
        <time>2024-12-07T19:52:18.951000Z</time>
      </trkpt>
      <trkpt lat="41.689897" lon="45.169902">
        <ele>695</ele>
        <time>2024-12-07T19:52:20.793000Z</time>
      </trkpt>
      <trkpt lat="41.689935" lon="45.170023">
        <ele>694.9</ele>
        <time>2024-12-07T19:52:22.610000Z</time>
      </trkpt>
      <trkpt lat="41.689973" lon="45.170148">
        <ele>694.9</ele>
        <time>2024-12-07T19:52:24.478000Z</time>
      </trkpt>
      <trkpt lat="41.690008" lon="45.170271">
        <ele>694.9</ele>
        <time>2024-12-07T19:52:26.300000Z</time>
      </trkpt>
      <trkpt lat="41.690046" lon="45.170397">
        <ele>694.9</ele>
        <time>2024-12-07T19:52:28.180000Z</time>
      </trkpt>
      <trkpt lat="41.690084" lon="45.17052">
        <ele>694.8</ele>
        <time>2024-12-07T19:52:30.022000Z</time>
      </trkpt>
      <trkpt lat="41.690122" lon="45.170645">
        <ele>694.8</ele>
        <time>2024-12-07T19:52:31.890000Z</time>
      </trkpt>
      <trkpt lat="41.69016" lon="45.170771">
        <ele>694.8</ele>
        <time>2024-12-07T19:52:33.771000Z</time>
      </trkpt>
      <trkpt lat="41.690199" lon="45.170894">
        <ele>694.7</ele>
        <time>2024-12-07T19:52:35.619000Z</time>
      </trkpt>
      <trkpt lat="41.690236" lon="45.171019">
        <ele>694.7</ele>
        <time>2024-12-07T19:52:37.481000Z</time>
      </trkpt>
      <trkpt lat="41.690271" lon="45.171145">
        <ele>694.7</ele>
        <time>2024-12-07T19:52:39.341000Z</time>
      </trkpt>
      <trkpt lat="41.690312" lon="45.171274">
        <ele>694.7</ele>
        <time>2024-12-07T19:52:41.282000Z</time>
      </trkpt>
      <trkpt lat="41.690351" lon="45.171403">
        <ele>694.6</ele>
        <time>2024-12-07T19:52:43.208000Z</time>
      </trkpt>
      <trkpt lat="41.690389" lon="45.171533">
        <ele>694.6</ele>
        <time>2024-12-07T19:52:45.139000Z</time>
      </trkpt>
      <trkpt lat="41.690427" lon="45.17166">
        <ele>694.5</ele>
        <time>2024-12-07T19:52:47.033000Z</time>
      </trkpt>
      <trkpt lat="41.690465" lon="45.171785">
        <ele>694.4</ele>
        <time>2024-12-07T19:52:48.900000Z</time>
      </trkpt>
      <trkpt lat="41.690503" lon="45.171908">
        <ele>694.4</ele>
        <time>2024-12-07T19:52:50.743000Z</time>
      </trkpt>
      <trkpt lat="41.690538" lon="45.17203">
        <ele>694.3</ele>
        <time>2024-12-07T19:52:52.551000Z</time>
      </trkpt>
      <trkpt lat="41.690576" lon="45.172155">
        <ele>694.2</ele>
        <time>2024-12-07T19:52:54.420000Z</time>
      </trkpt>
      <trkpt lat="41.690614" lon="45.172278">
        <ele>694.1</ele>
        <time>2024-12-07T19:52:56.262000Z</time>
      </trkpt>
      <trkpt lat="41.690652" lon="45.1724">
        <ele>694.1</ele>
        <time>2024-12-07T19:52:58.091000Z</time>
      </trkpt>
      <trkpt lat="41.69069" lon="45.172526">
        <ele>694</ele>
        <time>2024-12-07T19:52:59.971000Z</time>
      </trkpt>
      <trkpt lat="41.690728" lon="45.172651">
        <ele>694</ele>
        <time>2024-12-07T19:53:01.839000Z</time>
      </trkpt>
      <trkpt lat="41.690764" lon="45.172774">
        <ele>693.9</ele>
        <time>2024-12-07T19:53:03.668000Z</time>
      </trkpt>
      <trkpt lat="41.690804" lon="45.172896">
        <ele>693.8</ele>
        <time>2024-12-07T19:53:05.511000Z</time>
      </trkpt>
      <trkpt lat="41.69084" lon="45.173018">
        <ele>693.7</ele>
        <time>2024-12-07T19:53:07.327000Z</time>
      </trkpt>
      <trkpt lat="41.690874" lon="45.173137">
        <ele>693.6</ele>
        <time>2024-12-07T19:53:09.090000Z</time>
      </trkpt>
      <trkpt lat="41.690908" lon="45.173252">
        <ele>693.5</ele>
        <time>2024-12-07T19:53:10.802000Z</time>
      </trkpt>
      <trkpt lat="41.690943" lon="45.173369">
        <ele>693.4</ele>
        <time>2024-12-07T19:53:12.547000Z</time>
      </trkpt>
      <trkpt lat="41.69098" lon="45.173488">
        <ele>693.2</ele>
        <time>2024-12-07T19:53:14.331000Z</time>
      </trkpt>
      <trkpt lat="41.691015" lon="45.173609">
        <ele>693</ele>
        <time>2024-12-07T19:53:16.127000Z</time>
      </trkpt>
      <trkpt lat="41.691053" lon="45.173734">
        <ele>692.9</ele>
        <time>2024-12-07T19:53:17.995000Z</time>
      </trkpt>
      <trkpt lat="41.691088" lon="45.173861">
        <ele>692.7</ele>
        <time>2024-12-07T19:53:19.868000Z</time>
      </trkpt>
      <trkpt lat="41.691125" lon="45.173983">
        <ele>692.5</ele>
        <time>2024-12-07T19:53:21.691000Z</time>
      </trkpt>
      <trkpt lat="41.691163" lon="45.174105">
        <ele>692.3</ele>
        <time>2024-12-07T19:53:23.520000Z</time>
      </trkpt>
      <trkpt lat="41.691199" lon="45.174228">
        <ele>692.1</ele>
        <time>2024-12-07T19:53:25.350000Z</time>
      </trkpt>
      <trkpt lat="41.691233" lon="45.17435">
        <ele>691.9</ele>
        <time>2024-12-07T19:53:27.152000Z</time>
      </trkpt>
      <trkpt lat="41.691267" lon="45.174468">
        <ele>691.7</ele>
        <time>2024-12-07T19:53:28.902000Z</time>
      </trkpt>
      <trkpt lat="41.691307" lon="45.174588">
        <ele>691.5</ele>
        <time>2024-12-07T19:53:30.720000Z</time>
      </trkpt>
      <trkpt lat="41.691343" lon="45.174712">
        <ele>691.3</ele>
        <time>2024-12-07T19:53:32.563000Z</time>
      </trkpt>
      <trkpt lat="41.691381" lon="45.174834">
        <ele>691.2</ele>
        <time>2024-12-07T19:53:34.391000Z</time>
      </trkpt>
      <trkpt lat="41.691416" lon="45.174959">
        <ele>691</ele>
        <time>2024-12-07T19:53:36.240000Z</time>
      </trkpt>
      <trkpt lat="41.691453" lon="45.175081">
        <ele>690.8</ele>
        <time>2024-12-07T19:53:38.062000Z</time>
      </trkpt>
      <trkpt lat="41.691491" lon="45.1752">
        <ele>690.6</ele>
        <time>2024-12-07T19:53:39.854000Z</time>
      </trkpt>
      <trkpt lat="41.691526" lon="45.175319">
        <ele>690.4</ele>
        <time>2024-12-07T19:53:41.624000Z</time>
      </trkpt>
      <trkpt lat="41.691564" lon="45.175441">
        <ele>690.2</ele>
        <time>2024-12-07T19:53:43.454000Z</time>
      </trkpt>
      <trkpt lat="41.691602" lon="45.175562">
        <ele>690</ele>
        <time>2024-12-07T19:53:45.271000Z</time>
      </trkpt>
      <trkpt lat="41.69164" lon="45.175685">
        <ele>689.9</ele>
        <time>2024-12-07T19:53:47.112000Z</time>
      </trkpt>
      <trkpt lat="41.691675" lon="45.175807">
        <ele>689.7</ele>
        <time>2024-12-07T19:53:48.922000Z</time>
      </trkpt>
      <trkpt lat="41.691716" lon="45.175932">
        <ele>689.6</ele>
        <time>2024-12-07T19:53:50.811000Z</time>
      </trkpt>
      <trkpt lat="41.691758" lon="45.176055">
        <ele>689.4</ele>
        <time>2024-12-07T19:53:52.682000Z</time>
      </trkpt>
      <trkpt lat="41.691797" lon="45.17618">
        <ele>689.3</ele>
        <time>2024-12-07T19:53:54.558000Z</time>
      </trkpt>
      <trkpt lat="41.691835" lon="45.176306">
        <ele>689.1</ele>
        <time>2024-12-07T19:53:56.439000Z</time>
      </trkpt>
      <trkpt lat="41.691876" lon="45.176431">
        <ele>689</ele>
        <time>2024-12-07T19:53:58.328000Z</time>
      </trkpt>
      <trkpt lat="41.691918" lon="45.176561">
        <ele>688.9</ele>
        <time>2024-12-07T19:54:00.288000Z</time>
      </trkpt>
      <trkpt lat="41.691963" lon="45.17669">
        <ele>688.8</ele>
        <time>2024-12-07T19:54:02.258000Z</time>
      </trkpt>
      <trkpt lat="41.692183" lon="45.176588">
        <ele>688.5</ele>
        <time>2024-12-07T19:54:06.571000Z</time>
      </trkpt>
      <trkpt lat="41.692261" lon="45.176893">
        <ele>688.3</ele>
        <time>2024-12-07T19:54:10.800000Z</time>
      </trkpt>
      <trkpt lat="41.69242" lon="45.177376">
        <ele>688.1</ele>
        <time>2024-12-07T19:54:17.960000Z</time>
      </trkpt>
      <trkpt lat="41.693202" lon="45.179262">
        <ele>687.2</ele>
        <time>2024-12-07T19:54:47.763000Z</time>
      </trkpt>
      <trkpt lat="41.693791" lon="45.180417">
        <ele>686.9</ele>
        <time>2024-12-07T19:55:07.639000Z</time>
      </trkpt>
      <trkpt lat="41.694732" lon="45.181872">
        <ele>686.5</ele>
        <time>2024-12-07T19:55:35.120000Z</time>
      </trkpt>
      <trkpt lat="41.696486" lon="45.184106">
        <ele>686</ele>
        <time>2024-12-07T19:56:22.508000Z</time>
      </trkpt>
      <trkpt lat="41.698579" lon="45.187057">
        <ele>685.5</ele>
        <time>2024-12-07T19:57:22.098000Z</time>
      </trkpt>
      <trkpt lat="41.698579" lon="45.187057">
        <ele>685.5</ele>
        <time>2024-12-07T19:57:22.099000Z</time>
      </trkpt>
      <trkpt lat="41.698395" lon="45.187292">
        <ele>685.5</ele>
        <time>2024-12-07T19:57:26.811000Z</time>
      </trkpt>
      <trkpt lat="41.698454" lon="45.187385">
        <ele>685.5</ele>
        <time>2024-12-07T19:57:28.499000Z</time>
      </trkpt>
      <trkpt lat="41.698508" lon="45.187477">
        <ele>685.4</ele>
        <time>2024-12-07T19:57:30.119000Z</time>
      </trkpt>
      <trkpt lat="41.698564" lon="45.187572">
        <ele>685.4</ele>
        <time>2024-12-07T19:57:31.794000Z</time>
      </trkpt>
      <trkpt lat="41.698619" lon="45.187667">
        <ele>685.4</ele>
        <time>2024-12-07T19:57:33.457000Z</time>
      </trkpt>
      <trkpt lat="41.698672" lon="45.187759">
        <ele>685.4</ele>
        <time>2024-12-07T19:57:35.065000Z</time>
      </trkpt>
      <trkpt lat="41.698725" lon="45.187854">
        <ele>685.4</ele>
        <time>2024-12-07T19:57:36.706000Z</time>
      </trkpt>
      <trkpt lat="41.698782" lon="45.187953">
        <ele>685.3</ele>
        <time>2024-12-07T19:57:38.436000Z</time>
      </trkpt>
      <trkpt lat="41.698836" lon="45.188052">
        <ele>685.3</ele>
        <time>2024-12-07T19:57:40.132000Z</time>
      </trkpt>
      <trkpt lat="41.698893" lon="45.188148">
        <ele>685.3</ele>
        <time>2024-12-07T19:57:41.830000Z</time>
      </trkpt>
      <trkpt lat="41.69895" lon="45.188246">
        <ele>685.3</ele>
        <time>2024-12-07T19:57:43.549000Z</time>
      </trkpt>
      <trkpt lat="41.699004" lon="45.188346">
        <ele>685.2</ele>
        <time>2024-12-07T19:57:45.256000Z</time>
      </trkpt>
      <trkpt lat="41.699061" lon="45.188448">
        <ele>685.2</ele>
        <time>2024-12-07T19:57:47.019000Z</time>
      </trkpt>
      <trkpt lat="41.699115" lon="45.188551">
        <ele>685.2</ele>
        <time>2024-12-07T19:57:48.760000Z</time>
      </trkpt>
      <trkpt lat="41.699171" lon="45.188654">
        <ele>685.1</ele>
        <time>2024-12-07T19:57:50.524000Z</time>
      </trkpt>
      <trkpt lat="41.699225" lon="45.188757">
        <ele>685.1</ele>
        <time>2024-12-07T19:57:52.265000Z</time>
      </trkpt>
      <trkpt lat="41.699279" lon="45.18886">
        <ele>685.1</ele>
        <time>2024-12-07T19:57:54.006000Z</time>
      </trkpt>
      <trkpt lat="41.699332" lon="45.188967">
        <ele>685.1</ele>
        <time>2024-12-07T19:57:55.783000Z</time>
      </trkpt>
      <trkpt lat="41.699385" lon="45.189067">
        <ele>685.1</ele>
        <time>2024-12-07T19:57:57.481000Z</time>
      </trkpt>
      <trkpt lat="41.699439" lon="45.189172">
        <ele>685.1</ele>
        <time>2024-12-07T19:57:59.244000Z</time>
      </trkpt>
      <trkpt lat="41.699495" lon="45.189278">
        <ele>685.1</ele>
        <time>2024-12-07T19:58:01.041000Z</time>
      </trkpt>
      <trkpt lat="41.699548" lon="45.18939">
        <ele>685.1</ele>
        <time>2024-12-07T19:58:02.875000Z</time>
      </trkpt>
      <trkpt lat="41.699603" lon="45.1895">
        <ele>685.1</ele>
        <time>2024-12-07T19:58:04.709000Z</time>
      </trkpt>
      <trkpt lat="41.699656" lon="45.189607">
        <ele>685.1</ele>
        <time>2024-12-07T19:58:06.485000Z</time>
      </trkpt>
      <trkpt lat="41.69971" lon="45.189721">
        <ele>685.1</ele>
        <time>2024-12-07T19:58:08.352000Z</time>
      </trkpt>
      <trkpt lat="41.699763" lon="45.189832">
        <ele>685</ele>
        <time>2024-12-07T19:58:10.175000Z</time>
      </trkpt>
      <trkpt lat="41.699816" lon="45.189944">
        <ele>685.1</ele>
        <time>2024-12-07T19:58:12.011000Z</time>
      </trkpt>
      <trkpt lat="41.699869" lon="45.190055">
        <ele>685.1</ele>
        <time>2024-12-07T19:58:13.834000Z</time>
      </trkpt>
      <trkpt lat="41.69992" lon="45.190169">
        <ele>685.1</ele>
        <time>2024-12-07T19:58:15.673000Z</time>
      </trkpt>
      <trkpt lat="41.699971" lon="45.190284">
        <ele>685.1</ele>
        <time>2024-12-07T19:58:17.524000Z</time>
      </trkpt>
      <trkpt lat="41.700026" lon="45.190406">
        <ele>685</ele>
        <time>2024-12-07T19:58:19.496000Z</time>
      </trkpt>
      <trkpt lat="41.70008" lon="45.190522">
        <ele>685</ele>
        <time>2024-12-07T19:58:21.386000Z</time>
      </trkpt>
      <trkpt lat="41.700133" lon="45.190639">
        <ele>685</ele>
        <time>2024-12-07T19:58:23.281000Z</time>
      </trkpt>
      <trkpt lat="41.700183" lon="45.190757">
        <ele>685</ele>
        <time>2024-12-07T19:58:25.158000Z</time>
      </trkpt>
      <trkpt lat="41.700233" lon="45.190875">
        <ele>685</ele>
        <time>2024-12-07T19:58:27.036000Z</time>
      </trkpt>
      <trkpt lat="41.700282" lon="45.190994">
        <ele>685</ele>
        <time>2024-12-07T19:58:28.916000Z</time>
      </trkpt>
      <trkpt lat="41.700335" lon="45.191112">
        <ele>685</ele>
        <time>2024-12-07T19:58:30.821000Z</time>
      </trkpt>
      <trkpt lat="41.700385" lon="45.191227">
        <ele>685.1</ele>
        <time>2024-12-07T19:58:32.662000Z</time>
      </trkpt>
      <trkpt lat="41.700435" lon="45.191342">
        <ele>685.1</ele>
        <time>2024-12-07T19:58:34.504000Z</time>
      </trkpt>
      <trkpt lat="41.700485" lon="45.191462">
        <ele>685</ele>
        <time>2024-12-07T19:58:36.405000Z</time>
      </trkpt>
      <trkpt lat="41.700534" lon="45.191581">
        <ele>685</ele>
        <time>2024-12-07T19:58:38.286000Z</time>
      </trkpt>
      <trkpt lat="41.700581" lon="45.191696">
        <ele>685</ele>
        <time>2024-12-07T19:58:40.101000Z</time>
      </trkpt>
      <trkpt lat="41.70063" lon="45.191814">
        <ele>684.9</ele>
        <time>2024-12-07T19:58:41.969000Z</time>
      </trkpt>
      <trkpt lat="41.700683" lon="45.191936">
        <ele>684.8</ele>
        <time>2024-12-07T19:58:43.921000Z</time>
      </trkpt>
      <trkpt lat="41.700732" lon="45.192054">
        <ele>684.7</ele>
        <time>2024-12-07T19:58:45.790000Z</time>
      </trkpt>
      <trkpt lat="41.700782" lon="45.192179">
        <ele>684.7</ele>
        <time>2024-12-07T19:58:47.752000Z</time>
      </trkpt>
      <trkpt lat="41.700832" lon="45.192301">
        <ele>684.6</ele>
        <time>2024-12-07T19:58:49.678000Z</time>
      </trkpt>
      <trkpt lat="41.700881" lon="45.192424">
        <ele>684.5</ele>
        <time>2024-12-07T19:58:51.607000Z</time>
      </trkpt>
      <trkpt lat="41.700931" lon="45.192543">
        <ele>684.4</ele>
        <time>2024-12-07T19:58:53.496000Z</time>
      </trkpt>
      <trkpt lat="41.700977" lon="45.192664">
        <ele>684.2</ele>
        <time>2024-12-07T19:58:55.376000Z</time>
      </trkpt>
      <trkpt lat="41.701026" lon="45.192782">
        <ele>684.1</ele>
        <time>2024-12-07T19:58:57.244000Z</time>
      </trkpt>
      <trkpt lat="41.701073" lon="45.192904">
        <ele>683.9</ele>
        <time>2024-12-07T19:58:59.143000Z</time>
      </trkpt>
      <trkpt lat="41.701122" lon="45.193023">
        <ele>683.8</ele>
        <time>2024-12-07T19:59:01.025000Z</time>
      </trkpt>
      <trkpt lat="41.701174" lon="45.193145">
        <ele>683.6</ele>
        <time>2024-12-07T19:59:02.968000Z</time>
      </trkpt>
      <trkpt lat="41.701222" lon="45.193264">
        <ele>683.5</ele>
        <time>2024-12-07T19:59:04.840000Z</time>
      </trkpt>
      <trkpt lat="41.701271" lon="45.193383">
        <ele>683.3</ele>
        <time>2024-12-07T19:59:06.721000Z</time>
      </trkpt>
      <trkpt lat="41.701323" lon="45.193503">
        <ele>683.1</ele>
        <time>2024-12-07T19:59:08.640000Z</time>
      </trkpt>
      <trkpt lat="41.701373" lon="45.193624">
        <ele>682.9</ele>
        <time>2024-12-07T19:59:10.554000Z</time>
      </trkpt>
      <trkpt lat="41.701422" lon="45.193744">
        <ele>682.6</ele>
        <time>2024-12-07T19:59:12.447000Z</time>
      </trkpt>
      <trkpt lat="41.701469" lon="45.193869">
        <ele>682.4</ele>
        <time>2024-12-07T19:59:14.385000Z</time>
      </trkpt>
      <trkpt lat="41.701518" lon="45.193991">
        <ele>682.2</ele>
        <time>2024-12-07T19:59:16.301000Z</time>
      </trkpt>
      <trkpt lat="41.701571" lon="45.194116">
        <ele>681.9</ele>
        <time>2024-12-07T19:59:18.292000Z</time>
      </trkpt>
      <trkpt lat="41.701624" lon="45.194245">
        <ele>681.6</ele>
        <time>2024-12-07T19:59:20.329000Z</time>
      </trkpt>
      <trkpt lat="41.701678" lon="45.194372">
        <ele>681.4</ele>
        <time>2024-12-07T19:59:22.352000Z</time>
      </trkpt>
      <trkpt lat="41.701728" lon="45.194498">
        <ele>681.1</ele>
        <time>2024-12-07T19:59:24.326000Z</time>
      </trkpt>
      <trkpt lat="41.701781" lon="45.194627">
        <ele>680.9</ele>
        <time>2024-12-07T19:59:26.364000Z</time>
      </trkpt>
      <trkpt lat="41.701834" lon="45.194757">
        <ele>680.7</ele>
        <time>2024-12-07T19:59:28.413000Z</time>
      </trkpt>
      <trkpt lat="41.701887" lon="45.194883">
        <ele>680.5</ele>
        <time>2024-12-07T19:59:30.415000Z</time>
      </trkpt>
      <trkpt lat="41.701941" lon="45.195016">
        <ele>680.3</ele>
        <time>2024-12-07T19:59:32.510000Z</time>
      </trkpt>
      <trkpt lat="41.701994" lon="45.195149">
        <ele>680.2</ele>
        <time>2024-12-07T19:59:34.596000Z</time>
      </trkpt>
      <trkpt lat="41.702048" lon="45.195282">
        <ele>680</ele>
        <time>2024-12-07T19:59:36.692000Z</time>
      </trkpt>
      <trkpt lat="41.702105" lon="45.195413">
        <ele>679.9</ele>
        <time>2024-12-07T19:59:38.789000Z</time>
      </trkpt>
      <trkpt lat="41.702159" lon="45.195546">
        <ele>679.8</ele>
        <time>2024-12-07T19:59:40.884000Z</time>
      </trkpt>
      <trkpt lat="41.702212" lon="45.195676">
        <ele>679.7</ele>
        <time>2024-12-07T19:59:42.933000Z</time>
      </trkpt>
      <trkpt lat="41.702265" lon="45.195809">
        <ele>679.6</ele>
        <time>2024-12-07T19:59:45.019000Z</time>
      </trkpt>
      <trkpt lat="41.702319" lon="45.195939">
        <ele>679.5</ele>
        <time>2024-12-07T19:59:47.079000Z</time>
      </trkpt>
      <trkpt lat="41.702375" lon="45.196068">
        <ele>679.4</ele>
        <time>2024-12-07T19:59:49.143000Z</time>
      </trkpt>
      <trkpt lat="41.702429" lon="45.196198">
        <ele>679.3</ele>
        <time>2024-12-07T19:59:51.201000Z</time>
      </trkpt>
      <trkpt lat="41.702479" lon="45.19633">
        <ele>679.2</ele>
        <time>2024-12-07T19:59:53.250000Z</time>
      </trkpt>
      <trkpt lat="41.702535" lon="45.196465">
        <ele>679.2</ele>
        <time>2024-12-07T19:59:55.386000Z</time>
      </trkpt>
      <trkpt lat="41.70259" lon="45.196598">
        <ele>679.1</ele>
        <time>2024-12-07T19:59:57.490000Z</time>
      </trkpt>
      <trkpt lat="41.702643" lon="45.196732">
        <ele>679</ele>
        <time>2024-12-07T19:59:59.588000Z</time>
      </trkpt>
      <trkpt lat="41.702699" lon="45.196865">
        <ele>679</ele>
        <time>2024-12-07T20:00:01.700000Z</time>
      </trkpt>
      <trkpt lat="41.702753" lon="45.196995">
        <ele>678.9</ele>
        <time>2024-12-07T20:00:03.759000Z</time>
      </trkpt>
      <trkpt lat="41.70281" lon="45.197128">
        <ele>678.8</ele>
        <time>2024-12-07T20:00:05.882000Z</time>
      </trkpt>
      <trkpt lat="41.702864" lon="45.197262">
        <ele>678.7</ele>
        <time>2024-12-07T20:00:07.989000Z</time>
      </trkpt>
      <trkpt lat="41.702921" lon="45.197396">
        <ele>678.5</ele>
        <time>2024-12-07T20:00:10.123000Z</time>
      </trkpt>
      <trkpt lat="41.702975" lon="45.197534">
        <ele>678.3</ele>
        <time>2024-12-07T20:00:12.278000Z</time>
      </trkpt>
      <trkpt lat="41.703031" lon="45.197665">
        <ele>678.1</ele>
        <time>2024-12-07T20:00:14.367000Z</time>
      </trkpt>
      <trkpt lat="41.703085" lon="45.197798">
        <ele>677.9</ele>
        <time>2024-12-07T20:00:16.463000Z</time>
      </trkpt>
      <trkpt lat="41.703142" lon="45.197933">
        <ele>677.7</ele>
        <time>2024-12-07T20:00:18.608000Z</time>
      </trkpt>
      <trkpt lat="41.703196" lon="45.198068">
        <ele>677.4</ele>
        <time>2024-12-07T20:00:20.729000Z</time>
      </trkpt>
      <trkpt lat="41.703249" lon="45.198197">
        <ele>677.1</ele>
        <time>2024-12-07T20:00:22.766000Z</time>
      </trkpt>
      <trkpt lat="41.703303" lon="45.19833">
        <ele>676.9</ele>
        <time>2024-12-07T20:00:24.862000Z</time>
      </trkpt>
      <trkpt lat="41.703356" lon="45.198461">
        <ele>676.6</ele>
        <time>2024-12-07T20:00:26.923000Z</time>
      </trkpt>
      <trkpt lat="41.703413" lon="45.198591">
        <ele>676.3</ele>
        <time>2024-12-07T20:00:29.010000Z</time>
      </trkpt>
      <trkpt lat="41.703464" lon="45.198721">
        <ele>675.9</ele>
        <time>2024-12-07T20:00:31.042000Z</time>
      </trkpt>
      <trkpt lat="41.70352" lon="45.19885">
        <ele>675.6</ele>
        <time>2024-12-07T20:00:33.107000Z</time>
      </trkpt>
      <trkpt lat="41.703574" lon="45.198983">
        <ele>675.3</ele>
        <time>2024-12-07T20:00:35.203000Z</time>
      </trkpt>
      <trkpt lat="41.703627" lon="45.199113">
        <ele>675</ele>
        <time>2024-12-07T20:00:37.254000Z</time>
      </trkpt>
      <trkpt lat="41.703678" lon="45.19924">
        <ele>674.8</ele>
        <time>2024-12-07T20:00:39.249000Z</time>
      </trkpt>
      <trkpt lat="41.703731" lon="45.19937">
        <ele>674.5</ele>
        <time>2024-12-07T20:00:41.299000Z</time>
      </trkpt>
      <trkpt lat="41.703784" lon="45.199495">
        <ele>674.2</ele>
        <time>2024-12-07T20:00:43.289000Z</time>
      </trkpt>
      <trkpt lat="41.703834" lon="45.199621">
        <ele>674</ele>
        <time>2024-12-07T20:00:45.263000Z</time>
      </trkpt>
      <trkpt lat="41.703887" lon="45.199751">
        <ele>673.8</ele>
        <time>2024-12-07T20:00:47.314000Z</time>
      </trkpt>
      <trkpt lat="41.70394" lon="45.199877">
        <ele>673.5</ele>
        <time>2024-12-07T20:00:49.315000Z</time>
      </trkpt>
      <trkpt lat="41.70399" lon="45.199999">
        <ele>673.3</ele>
        <time>2024-12-07T20:00:51.241000Z</time>
      </trkpt>
      <trkpt lat="41.704043" lon="45.200124">
        <ele>673.1</ele>
        <time>2024-12-07T20:00:53.230000Z</time>
      </trkpt>
      <trkpt lat="41.704097" lon="45.200251">
        <ele>672.9</ele>
        <time>2024-12-07T20:00:55.252000Z</time>
      </trkpt>
      <trkpt lat="41.704147" lon="45.200376">
        <ele>672.7</ele>
        <time>2024-12-07T20:00:57.215000Z</time>
      </trkpt>
      <trkpt lat="41.704199" lon="45.200502">
        <ele>672.6</ele>
        <time>2024-12-07T20:00:59.207000Z</time>
      </trkpt>
      <trkpt lat="41.704253" lon="45.200631">
        <ele>672.5</ele>
        <time>2024-12-07T20:01:01.253000Z</time>
      </trkpt>
      <trkpt lat="41.704306" lon="45.200755">
        <ele>672.3</ele>
        <time>2024-12-07T20:01:03.231000Z</time>
      </trkpt>
      <trkpt lat="41.704356" lon="45.200883">
        <ele>672.2</ele>
        <time>2024-12-07T20:01:05.229000Z</time>
      </trkpt>
      <trkpt lat="41.704409" lon="45.201013">
        <ele>672.1</ele>
        <time>2024-12-07T20:01:07.278000Z</time>
      </trkpt>
      <trkpt lat="41.704463" lon="45.20114">
        <ele>672</ele>
        <time>2024-12-07T20:01:09.301000Z</time>
      </trkpt>
      <trkpt lat="41.704516" lon="45.201269">
        <ele>671.9</ele>
        <time>2024-12-07T20:01:11.338000Z</time>
      </trkpt>
      <trkpt lat="41.704569" lon="45.201398">
        <ele>671.8</ele>
        <time>2024-12-07T20:01:13.375000Z</time>
      </trkpt>
      <trkpt lat="41.704622" lon="45.201525">
        <ele>671.7</ele>
        <time>2024-12-07T20:01:15.389000Z</time>
      </trkpt>
      <trkpt lat="41.704676" lon="45.201657">
        <ele>671.6</ele>
        <time>2024-12-07T20:01:17.471000Z</time>
      </trkpt>
      <trkpt lat="41.704727" lon="45.201787">
        <ele>671.5</ele>
        <time>2024-12-07T20:01:19.503000Z</time>
      </trkpt>
      <trkpt lat="41.704789" lon="45.201936">
        <ele>671.4</ele>
        <time>2024-12-07T20:01:21.864000Z</time>
      </trkpt>
      <trkpt lat="41.704835" lon="45.202047">
        <ele>671.4</ele>
        <time>2024-12-07T20:01:23.620000Z</time>
      </trkpt>
      <trkpt lat="41.704883" lon="45.202173">
        <ele>671.3</ele>
        <time>2024-12-07T20:01:25.577000Z</time>
      </trkpt>
      <trkpt lat="41.704936" lon="45.202299">
        <ele>671.3</ele>
        <time>2024-12-07T20:01:27.579000Z</time>
      </trkpt>
      <trkpt lat="41.704986" lon="45.202428">
        <ele>671.2</ele>
        <time>2024-12-07T20:01:29.590000Z</time>
      </trkpt>
      <trkpt lat="41.705039" lon="45.202558">
        <ele>671.1</ele>
        <time>2024-12-07T20:01:31.639000Z</time>
      </trkpt>
      <trkpt lat="41.705092" lon="45.202684">
        <ele>671.1</ele>
        <time>2024-12-07T20:01:33.640000Z</time>
      </trkpt>
      <trkpt lat="41.705145" lon="45.202813">
        <ele>671</ele>
        <time>2024-12-07T20:01:35.677000Z</time>
      </trkpt>
      <trkpt lat="41.705199" lon="45.202943">
        <ele>670.9</ele>
        <time>2024-12-07T20:01:37.735000Z</time>
      </trkpt>
      <trkpt lat="41.705252" lon="45.203073">
        <ele>670.9</ele>
        <time>2024-12-07T20:01:39.785000Z</time>
      </trkpt>
      <trkpt lat="41.705306" lon="45.2032">
        <ele>670.8</ele>
        <time>2024-12-07T20:01:41.807000Z</time>
      </trkpt>
      <trkpt lat="41.705359" lon="45.203325">
        <ele>670.8</ele>
        <time>2024-12-07T20:01:43.795000Z</time>
      </trkpt>
      <trkpt lat="41.705412" lon="45.203454">
        <ele>670.7</ele>
        <time>2024-12-07T20:01:45.833000Z</time>
      </trkpt>
      <trkpt lat="41.705466" lon="45.203584">
        <ele>670.6</ele>
        <time>2024-12-07T20:01:47.891000Z</time>
      </trkpt>
      <trkpt lat="41.705519" lon="45.203714">
        <ele>670.6</ele>
        <time>2024-12-07T20:01:49.941000Z</time>
      </trkpt>
      <trkpt lat="41.705573" lon="45.203843">
        <ele>670.5</ele>
        <time>2024-12-07T20:01:51.987000Z</time>
      </trkpt>
      <trkpt lat="41.705626" lon="45.203973">
        <ele>670.4</ele>
        <time>2024-12-07T20:01:54.037000Z</time>
      </trkpt>
      <trkpt lat="41.70568" lon="45.204106">
        <ele>670.4</ele>
        <time>2024-12-07T20:01:56.131000Z</time>
      </trkpt>
      <trkpt lat="41.705736" lon="45.204236">
        <ele>670.3</ele>
        <time>2024-12-07T20:01:58.208000Z</time>
      </trkpt>
      <trkpt lat="41.70579" lon="45.204366">
        <ele>670.2</ele>
        <time>2024-12-07T20:02:00.266000Z</time>
      </trkpt>
      <trkpt lat="41.705847" lon="45.204496">
        <ele>670.2</ele>
        <time>2024-12-07T20:02:02.352000Z</time>
      </trkpt>
      <trkpt lat="41.705901" lon="45.204628">
        <ele>670.2</ele>
        <time>2024-12-07T20:02:04.435000Z</time>
      </trkpt>
      <trkpt lat="41.705954" lon="45.204762">
        <ele>670.1</ele>
        <time>2024-12-07T20:02:06.533000Z</time>
      </trkpt>
      <trkpt lat="41.706008" lon="45.204893">
        <ele>670.1</ele>
        <time>2024-12-07T20:02:08.603000Z</time>
      </trkpt>
      <trkpt lat="41.706061" lon="45.205029">
        <ele>670.1</ele>
        <time>2024-12-07T20:02:10.726000Z</time>
      </trkpt>
      <trkpt lat="41.706115" lon="45.205164">
        <ele>670</ele>
        <time>2024-12-07T20:02:12.845000Z</time>
      </trkpt>
      <trkpt lat="41.706171" lon="45.205293">
        <ele>670</ele>
        <time>2024-12-07T20:02:14.909000Z</time>
      </trkpt>
      <trkpt lat="41.706224" lon="45.205423">
        <ele>670</ele>
        <time>2024-12-07T20:02:16.958000Z</time>
      </trkpt>
      <trkpt lat="41.706278" lon="45.205562">
        <ele>669.9</ele>
        <time>2024-12-07T20:02:19.127000Z</time>
      </trkpt>
      <trkpt lat="41.706332" lon="45.205697">
        <ele>669.9</ele>
        <time>2024-12-07T20:02:21.246000Z</time>
      </trkpt>
      <trkpt lat="41.706385" lon="45.20583">
        <ele>669.9</ele>
        <time>2024-12-07T20:02:23.332000Z</time>
      </trkpt>
      <trkpt lat="41.706439" lon="45.205967">
        <ele>669.9</ele>
        <time>2024-12-07T20:02:25.476000Z</time>
      </trkpt>
      <trkpt lat="41.706492" lon="45.206098">
        <ele>669.8</ele>
        <time>2024-12-07T20:02:27.537000Z</time>
      </trkpt>
      <trkpt lat="41.706546" lon="45.206231">
        <ele>669.8</ele>
        <time>2024-12-07T20:02:29.631000Z</time>
      </trkpt>
      <trkpt lat="41.706596" lon="45.206364">
        <ele>669.8</ele>
        <time>2024-12-07T20:02:31.692000Z</time>
      </trkpt>
      <trkpt lat="41.706645" lon="45.206497">
        <ele>669.8</ele>
        <time>2024-12-07T20:02:33.744000Z</time>
      </trkpt>
      <trkpt lat="41.706695" lon="45.206628">
        <ele>669.8</ele>
        <time>2024-12-07T20:02:35.780000Z</time>
      </trkpt>
      <trkpt lat="41.706745" lon="45.206761">
        <ele>669.8</ele>
        <time>2024-12-07T20:02:37.839000Z</time>
      </trkpt>
      <trkpt lat="41.706794" lon="45.206894">
        <ele>669.8</ele>
        <time>2024-12-07T20:02:39.892000Z</time>
      </trkpt>
      <trkpt lat="41.70684" lon="45.207024">
        <ele>669.8</ele>
        <time>2024-12-07T20:02:41.882000Z</time>
      </trkpt>
      <trkpt lat="41.706889" lon="45.207157">
        <ele>669.7</ele>
        <time>2024-12-07T20:02:43.934000Z</time>
      </trkpt>
      <trkpt lat="41.706936" lon="45.207285">
        <ele>669.7</ele>
        <time>2024-12-07T20:02:45.908000Z</time>
      </trkpt>
      <trkpt lat="41.706982" lon="45.207414">
        <ele>669.7</ele>
        <time>2024-12-07T20:02:47.885000Z</time>
      </trkpt>
      <trkpt lat="41.707028" lon="45.207541">
        <ele>669.6</ele>
        <time>2024-12-07T20:02:49.838000Z</time>
      </trkpt>
      <trkpt lat="41.70707" lon="45.20767">
        <ele>669.5</ele>
        <time>2024-12-07T20:02:51.786000Z</time>
      </trkpt>
      <trkpt lat="41.707115" lon="45.207796">
        <ele>669.5</ele>
        <time>2024-12-07T20:02:53.718000Z</time>
      </trkpt>
      <trkpt lat="41.707155" lon="45.207922">
        <ele>669.4</ele>
        <time>2024-12-07T20:02:55.613000Z</time>
      </trkpt>
      <trkpt lat="41.707196" lon="45.208045">
        <ele>669.4</ele>
        <time>2024-12-07T20:02:57.477000Z</time>
      </trkpt>
      <trkpt lat="41.707235" lon="45.208167">
        <ele>669.3</ele>
        <time>2024-12-07T20:02:59.313000Z</time>
      </trkpt>
      <trkpt lat="41.707276" lon="45.208292">
        <ele>669.3</ele>
        <time>2024-12-07T20:03:01.202000Z</time>
      </trkpt>
      <trkpt lat="41.707315" lon="45.208415">
        <ele>669.3</ele>
        <time>2024-12-07T20:03:03.050000Z</time>
      </trkpt>
      <trkpt lat="41.70735" lon="45.20854">
        <ele>669.2</ele>
        <time>2024-12-07T20:03:04.898000Z</time>
      </trkpt>
      <trkpt lat="41.707387" lon="45.208659">
        <ele>669.2</ele>
        <time>2024-12-07T20:03:06.681000Z</time>
      </trkpt>
      <trkpt lat="41.707422" lon="45.208777">
        <ele>669.2</ele>
        <time>2024-12-07T20:03:08.438000Z</time>
      </trkpt>
      <trkpt lat="41.707457" lon="45.208893">
        <ele>669.2</ele>
        <time>2024-12-07T20:03:10.169000Z</time>
      </trkpt>
      <trkpt lat="41.707491" lon="45.209008">
        <ele>669.2</ele>
        <time>2024-12-07T20:03:11.880000Z</time>
      </trkpt>
      <trkpt lat="41.707522" lon="45.209126">
        <ele>669.2</ele>
        <time>2024-12-07T20:03:13.611000Z</time>
      </trkpt>
      <trkpt lat="41.707555" lon="45.209245">
        <ele>669.2</ele>
        <time>2024-12-07T20:03:15.368000Z</time>
      </trkpt>
      <trkpt lat="41.707583" lon="45.209362">
        <ele>669.2</ele>
        <time>2024-12-07T20:03:17.067000Z</time>
      </trkpt>
      <trkpt lat="41.70761" lon="45.209484">
        <ele>669.3</ele>
        <time>2024-12-07T20:03:18.828000Z</time>
      </trkpt>
      <trkpt lat="41.707639" lon="45.209603">
        <ele>669.4</ele>
        <time>2024-12-07T20:03:20.560000Z</time>
      </trkpt>
      <trkpt lat="41.707669" lon="45.209724">
        <ele>669.5</ele>
        <time>2024-12-07T20:03:22.324000Z</time>
      </trkpt>
      <trkpt lat="41.707701" lon="45.209847">
        <ele>669.6</ele>
        <time>2024-12-07T20:03:24.126000Z</time>
      </trkpt>
      <trkpt lat="41.707728" lon="45.209964">
        <ele>669.8</ele>
        <time>2024-12-07T20:03:25.821000Z</time>
      </trkpt>
      <trkpt lat="41.707754" lon="45.210077">
        <ele>670</ele>
        <time>2024-12-07T20:03:27.457000Z</time>
      </trkpt>
      <trkpt lat="41.707784" lon="45.210198">
        <ele>670.2</ele>
        <time>2024-12-07T20:03:29.221000Z</time>
      </trkpt>
      <trkpt lat="41.707809" lon="45.210315">
        <ele>670.4</ele>
        <time>2024-12-07T20:03:30.905000Z</time>
      </trkpt>
      <trkpt lat="41.707834" lon="45.210428">
        <ele>670.6</ele>
        <time>2024-12-07T20:03:32.536000Z</time>
      </trkpt>
      <trkpt lat="41.707858" lon="45.210542">
        <ele>670.9</ele>
        <time>2024-12-07T20:03:34.175000Z</time>
      </trkpt>
      <trkpt lat="41.707884" lon="45.210657">
        <ele>671.1</ele>
        <time>2024-12-07T20:03:35.838000Z</time>
      </trkpt>
      <trkpt lat="41.707908" lon="45.210773">
        <ele>671.3</ele>
        <time>2024-12-07T20:03:37.504000Z</time>
      </trkpt>
      <trkpt lat="41.707931" lon="45.21089">
        <ele>671.6</ele>
        <time>2024-12-07T20:03:39.178000Z</time>
      </trkpt>
      <trkpt lat="41.707954" lon="45.211005">
        <ele>671.8</ele>
        <time>2024-12-07T20:03:40.826000Z</time>
      </trkpt>
      <trkpt lat="41.707973" lon="45.211116">
        <ele>672</ele>
        <time>2024-12-07T20:03:42.402000Z</time>
      </trkpt>
      <trkpt lat="41.707995" lon="45.211226">
        <ele>672.3</ele>
        <time>2024-12-07T20:03:43.979000Z</time>
      </trkpt>
      <trkpt lat="41.708019" lon="45.211347">
        <ele>672.5</ele>
        <time>2024-12-07T20:03:45.710000Z</time>
      </trkpt>
      <trkpt lat="41.708038" lon="45.211459">
        <ele>672.7</ele>
        <time>2024-12-07T20:03:47.301000Z</time>
      </trkpt>
      <trkpt lat="41.708061" lon="45.21158">
        <ele>673</ele>
        <time>2024-12-07T20:03:49.028000Z</time>
      </trkpt>
      <trkpt lat="41.708084" lon="45.211695">
        <ele>673.2</ele>
        <time>2024-12-07T20:03:50.676000Z</time>
      </trkpt>
      <trkpt lat="41.708103" lon="45.211806">
        <ele>673.4</ele>
        <time>2024-12-07T20:03:52.253000Z</time>
      </trkpt>
      <trkpt lat="41.708119" lon="45.21192">
        <ele>673.6</ele>
        <time>2024-12-07T20:03:53.857000Z</time>
      </trkpt>
      <trkpt lat="41.708136" lon="45.21204">
        <ele>673.8</ele>
        <time>2024-12-07T20:03:55.547000Z</time>
      </trkpt>
      <trkpt lat="41.708154" lon="45.212162">
        <ele>674</ele>
        <time>2024-12-07T20:03:57.268000Z</time>
      </trkpt>
      <trkpt lat="41.708169" lon="45.212278">
        <ele>674.1</ele>
        <time>2024-12-07T20:03:58.898000Z</time>
      </trkpt>
      <trkpt lat="41.708185" lon="45.212392">
        <ele>674.3</ele>
        <time>2024-12-07T20:04:00.503000Z</time>
      </trkpt>
      <trkpt lat="41.708199" lon="45.212501">
        <ele>674.4</ele>
        <time>2024-12-07T20:04:02.032000Z</time>
      </trkpt>
      <trkpt lat="41.708216" lon="45.212627">
        <ele>674.5</ele>
        <time>2024-12-07T20:04:03.804000Z</time>
      </trkpt>
      <trkpt lat="41.708234" lon="45.212758">
        <ele>674.6</ele>
        <time>2024-12-07T20:04:05.647000Z</time>
      </trkpt>
      <trkpt lat="41.708243" lon="45.212859">
        <ele>674.7</ele>
        <time>2024-12-07T20:04:07.054000Z</time>
      </trkpt>
      <trkpt lat="41.708254" lon="45.212974">
        <ele>674.7</ele>
        <time>2024-12-07T20:04:08.658000Z</time>
      </trkpt>
      <trkpt lat="41.708269" lon="45.213096">
        <ele>674.8</ele>
        <time>2024-12-07T20:04:10.369000Z</time>
      </trkpt>
      <trkpt lat="41.708284" lon="45.213214">
        <ele>674.8</ele>
        <time>2024-12-07T20:04:12.026000Z</time>
      </trkpt>
      <trkpt lat="41.708296" lon="45.213329">
        <ele>674.8</ele>
        <time>2024-12-07T20:04:13.632000Z</time>
      </trkpt>
      <trkpt lat="41.708307" lon="45.213444">
        <ele>674.8</ele>
        <time>2024-12-07T20:04:15.236000Z</time>
      </trkpt>
      <trkpt lat="41.708319" lon="45.213561">
        <ele>674.8</ele>
        <time>2024-12-07T20:04:16.869000Z</time>
      </trkpt>
      <trkpt lat="41.708327" lon="45.21368">
        <ele>674.8</ele>
        <time>2024-12-07T20:04:18.523000Z</time>
      </trkpt>
      <trkpt lat="41.708341" lon="45.213794">
        <ele>674.8</ele>
        <time>2024-12-07T20:04:20.121000Z</time>
      </trkpt>
      <trkpt lat="41.70835" lon="45.213909">
        <ele>674.8</ele>
        <time>2024-12-07T20:04:21.721000Z</time>
      </trkpt>
      <trkpt lat="41.708358" lon="45.214024">
        <ele>674.8</ele>
        <time>2024-12-07T20:04:23.319000Z</time>
      </trkpt>
      <trkpt lat="41.708368" lon="45.214134">
        <ele>674.7</ele>
        <time>2024-12-07T20:04:24.852000Z</time>
      </trkpt>
      <trkpt lat="41.708377" lon="45.214248">
        <ele>674.7</ele>
        <time>2024-12-07T20:04:26.438000Z</time>
      </trkpt>
      <trkpt lat="41.708384" lon="45.214363">
        <ele>674.7</ele>
        <time>2024-12-07T20:04:28.035000Z</time>
      </trkpt>
      <trkpt lat="41.708392" lon="45.214477">
        <ele>674.7</ele>
        <time>2024-12-07T20:04:29.619000Z</time>
      </trkpt>
      <trkpt lat="41.708396" lon="45.214592">
        <ele>674.7</ele>
        <time>2024-12-07T20:04:31.212000Z</time>
      </trkpt>
      <trkpt lat="41.7084" lon="45.214703">
        <ele>674.7</ele>
        <time>2024-12-07T20:04:32.749000Z</time>
      </trkpt>
      <trkpt lat="41.708407" lon="45.21481">
        <ele>674.7</ele>
        <time>2024-12-07T20:04:34.235000Z</time>
      </trkpt>
      <trkpt lat="41.708412" lon="45.214921">
        <ele>674.7</ele>
        <time>2024-12-07T20:04:35.773000Z</time>
      </trkpt>
      <trkpt lat="41.708418" lon="45.215031">
        <ele>674.7</ele>
        <time>2024-12-07T20:04:37.299000Z</time>
      </trkpt>
      <trkpt lat="41.708423" lon="45.215145">
        <ele>674.7</ele>
        <time>2024-12-07T20:04:38.879000Z</time>
      </trkpt>
      <trkpt lat="41.708427" lon="45.215256">
        <ele>674.7</ele>
        <time>2024-12-07T20:04:40.417000Z</time>
      </trkpt>
      <trkpt lat="41.708427" lon="45.215367">
        <ele>674.7</ele>
        <time>2024-12-07T20:04:41.953000Z</time>
      </trkpt>
      <trkpt lat="41.708431" lon="45.215477">
        <ele>674.7</ele>
        <time>2024-12-07T20:04:43.476000Z</time>
      </trkpt>
      <trkpt lat="41.708431" lon="45.215579">
        <ele>674.7</ele>
        <time>2024-12-07T20:04:44.887000Z</time>
      </trkpt>
      <trkpt lat="41.708431" lon="45.215672">
        <ele>674.7</ele>
        <time>2024-12-07T20:04:46.174000Z</time>
      </trkpt>
      <trkpt lat="41.708431" lon="45.215745">
        <ele>674.7</ele>
        <time>2024-12-07T20:04:47.184000Z</time>
      </trkpt>
      <trkpt lat="41.708434" lon="45.215791">
        <ele>674.7</ele>
        <time>2024-12-07T20:04:47.822000Z</time>
      </trkpt>
      <trkpt lat="41.708435" lon="45.215817">
        <ele>674.7</ele>
        <time>2024-12-07T20:04:48.183000Z</time>
      </trkpt>
      <trkpt lat="41.708435" lon="45.21583">
        <ele>674.6</ele>
        <time>2024-12-07T20:04:48.363000Z</time>
      </trkpt>
      <trkpt lat="41.708435" lon="45.215832">
        <ele>674.6</ele>
        <time>2024-12-07T20:04:48.391000Z</time>
      </trkpt>
      <trkpt lat="41.708443" lon="45.215789">
        <ele>674.6</ele>
        <time>2024-12-07T20:04:49.004000Z</time>
      </trkpt>
      <trkpt lat="41.70844" lon="45.215764">
        <ele>674.6</ele>
        <time>2024-12-07T20:04:49.355000Z</time>
      </trkpt>
      <trkpt lat="41.708432" lon="45.215731">
        <ele>674.6</ele>
        <time>2024-12-07T20:04:49.835000Z</time>
      </trkpt>
      <trkpt lat="41.708428" lon="45.215693">
        <ele>674.6</ele>
        <time>2024-12-07T20:04:50.366000Z</time>
      </trkpt>
      <trkpt lat="41.708431" lon="45.215649">
        <ele>674.6</ele>
        <time>2024-12-07T20:04:50.978000Z</time>
      </trkpt>
      <trkpt lat="41.708434" lon="45.2156">
        <ele>674.6</ele>
        <time>2024-12-07T20:04:51.657000Z</time>
      </trkpt>
      <trkpt lat="41.708435" lon="45.21555">
        <ele>674.6</ele>
        <time>2024-12-07T20:04:52.350000Z</time>
      </trkpt>
      <trkpt lat="41.708432" lon="45.215501">
        <ele>674.6</ele>
        <time>2024-12-07T20:04:53.029000Z</time>
      </trkpt>
      <trkpt lat="41.708428" lon="45.215454">
        <ele>674.6</ele>
        <time>2024-12-07T20:04:53.684000Z</time>
      </trkpt>
      <trkpt lat="41.708427" lon="45.215412">
        <ele>674.5</ele>
        <time>2024-12-07T20:04:54.265000Z</time>
      </trkpt>
      <trkpt lat="41.708424" lon="45.215379">
        <ele>674.5</ele>
        <time>2024-12-07T20:04:54.726000Z</time>
      </trkpt>
      <trkpt lat="41.708427" lon="45.215364">
        <ele>674.5</ele>
        <time>2024-12-07T20:04:54.940000Z</time>
      </trkpt>
      <trkpt lat="41.70842" lon="45.215397">
        <ele>674.5</ele>
        <time>2024-12-07T20:04:55.416000Z</time>
      </trkpt>
      <trkpt lat="41.708427" lon="45.215424">
        <ele>674.5</ele>
        <time>2024-12-07T20:04:55.811000Z</time>
      </trkpt>
      <trkpt lat="41.708427" lon="45.215447">
        <ele>674.5</ele>
        <time>2024-12-07T20:04:56.129000Z</time>
      </trkpt>
      <trkpt lat="41.708427" lon="45.21547">
        <ele>674.5</ele>
        <time>2024-12-07T20:04:56.448000Z</time>
      </trkpt>
      <trkpt lat="41.708424" lon="45.215496">
        <ele>674.5</ele>
        <time>2024-12-07T20:04:56.812000Z</time>
      </trkpt>
      <trkpt lat="41.708427" lon="45.215532">
        <ele>674.4</ele>
        <time>2024-12-07T20:04:57.312000Z</time>
      </trkpt>
      <trkpt lat="41.708427" lon="45.21557">
        <ele>674.4</ele>
        <time>2024-12-07T20:04:57.839000Z</time>
      </trkpt>
      <trkpt lat="41.708427" lon="45.215612">
        <ele>674.4</ele>
        <time>2024-12-07T20:04:58.420000Z</time>
      </trkpt>
      <trkpt lat="41.708427" lon="45.21566">
        <ele>674.4</ele>
        <time>2024-12-07T20:04:59.084000Z</time>
      </trkpt>
      <trkpt lat="41.708434" lon="45.21571">
        <ele>674.3</ele>
        <time>2024-12-07T20:04:59.787000Z</time>
      </trkpt>
      <trkpt lat="41.708435" lon="45.215766">
        <ele>674.3</ele>
        <time>2024-12-07T20:05:00.562000Z</time>
      </trkpt>
      <trkpt lat="41.708438" lon="45.215823">
        <ele>674.3</ele>
        <time>2024-12-07T20:05:01.353000Z</time>
      </trkpt>
      <trkpt lat="41.708439" lon="45.215883">
        <ele>674.3</ele>
        <time>2024-12-07T20:05:02.183000Z</time>
      </trkpt>
      <trkpt lat="41.708442" lon="45.215941">
        <ele>674.3</ele>
        <time>2024-12-07T20:05:02.988000Z</time>
      </trkpt>
      <trkpt lat="41.708443" lon="45.216002">
        <ele>674.2</ele>
        <time>2024-12-07T20:05:03.832000Z</time>
      </trkpt>
      <trkpt lat="41.708443" lon="45.216059">
        <ele>674.2</ele>
        <time>2024-12-07T20:05:04.621000Z</time>
      </trkpt>
      <trkpt lat="41.708443" lon="45.21612">
        <ele>674.2</ele>
        <time>2024-12-07T20:05:05.465000Z</time>
      </trkpt>
      <trkpt lat="41.708439" lon="45.216191">
        <ele>674.2</ele>
        <time>2024-12-07T20:05:06.450000Z</time>
      </trkpt>
      <trkpt lat="41.708439" lon="45.216247">
        <ele>674.2</ele>
        <time>2024-12-07T20:05:07.225000Z</time>
      </trkpt>
      <trkpt lat="41.708439" lon="45.21631">
        <ele>674.2</ele>
        <time>2024-12-07T20:05:08.096000Z</time>
      </trkpt>
      <trkpt lat="41.708436" lon="45.216375">
        <ele>674.1</ele>
        <time>2024-12-07T20:05:08.997000Z</time>
      </trkpt>
      <trkpt lat="41.708435" lon="45.216456">
        <ele>674.1</ele>
        <time>2024-12-07T20:05:10.118000Z</time>
      </trkpt>
      <trkpt lat="41.708432" lon="45.216517">
        <ele>674.1</ele>
        <time>2024-12-07T20:05:10.964000Z</time>
      </trkpt>
      <trkpt lat="41.708431" lon="45.216584">
        <ele>674.1</ele>
        <time>2024-12-07T20:05:11.891000Z</time>
      </trkpt>
      <trkpt lat="41.708431" lon="45.216669">
        <ele>674.1</ele>
        <time>2024-12-07T20:05:13.066000Z</time>
      </trkpt>
      <trkpt lat="41.708428" lon="45.216731">
        <ele>674</ele>
        <time>2024-12-07T20:05:13.926000Z</time>
      </trkpt>
      <trkpt lat="41.708424" lon="45.216804">
        <ele>674</ele>
        <time>2024-12-07T20:05:14.939000Z</time>
      </trkpt>
      <trkpt lat="41.708424" lon="45.21688">
        <ele>674</ele>
        <time>2024-12-07T20:05:15.991000Z</time>
      </trkpt>
      <trkpt lat="41.70842" lon="45.216957">
        <ele>674</ele>
        <time>2024-12-07T20:05:17.058000Z</time>
      </trkpt>
      <trkpt lat="41.708417" lon="45.217036">
        <ele>673.9</ele>
        <time>2024-12-07T20:05:18.153000Z</time>
      </trkpt>
      <trkpt lat="41.708413" lon="45.217116">
        <ele>673.9</ele>
        <time>2024-12-07T20:05:19.262000Z</time>
      </trkpt>
      <trkpt lat="41.708409" lon="45.217203">
        <ele>673.9</ele>
        <time>2024-12-07T20:05:20.468000Z</time>
      </trkpt>
      <trkpt lat="41.708405" lon="45.217287">
        <ele>673.8</ele>
        <time>2024-12-07T20:05:21.632000Z</time>
      </trkpt>
      <trkpt lat="41.708401" lon="45.217374">
        <ele>673.8</ele>
        <time>2024-12-07T20:05:22.838000Z</time>
      </trkpt>
      <trkpt lat="41.708398" lon="45.217462">
        <ele>673.8</ele>
        <time>2024-12-07T20:05:24.057000Z</time>
      </trkpt>
      <trkpt lat="41.708394" lon="45.217553">
        <ele>673.7</ele>
        <time>2024-12-07T20:05:25.319000Z</time>
      </trkpt>
      <trkpt lat="41.708387" lon="45.217645">
        <ele>673.7</ele>
        <time>2024-12-07T20:05:26.598000Z</time>
      </trkpt>
      <trkpt lat="41.708379" lon="45.217737">
        <ele>673.6</ele>
        <time>2024-12-07T20:05:27.880000Z</time>
      </trkpt>
      <trkpt lat="41.708371" lon="45.217832">
        <ele>673.6</ele>
        <time>2024-12-07T20:05:29.202000Z</time>
      </trkpt>
      <trkpt lat="41.708367" lon="45.217926">
        <ele>673.6</ele>
        <time>2024-12-07T20:05:30.505000Z</time>
      </trkpt>
      <trkpt lat="41.70836" lon="45.218035">
        <ele>673.5</ele>
        <time>2024-12-07T20:05:32.018000Z</time>
      </trkpt>
      <trkpt lat="41.708356" lon="45.218123">
        <ele>673.5</ele>
        <time>2024-12-07T20:05:33.238000Z</time>
      </trkpt>
      <trkpt lat="41.708345" lon="45.21822">
        <ele>673.4</ele>
        <time>2024-12-07T20:05:34.596000Z</time>
      </trkpt>
      <trkpt lat="41.708337" lon="45.218319">
        <ele>673.4</ele>
        <time>2024-12-07T20:05:35.974000Z</time>
      </trkpt>
      <trkpt lat="41.708329" lon="45.218418">
        <ele>673.4</ele>
        <time>2024-12-07T20:05:37.351000Z</time>
      </trkpt>
      <trkpt lat="41.708318" lon="45.218521">
        <ele>673.4</ele>
        <time>2024-12-07T20:05:38.791000Z</time>
      </trkpt>
      <trkpt lat="41.70831" lon="45.218624">
        <ele>673.4</ele>
        <time>2024-12-07T20:05:40.223000Z</time>
      </trkpt>
      <trkpt lat="41.708299" lon="45.218726">
        <ele>673.3</ele>
        <time>2024-12-07T20:05:41.649000Z</time>
      </trkpt>
      <trkpt lat="41.708291" lon="45.218832">
        <ele>673.3</ele>
        <time>2024-12-07T20:05:43.123000Z</time>
      </trkpt>
      <trkpt lat="41.70828" lon="45.218937">
        <ele>673.3</ele>
        <time>2024-12-07T20:05:44.591000Z</time>
      </trkpt>
      <trkpt lat="41.708266" lon="45.21904">
        <ele>673.2</ele>
        <time>2024-12-07T20:05:46.038000Z</time>
      </trkpt>
      <trkpt lat="41.708254" lon="45.219142">
        <ele>673.2</ele>
        <time>2024-12-07T20:05:47.467000Z</time>
      </trkpt>
      <trkpt lat="41.708242" lon="45.219252">
        <ele>673.1</ele>
        <time>2024-12-07T20:05:49.006000Z</time>
      </trkpt>
      <trkpt lat="41.708224" lon="45.219363">
        <ele>673.1</ele>
        <time>2024-12-07T20:05:50.577000Z</time>
      </trkpt>
      <trkpt lat="41.708212" lon="45.21947">
        <ele>673</ele>
        <time>2024-12-07T20:05:52.074000Z</time>
      </trkpt>
      <trkpt lat="41.708197" lon="45.21958">
        <ele>673</ele>
        <time>2024-12-07T20:05:53.621000Z</time>
      </trkpt>
      <trkpt lat="41.708182" lon="45.219684">
        <ele>672.9</ele>
        <time>2024-12-07T20:05:55.087000Z</time>
      </trkpt>
      <trkpt lat="41.708163" lon="45.219813">
        <ele>672.9</ele>
        <time>2024-12-07T20:05:56.906000Z</time>
      </trkpt>
      <trkpt lat="41.708148" lon="45.219908">
        <ele>672.8</ele>
        <time>2024-12-07T20:05:58.249000Z</time>
      </trkpt>
      <trkpt lat="41.708132" lon="45.220015">
        <ele>672.8</ele>
        <time>2024-12-07T20:05:59.760000Z</time>
      </trkpt>
      <trkpt lat="41.708114" lon="45.220122">
        <ele>672.7</ele>
        <time>2024-12-07T20:06:01.276000Z</time>
      </trkpt>
      <trkpt lat="41.708095" lon="45.220252">
        <ele>672.6</ele>
        <time>2024-12-07T20:06:03.109000Z</time>
      </trkpt>
      <trkpt lat="41.708076" lon="45.220346">
        <ele>672.6</ele>
        <time>2024-12-07T20:06:04.457000Z</time>
      </trkpt>
      <trkpt lat="41.708053" lon="45.220476">
        <ele>672.5</ele>
        <time>2024-12-07T20:06:06.306000Z</time>
      </trkpt>
      <trkpt lat="41.708034" lon="45.220575">
        <ele>672.5</ele>
        <time>2024-12-07T20:06:07.720000Z</time>
      </trkpt>
      <trkpt lat="41.708011" lon="45.220685">
        <ele>672.4</ele>
        <time>2024-12-07T20:06:09.300000Z</time>
      </trkpt>
      <trkpt lat="41.707988" lon="45.220804">
        <ele>672.4</ele>
        <time>2024-12-07T20:06:11.001000Z</time>
      </trkpt>
      <trkpt lat="41.707962" lon="45.220938">
        <ele>672.3</ele>
        <time>2024-12-07T20:06:12.917000Z</time>
      </trkpt>
      <trkpt lat="41.707942" lon="45.221036">
        <ele>672.3</ele>
        <time>2024-12-07T20:06:14.322000Z</time>
      </trkpt>
      <trkpt lat="41.70792" lon="45.221151">
        <ele>672.2</ele>
        <time>2024-12-07T20:06:15.965000Z</time>
      </trkpt>
      <trkpt lat="41.70789" lon="45.221289">
        <ele>672.2</ele>
        <time>2024-12-07T20:06:17.953000Z</time>
      </trkpt>
      <trkpt lat="41.70787" lon="45.221391">
        <ele>672.1</ele>
        <time>2024-12-07T20:06:19.412000Z</time>
      </trkpt>
      <trkpt lat="41.707844" lon="45.221509">
        <ele>672</ele>
        <time>2024-12-07T20:06:21.114000Z</time>
      </trkpt>
      <trkpt lat="41.707821" lon="45.22163">
        <ele>672</ele>
        <time>2024-12-07T20:06:22.841000Z</time>
      </trkpt>
      <trkpt lat="41.707794" lon="45.221749">
        <ele>671.9</ele>
        <time>2024-12-07T20:06:24.562000Z</time>
      </trkpt>
      <trkpt lat="41.707761" lon="45.22189">
        <ele>671.8</ele>
        <time>2024-12-07T20:06:26.607000Z</time>
      </trkpt>
      <trkpt lat="41.707734" lon="45.222012">
        <ele>671.7</ele>
        <time>2024-12-07T20:06:28.368000Z</time>
      </trkpt>
      <trkpt lat="41.707704" lon="45.222131">
        <ele>671.6</ele>
        <time>2024-12-07T20:06:30.106000Z</time>
      </trkpt>
      <trkpt lat="41.707679" lon="45.222233">
        <ele>671.5</ele>
        <time>2024-12-07T20:06:31.590000Z</time>
      </trkpt>
      <trkpt lat="41.707647" lon="45.222371">
        <ele>671.4</ele>
        <time>2024-12-07T20:06:33.590000Z</time>
      </trkpt>
      <trkpt lat="41.707619" lon="45.222474">
        <ele>671.3</ele>
        <time>2024-12-07T20:06:35.107000Z</time>
      </trkpt>
      <trkpt lat="41.707589" lon="45.222591">
        <ele>671.1</ele>
        <time>2024-12-07T20:06:36.819000Z</time>
      </trkpt>
      <trkpt lat="41.707559" lon="45.222711">
        <ele>671</ele>
        <time>2024-12-07T20:06:38.570000Z</time>
      </trkpt>
      <trkpt lat="41.707525" lon="45.222829">
        <ele>670.8</ele>
        <time>2024-12-07T20:06:40.320000Z</time>
      </trkpt>
      <trkpt lat="41.707494" lon="45.222947">
        <ele>670.6</ele>
        <time>2024-12-07T20:06:42.051000Z</time>
      </trkpt>
      <trkpt lat="41.707457" lon="45.223082">
        <ele>670.3</ele>
        <time>2024-12-07T20:06:44.041000Z</time>
      </trkpt>
      <trkpt lat="41.707432" lon="45.22318">
        <ele>670.2</ele>
        <time>2024-12-07T20:06:45.475000Z</time>
      </trkpt>
      <trkpt lat="41.707402" lon="45.223291">
        <ele>670</ele>
        <time>2024-12-07T20:06:47.108000Z</time>
      </trkpt>
      <trkpt lat="41.707362" lon="45.223424">
        <ele>669.8</ele>
        <time>2024-12-07T20:06:49.092000Z</time>
      </trkpt>
      <trkpt lat="41.707333" lon="45.223523">
        <ele>669.6</ele>
        <time>2024-12-07T20:06:50.564000Z</time>
      </trkpt>
      <trkpt lat="41.707303" lon="45.223635">
        <ele>669.5</ele>
        <time>2024-12-07T20:06:52.210000Z</time>
      </trkpt>
      <trkpt lat="41.707269" lon="45.223746">
        <ele>669.3</ele>
        <time>2024-12-07T20:06:53.870000Z</time>
      </trkpt>
      <trkpt lat="41.707235" lon="45.22386">
        <ele>669.1</ele>
        <time>2024-12-07T20:06:55.568000Z</time>
      </trkpt>
      <trkpt lat="41.707201" lon="45.223974">
        <ele>668.9</ele>
        <time>2024-12-07T20:06:57.267000Z</time>
      </trkpt>
      <trkpt lat="41.707166" lon="45.224088">
        <ele>668.7</ele>
        <time>2024-12-07T20:06:58.973000Z</time>
      </trkpt>
      <trkpt lat="41.707132" lon="45.224203">
        <ele>668.6</ele>
        <time>2024-12-07T20:07:00.684000Z</time>
      </trkpt>
      <trkpt lat="41.707101" lon="45.224317">
        <ele>668.4</ele>
        <time>2024-12-07T20:07:02.364000Z</time>
      </trkpt>
      <trkpt lat="41.707061" lon="45.224448">
        <ele>668.2</ele>
        <time>2024-12-07T20:07:04.322000Z</time>
      </trkpt>
      <trkpt lat="41.707028" lon="45.224546">
        <ele>668</ele>
        <time>2024-12-07T20:07:05.810000Z</time>
      </trkpt>
      <trkpt lat="41.706991" lon="45.22466">
        <ele>667.8</ele>
        <time>2024-12-07T20:07:07.530000Z</time>
      </trkpt>
      <trkpt lat="41.706956" lon="45.224775">
        <ele>667.7</ele>
        <time>2024-12-07T20:07:09.249000Z</time>
      </trkpt>
      <trkpt lat="41.706919" lon="45.224892">
        <ele>667.5</ele>
        <time>2024-12-07T20:07:11.007000Z</time>
      </trkpt>
      <trkpt lat="41.706881" lon="45.225014">
        <ele>667.4</ele>
        <time>2024-12-07T20:07:12.836000Z</time>
      </trkpt>
      <trkpt lat="41.70684" lon="45.225152">
        <ele>667.2</ele>
        <time>2024-12-07T20:07:14.891000Z</time>
      </trkpt>
      <trkpt lat="41.706808" lon="45.225255">
        <ele>667.1</ele>
        <time>2024-12-07T20:07:16.434000Z</time>
      </trkpt>
      <trkpt lat="41.70677" lon="45.225372">
        <ele>666.9</ele>
        <time>2024-12-07T20:07:18.200000Z</time>
      </trkpt>
      <trkpt lat="41.706726" lon="45.225516">
        <ele>666.8</ele>
        <time>2024-12-07T20:07:20.353000Z</time>
      </trkpt>
      <trkpt lat="41.706683" lon="45.225643">
        <ele>666.7</ele>
        <time>2024-12-07T20:07:22.282000Z</time>
      </trkpt>
      <trkpt lat="41.706654" lon="45.225749">
        <ele>666.6</ele>
        <time>2024-12-07T20:07:23.845000Z</time>
      </trkpt>
      <trkpt lat="41.706618" lon="45.225868">
        <ele>666.6</ele>
        <time>2024-12-07T20:07:25.621000Z</time>
      </trkpt>
      <trkpt lat="41.70657" lon="45.226016">
        <ele>666.5</ele>
        <time>2024-12-07T20:07:27.853000Z</time>
      </trkpt>
      <trkpt lat="41.706536" lon="45.226123">
        <ele>666.4</ele>
        <time>2024-12-07T20:07:29.463000Z</time>
      </trkpt>
      <trkpt lat="41.706496" lon="45.226242">
        <ele>666.3</ele>
        <time>2024-12-07T20:07:31.269000Z</time>
      </trkpt>
      <trkpt lat="41.706458" lon="45.226363">
        <ele>666.2</ele>
        <time>2024-12-07T20:07:33.084000Z</time>
      </trkpt>
      <trkpt lat="41.70642" lon="45.226488">
        <ele>666</ele>
        <time>2024-12-07T20:07:34.952000Z</time>
      </trkpt>
      <trkpt lat="41.706378" lon="45.226614">
        <ele>665.9</ele>
        <time>2024-12-07T20:07:36.862000Z</time>
      </trkpt>
      <trkpt lat="41.706339" lon="45.226741">
        <ele>665.7</ele>
        <time>2024-12-07T20:07:38.762000Z</time>
      </trkpt>
      <trkpt lat="41.706301" lon="45.226868">
        <ele>665.6</ele>
        <time>2024-12-07T20:07:40.655000Z</time>
      </trkpt>
      <trkpt lat="41.706263" lon="45.226987">
        <ele>665.5</ele>
        <time>2024-12-07T20:07:42.446000Z</time>
      </trkpt>
      <trkpt lat="41.706221" lon="45.227112">
        <ele>665.3</ele>
        <time>2024-12-07T20:07:44.342000Z</time>
      </trkpt>
      <trkpt lat="41.706183" lon="45.227235">
        <ele>665.1</ele>
        <time>2024-12-07T20:07:46.185000Z</time>
      </trkpt>
      <trkpt lat="41.706144" lon="45.227357">
        <ele>665</ele>
        <time>2024-12-07T20:07:48.020000Z</time>
      </trkpt>
      <trkpt lat="41.706106" lon="45.227478">
        <ele>664.9</ele>
        <time>2024-12-07T20:07:49.838000Z</time>
      </trkpt>
      <trkpt lat="41.706068" lon="45.2276">
        <ele>664.7</ele>
        <time>2024-12-07T20:07:51.666000Z</time>
      </trkpt>
      <trkpt lat="41.706027" lon="45.227725">
        <ele>664.6</ele>
        <time>2024-12-07T20:07:53.556000Z</time>
      </trkpt>
      <trkpt lat="41.705988" lon="45.227848">
        <ele>664.4</ele>
        <time>2024-12-07T20:07:55.404000Z</time>
      </trkpt>
      <trkpt lat="41.705943" lon="45.227993">
        <ele>664.3</ele>
        <time>2024-12-07T20:07:57.577000Z</time>
      </trkpt>
      <trkpt lat="41.705904" lon="45.228119">
        <ele>664.1</ele>
        <time>2024-12-07T20:07:59.465000Z</time>
      </trkpt>
      <trkpt lat="41.705872" lon="45.22822">
        <ele>664</ele>
        <time>2024-12-07T20:08:00.982000Z</time>
      </trkpt>
      <trkpt lat="41.705826" lon="45.228359">
        <ele>663.9</ele>
        <time>2024-12-07T20:08:03.086000Z</time>
      </trkpt>
      <trkpt lat="41.705792" lon="45.228463">
        <ele>663.8</ele>
        <time>2024-12-07T20:08:04.657000Z</time>
      </trkpt>
      <trkpt lat="41.705752" lon="45.228581">
        <ele>663.7</ele>
        <time>2024-12-07T20:08:06.450000Z</time>
      </trkpt>
      <trkpt lat="41.70571" lon="45.228707">
        <ele>663.6</ele>
        <time>2024-12-07T20:08:08.359000Z</time>
      </trkpt>
      <trkpt lat="41.705671" lon="45.228832">
        <ele>663.5</ele>
        <time>2024-12-07T20:08:10.235000Z</time>
      </trkpt>
      <trkpt lat="41.705634" lon="45.228952">
        <ele>663.4</ele>
        <time>2024-12-07T20:08:12.031000Z</time>
      </trkpt>
      <trkpt lat="41.705592" lon="45.229073">
        <ele>663.3</ele>
        <time>2024-12-07T20:08:13.877000Z</time>
      </trkpt>
      <trkpt lat="41.705553" lon="45.229198">
        <ele>663.2</ele>
        <time>2024-12-07T20:08:15.751000Z</time>
      </trkpt>
      <trkpt lat="41.705515" lon="45.229321">
        <ele>663.1</ele>
        <time>2024-12-07T20:08:17.594000Z</time>
      </trkpt>
      <trkpt lat="41.70547" lon="45.229466">
        <ele>663</ele>
        <time>2024-12-07T20:08:19.766000Z</time>
      </trkpt>
      <trkpt lat="41.705428" lon="45.229592">
        <ele>662.9</ele>
        <time>2024-12-07T20:08:21.675000Z</time>
      </trkpt>
      <trkpt lat="41.705395" lon="45.229695">
        <ele>662.8</ele>
        <time>2024-12-07T20:08:23.227000Z</time>
      </trkpt>
      <trkpt lat="41.705359" lon="45.229813">
        <ele>662.7</ele>
        <time>2024-12-07T20:08:24.990000Z</time>
      </trkpt>
      <trkpt lat="41.705317" lon="45.229935">
        <ele>662.6</ele>
        <time>2024-12-07T20:08:26.849000Z</time>
      </trkpt>
      <trkpt lat="41.705279" lon="45.230057">
        <ele>662.5</ele>
        <time>2024-12-07T20:08:28.677000Z</time>
      </trkpt>
      <trkpt lat="41.705234" lon="45.230202">
        <ele>662.4</ele>
        <time>2024-12-07T20:08:30.850000Z</time>
      </trkpt>
      <trkpt lat="41.705191" lon="45.230331">
        <ele>662.2</ele>
        <time>2024-12-07T20:08:32.805000Z</time>
      </trkpt>
      <trkpt lat="41.705162" lon="45.230435">
        <ele>662.1</ele>
        <time>2024-12-07T20:08:34.341000Z</time>
      </trkpt>
      <trkpt lat="41.705119" lon="45.230576">
        <ele>662</ele>
        <time>2024-12-07T20:08:36.449000Z</time>
      </trkpt>
      <trkpt lat="41.705086" lon="45.23068">
        <ele>661.9</ele>
        <time>2024-12-07T20:08:38.013000Z</time>
      </trkpt>
      <trkpt lat="41.70505" lon="45.230797">
        <ele>661.7</ele>
        <time>2024-12-07T20:08:39.764000Z</time>
      </trkpt>
      <trkpt lat="41.705008" lon="45.230916">
        <ele>661.5</ele>
        <time>2024-12-07T20:08:41.585000Z</time>
      </trkpt>
      <trkpt lat="41.70497" lon="45.231037">
        <ele>661.4</ele>
        <time>2024-12-07T20:08:43.402000Z</time>
      </trkpt>
      <trkpt lat="41.704931" lon="45.23116">
        <ele>661.2</ele>
        <time>2024-12-07T20:08:45.251000Z</time>
      </trkpt>
      <trkpt lat="41.704887" lon="45.231302">
        <ele>661</ele>
        <time>2024-12-07T20:08:47.379000Z</time>
      </trkpt>
      <trkpt lat="41.704851" lon="45.231407">
        <ele>660.8</ele>
        <time>2024-12-07T20:08:48.977000Z</time>
      </trkpt>
      <trkpt lat="41.704813" lon="45.231529">
        <ele>660.6</ele>
        <time>2024-12-07T20:08:50.807000Z</time>
      </trkpt>
      <trkpt lat="41.704775" lon="45.231652">
        <ele>660.5</ele>
        <time>2024-12-07T20:08:52.649000Z</time>
      </trkpt>
      <trkpt lat="41.704733" lon="45.231778">
        <ele>660.3</ele>
        <time>2024-12-07T20:08:54.558000Z</time>
      </trkpt>
      <trkpt lat="41.704695" lon="45.2319">
        <ele>660.1</ele>
        <time>2024-12-07T20:08:56.387000Z</time>
      </trkpt>
      <trkpt lat="41.704653" lon="45.232026">
        <ele>659.9</ele>
        <time>2024-12-07T20:08:58.298000Z</time>
      </trkpt>
      <trkpt lat="41.704615" lon="45.232148">
        <ele>659.7</ele>
        <time>2024-12-07T20:09:00.126000Z</time>
      </trkpt>
      <trkpt lat="41.704574" lon="45.232269">
        <ele>659.5</ele>
        <time>2024-12-07T20:09:01.965000Z</time>
      </trkpt>
      <trkpt lat="41.704536" lon="45.232388">
        <ele>659.3</ele>
        <time>2024-12-07T20:09:03.755000Z</time>
      </trkpt>
      <trkpt lat="41.704497" lon="45.232517">
        <ele>659.1</ele>
        <time>2024-12-07T20:09:05.682000Z</time>
      </trkpt>
      <trkpt lat="41.704455" lon="45.232644">
        <ele>658.9</ele>
        <time>2024-12-07T20:09:07.605000Z</time>
      </trkpt>
      <trkpt lat="41.704416" lon="45.232769">
        <ele>658.7</ele>
        <time>2024-12-07T20:09:09.479000Z</time>
      </trkpt>
      <trkpt lat="41.704375" lon="45.232895">
        <ele>658.5</ele>
        <time>2024-12-07T20:09:11.380000Z</time>
      </trkpt>
      <trkpt lat="41.704327" lon="45.23304">
        <ele>658.3</ele>
        <time>2024-12-07T20:09:13.576000Z</time>
      </trkpt>
      <trkpt lat="41.704286" lon="45.23317">
        <ele>658.1</ele>
        <time>2024-12-07T20:09:15.528000Z</time>
      </trkpt>
      <trkpt lat="41.704255" lon="45.233273">
        <ele>658</ele>
        <time>2024-12-07T20:09:17.066000Z</time>
      </trkpt>
      <trkpt lat="41.704214" lon="45.233395">
        <ele>657.8</ele>
        <time>2024-12-07T20:09:18.916000Z</time>
      </trkpt>
      <trkpt lat="41.704176" lon="45.233518">
        <ele>657.7</ele>
        <time>2024-12-07T20:09:20.759000Z</time>
      </trkpt>
      <trkpt lat="41.704132" lon="45.233665">
        <ele>657.5</ele>
        <time>2024-12-07T20:09:22.950000Z</time>
      </trkpt>
      <trkpt lat="41.704099" lon="45.233772">
        <ele>657.4</ele>
        <time>2024-12-07T20:09:24.552000Z</time>
      </trkpt>
      <trkpt lat="41.704062" lon="45.23389">
        <ele>657.3</ele>
        <time>2024-12-07T20:09:26.323000Z</time>
      </trkpt>
      <trkpt lat="41.704023" lon="45.234016">
        <ele>657.1</ele>
        <time>2024-12-07T20:09:28.210000Z</time>
      </trkpt>
      <trkpt lat="41.703979" lon="45.234161">
        <ele>657</ele>
        <time>2024-12-07T20:09:30.376000Z</time>
      </trkpt>
      <trkpt lat="41.703946" lon="45.234271">
        <ele>656.9</ele>
        <time>2024-12-07T20:09:32.016000Z</time>
      </trkpt>
      <trkpt lat="41.703909" lon="45.234393">
        <ele>656.8</ele>
        <time>2024-12-07T20:09:33.838000Z</time>
      </trkpt>
      <trkpt lat="41.703874" lon="45.234523">
        <ele>656.8</ele>
        <time>2024-12-07T20:09:35.750000Z</time>
      </trkpt>
      <trkpt lat="41.70384" lon="45.234649">
        <ele>656.7</ele>
        <time>2024-12-07T20:09:37.604000Z</time>
      </trkpt>
      <trkpt lat="41.703806" lon="45.234778">
        <ele>656.6</ele>
        <time>2024-12-07T20:09:39.497000Z</time>
      </trkpt>
      <trkpt lat="41.703771" lon="45.234907">
        <ele>656.5</ele>
        <time>2024-12-07T20:09:41.396000Z</time>
      </trkpt>
      <trkpt lat="41.703737" lon="45.235037">
        <ele>656.5</ele>
        <time>2024-12-07T20:09:43.302000Z</time>
      </trkpt>
      <trkpt lat="41.703706" lon="45.23517">
        <ele>656.4</ele>
        <time>2024-12-07T20:09:45.230000Z</time>
      </trkpt>
      <trkpt lat="41.703672" lon="45.235324">
        <ele>656.3</ele>
        <time>2024-12-07T20:09:47.452000Z</time>
      </trkpt>
      <trkpt lat="41.703644" lon="45.235437">
        <ele>656.2</ele>
        <time>2024-12-07T20:09:49.099000Z</time>
      </trkpt>
      <trkpt lat="41.703617" lon="45.235564">
        <ele>656.2</ele>
        <time>2024-12-07T20:09:50.926000Z</time>
      </trkpt>
      <trkpt lat="41.703584" lon="45.235717">
        <ele>656.1</ele>
        <time>2024-12-07T20:09:53.130000Z</time>
      </trkpt>
      <trkpt lat="41.703557" lon="45.235849">
        <ele>656</ele>
        <time>2024-12-07T20:09:55.024000Z</time>
      </trkpt>
      <trkpt lat="41.703537" lon="45.235958">
        <ele>655.9</ele>
        <time>2024-12-07T20:09:56.577000Z</time>
      </trkpt>
      <trkpt lat="41.703511" lon="45.236089">
        <ele>655.8</ele>
        <time>2024-12-07T20:09:58.452000Z</time>
      </trkpt>
      <trkpt lat="41.703488" lon="45.236219">
        <ele>655.7</ele>
        <time>2024-12-07T20:10:00.301000Z</time>
      </trkpt>
      <trkpt lat="41.703464" lon="45.236356">
        <ele>655.6</ele>
        <time>2024-12-07T20:10:02.248000Z</time>
      </trkpt>
      <trkpt lat="41.703438" lon="45.236513">
        <ele>655.5</ele>
        <time>2024-12-07T20:10:04.474000Z</time>
      </trkpt>
      <trkpt lat="41.703418" lon="45.236628">
        <ele>655.3</ele>
        <time>2024-12-07T20:10:06.108000Z</time>
      </trkpt>
      <trkpt lat="41.703399" lon="45.236754">
        <ele>655.2</ele>
        <time>2024-12-07T20:10:07.886000Z</time>
      </trkpt>
      <trkpt lat="41.703373" lon="45.23691">
        <ele>655.1</ele>
        <time>2024-12-07T20:10:10.098000Z</time>
      </trkpt>
      <trkpt lat="41.703353" lon="45.237024">
        <ele>654.9</ele>
        <time>2024-12-07T20:10:11.718000Z</time>
      </trkpt>
      <trkpt lat="41.703334" lon="45.23716">
        <ele>654.8</ele>
        <time>2024-12-07T20:10:13.633000Z</time>
      </trkpt>
      <trkpt lat="41.703312" lon="45.237298">
        <ele>654.6</ele>
        <time>2024-12-07T20:10:15.585000Z</time>
      </trkpt>
      <trkpt lat="41.703295" lon="45.237436">
        <ele>654.5</ele>
        <time>2024-12-07T20:10:17.521000Z</time>
      </trkpt>
      <trkpt lat="41.70328" lon="45.237573">
        <ele>654.3</ele>
        <time>2024-12-07T20:10:19.437000Z</time>
      </trkpt>
      <trkpt lat="41.703265" lon="45.23771">
        <ele>654.1</ele>
        <time>2024-12-07T20:10:21.353000Z</time>
      </trkpt>
      <trkpt lat="41.703249" lon="45.237851">
        <ele>653.8</ele>
        <time>2024-12-07T20:10:23.326000Z</time>
      </trkpt>
      <trkpt lat="41.703234" lon="45.237988">
        <ele>653.6</ele>
        <time>2024-12-07T20:10:25.243000Z</time>
      </trkpt>
      <trkpt lat="41.703222" lon="45.238126">
        <ele>653.4</ele>
        <time>2024-12-07T20:10:27.166000Z</time>
      </trkpt>
      <trkpt lat="41.703211" lon="45.238286">
        <ele>653.1</ele>
        <time>2024-12-07T20:10:29.389000Z</time>
      </trkpt>
      <trkpt lat="41.703199" lon="45.238426">
        <ele>652.9</ele>
        <time>2024-12-07T20:10:31.339000Z</time>
      </trkpt>
      <trkpt lat="41.703194" lon="45.238539">
        <ele>652.8</ele>
        <time>2024-12-07T20:10:32.906000Z</time>
      </trkpt>
      <trkpt lat="41.703187" lon="45.238665">
        <ele>652.6</ele>
        <time>2024-12-07T20:10:34.655000Z</time>
      </trkpt>
      <trkpt lat="41.70318" lon="45.238814">
        <ele>652.4</ele>
        <time>2024-12-07T20:10:36.720000Z</time>
      </trkpt>
      <trkpt lat="41.703172" lon="45.238945">
        <ele>652.3</ele>
        <time>2024-12-07T20:10:38.539000Z</time>
      </trkpt>
      <trkpt lat="41.703168" lon="45.239048">
        <ele>652.2</ele>
        <time>2024-12-07T20:10:39.966000Z</time>
      </trkpt>
      <trkpt lat="41.703167" lon="45.239163">
        <ele>652</ele>
        <time>2024-12-07T20:10:41.557000Z</time>
      </trkpt>
      <trkpt lat="41.703167" lon="45.239288">
        <ele>651.9</ele>
        <time>2024-12-07T20:10:43.288000Z</time>
      </trkpt>
      <trkpt lat="41.703167" lon="45.23941">
        <ele>651.7</ele>
        <time>2024-12-07T20:10:44.976000Z</time>
      </trkpt>
      <trkpt lat="41.703167" lon="45.239556">
        <ele>651.6</ele>
        <time>2024-12-07T20:10:46.996000Z</time>
      </trkpt>
      <trkpt lat="41.703167" lon="45.239665">
        <ele>651.4</ele>
        <time>2024-12-07T20:10:48.504000Z</time>
      </trkpt>
      <trkpt lat="41.703167" lon="45.239785">
        <ele>651.3</ele>
        <time>2024-12-07T20:10:50.165000Z</time>
      </trkpt>
      <trkpt lat="41.70317" lon="45.239908">
        <ele>651.1</ele>
        <time>2024-12-07T20:10:51.867000Z</time>
      </trkpt>
      <trkpt lat="41.703172" lon="45.240033">
        <ele>650.9</ele>
        <time>2024-12-07T20:10:53.598000Z</time>
      </trkpt>
      <trkpt lat="41.703174" lon="45.240158">
        <ele>650.7</ele>
        <time>2024-12-07T20:10:55.328000Z</time>
      </trkpt>
      <trkpt lat="41.703171" lon="45.240284">
        <ele>650.5</ele>
        <time>2024-12-07T20:10:57.073000Z</time>
      </trkpt>
      <trkpt lat="41.703168" lon="45.240412">
        <ele>650.3</ele>
        <time>2024-12-07T20:10:58.845000Z</time>
      </trkpt>
      <trkpt lat="41.703164" lon="45.240539">
        <ele>650.2</ele>
        <time>2024-12-07T20:11:00.605000Z</time>
      </trkpt>
      <trkpt lat="41.703166" lon="45.240691">
        <ele>650</ele>
        <time>2024-12-07T20:11:02.708000Z</time>
      </trkpt>
      <trkpt lat="41.70317" lon="45.240802">
        <ele>649.9</ele>
        <time>2024-12-07T20:11:04.245000Z</time>
      </trkpt>
      <trkpt lat="41.703174" lon="45.240925">
        <ele>649.8</ele>
        <time>2024-12-07T20:11:05.949000Z</time>
      </trkpt>
      <trkpt lat="41.703184" lon="45.241077">
        <ele>649.6</ele>
        <time>2024-12-07T20:11:08.060000Z</time>
      </trkpt>
      <trkpt lat="41.703189" lon="45.241187">
        <ele>649.6</ele>
        <time>2024-12-07T20:11:09.585000Z</time>
      </trkpt>
      <trkpt lat="41.703196" lon="45.24131">
        <ele>649.4</ele>
        <time>2024-12-07T20:11:11.293000Z</time>
      </trkpt>
      <trkpt lat="41.703204" lon="45.241436">
        <ele>649.3</ele>
        <time>2024-12-07T20:11:13.042000Z</time>
      </trkpt>
      <trkpt lat="41.703215" lon="45.241559">
        <ele>649.2</ele>
        <time>2024-12-07T20:11:14.757000Z</time>
      </trkpt>
      <trkpt lat="41.703226" lon="45.241684">
        <ele>649</ele>
        <time>2024-12-07T20:11:16.498000Z</time>
      </trkpt>
      <trkpt lat="41.703234" lon="45.241826">
        <ele>648.8</ele>
        <time>2024-12-07T20:11:18.469000Z</time>
      </trkpt>
      <trkpt lat="41.703242" lon="45.241929">
        <ele>648.7</ele>
        <time>2024-12-07T20:11:19.902000Z</time>
      </trkpt>
      <trkpt lat="41.703253" lon="45.242048">
        <ele>648.6</ele>
        <time>2024-12-07T20:11:21.561000Z</time>
      </trkpt>
      <trkpt lat="41.703264" lon="45.242189">
        <ele>648.4</ele>
        <time>2024-12-07T20:11:23.523000Z</time>
      </trkpt>
      <trkpt lat="41.703276" lon="45.242295">
        <ele>648.3</ele>
        <time>2024-12-07T20:11:25.006000Z</time>
      </trkpt>
      <trkpt lat="41.703284" lon="45.242413">
        <ele>648.2</ele>
        <time>2024-12-07T20:11:26.646000Z</time>
      </trkpt>
      <trkpt lat="41.703295" lon="45.242533">
        <ele>648</ele>
        <time>2024-12-07T20:11:28.319000Z</time>
      </trkpt>
      <trkpt lat="41.703303" lon="45.242651">
        <ele>647.9</ele>
        <time>2024-12-07T20:11:29.959000Z</time>
      </trkpt>
      <trkpt lat="41.703317" lon="45.242772">
        <ele>647.8</ele>
        <time>2024-12-07T20:11:31.652000Z</time>
      </trkpt>
      <trkpt lat="41.703329" lon="45.2429">
        <ele>647.6</ele>
        <time>2024-12-07T20:11:33.437000Z</time>
      </trkpt>
      <trkpt lat="41.703341" lon="45.243027">
        <ele>647.5</ele>
        <time>2024-12-07T20:11:35.210000Z</time>
      </trkpt>
      <trkpt lat="41.703352" lon="45.243153">
        <ele>647.4</ele>
        <time>2024-12-07T20:11:36.965000Z</time>
      </trkpt>
      <trkpt lat="41.703367" lon="45.243281">
        <ele>647.3</ele>
        <time>2024-12-07T20:11:38.758000Z</time>
      </trkpt>
      <trkpt lat="41.703379" lon="45.243409">
        <ele>647.1</ele>
        <time>2024-12-07T20:11:40.542000Z</time>
      </trkpt>
      <trkpt lat="41.70339" lon="45.243534">
        <ele>647</ele>
        <time>2024-12-07T20:11:42.284000Z</time>
      </trkpt>
      <trkpt lat="41.703402" lon="45.243663">
        <ele>646.8</ele>
        <time>2024-12-07T20:11:44.083000Z</time>
      </trkpt>
      <trkpt lat="41.703413" lon="45.24379">
        <ele>646.6</ele>
        <time>2024-12-07T20:11:45.852000Z</time>
      </trkpt>
      <trkpt lat="41.703428" lon="45.243916">
        <ele>646.5</ele>
        <time>2024-12-07T20:11:47.618000Z</time>
      </trkpt>
      <trkpt lat="41.70344" lon="45.244066">
        <ele>646.3</ele>
        <time>2024-12-07T20:11:49.705000Z</time>
      </trkpt>
      <trkpt lat="41.703451" lon="45.244175">
        <ele>646.1</ele>
        <time>2024-12-07T20:11:51.228000Z</time>
      </trkpt>
      <trkpt lat="41.703463" lon="45.244294">
        <ele>646</ele>
        <time>2024-12-07T20:11:52.889000Z</time>
      </trkpt>
      <trkpt lat="41.703474" lon="45.244424">
        <ele>645.8</ele>
        <time>2024-12-07T20:11:54.699000Z</time>
      </trkpt>
      <trkpt lat="41.703486" lon="45.244553">
        <ele>645.7</ele>
        <time>2024-12-07T20:11:56.498000Z</time>
      </trkpt>
      <trkpt lat="41.7035" lon="45.244701">
        <ele>645.5</ele>
        <time>2024-12-07T20:11:58.563000Z</time>
      </trkpt>
      <trkpt lat="41.703512" lon="45.244813">
        <ele>645.4</ele>
        <time>2024-12-07T20:12:00.128000Z</time>
      </trkpt>
      <trkpt lat="41.703524" lon="45.244938">
        <ele>645.2</ele>
        <time>2024-12-07T20:12:01.873000Z</time>
      </trkpt>
      <trkpt lat="41.703539" lon="45.245094">
        <ele>645.1</ele>
        <time>2024-12-07T20:12:04.049000Z</time>
      </trkpt>
      <trkpt lat="41.703547" lon="45.245205">
        <ele>644.9</ele>
        <time>2024-12-07T20:12:05.592000Z</time>
      </trkpt>
      <trkpt lat="41.703561" lon="45.245334">
        <ele>644.8</ele>
        <time>2024-12-07T20:12:07.396000Z</time>
      </trkpt>
      <trkpt lat="41.703573" lon="45.245468">
        <ele>644.7</ele>
        <time>2024-12-07T20:12:09.264000Z</time>
      </trkpt>
      <trkpt lat="41.703585" lon="45.245601">
        <ele>644.5</ele>
        <time>2024-12-07T20:12:11.118000Z</time>
      </trkpt>
      <trkpt lat="41.7036" lon="45.245738">
        <ele>644.4</ele>
        <time>2024-12-07T20:12:13.033000Z</time>
      </trkpt>
      <trkpt lat="41.703612" lon="45.245895">
        <ele>644.3</ele>
        <time>2024-12-07T20:12:15.217000Z</time>
      </trkpt>
      <trkpt lat="41.703623" lon="45.24601">
        <ele>644.2</ele>
        <time>2024-12-07T20:12:16.821000Z</time>
      </trkpt>
      <trkpt lat="41.703635" lon="45.246142">
        <ele>644</ele>
        <time>2024-12-07T20:12:18.661000Z</time>
      </trkpt>
      <trkpt lat="41.703649" lon="45.246302">
        <ele>643.9</ele>
        <time>2024-12-07T20:12:20.890000Z</time>
      </trkpt>
      <trkpt lat="41.703661" lon="45.246417">
        <ele>643.7</ele>
        <time>2024-12-07T20:12:22.497000Z</time>
      </trkpt>
      <trkpt lat="41.703673" lon="45.24655">
        <ele>643.6</ele>
        <time>2024-12-07T20:12:24.351000Z</time>
      </trkpt>
      <trkpt lat="41.703684" lon="45.246688">
        <ele>643.4</ele>
        <time>2024-12-07T20:12:26.271000Z</time>
      </trkpt>
      <trkpt lat="41.703699" lon="45.246825">
        <ele>643.3</ele>
        <time>2024-12-07T20:12:28.187000Z</time>
      </trkpt>
      <trkpt lat="41.703711" lon="45.246966">
        <ele>643.2</ele>
        <time>2024-12-07T20:12:30.151000Z</time>
      </trkpt>
      <trkpt lat="41.703726" lon="45.247127">
        <ele>643</ele>
        <time>2024-12-07T20:12:32.395000Z</time>
      </trkpt>
      <trkpt lat="41.703738" lon="45.247245">
        <ele>642.9</ele>
        <time>2024-12-07T20:12:34.043000Z</time>
      </trkpt>
      <trkpt lat="41.703749" lon="45.247379">
        <ele>642.8</ele>
        <time>2024-12-07T20:12:35.909000Z</time>
      </trkpt>
      <trkpt lat="41.703764" lon="45.247542">
        <ele>642.6</ele>
        <time>2024-12-07T20:12:38.182000Z</time>
      </trkpt>
      <trkpt lat="41.703776" lon="45.247683">
        <ele>642.5</ele>
        <time>2024-12-07T20:12:40.146000Z</time>
      </trkpt>
      <trkpt lat="41.70379" lon="45.247815">
        <ele>642.3</ele>
        <time>2024-12-07T20:12:41.991000Z</time>
      </trkpt>
      <trkpt lat="41.703799" lon="45.247935">
        <ele>642.2</ele>
        <time>2024-12-07T20:12:43.659000Z</time>
      </trkpt>
      <trkpt lat="41.703813" lon="45.248092">
        <ele>642</ele>
        <time>2024-12-07T20:12:45.847000Z</time>
      </trkpt>
      <trkpt lat="41.703825" lon="45.24821">
        <ele>641.8</ele>
        <time>2024-12-07T20:12:47.495000Z</time>
      </trkpt>
      <trkpt lat="41.70384" lon="45.248343">
        <ele>641.7</ele>
        <time>2024-12-07T20:12:49.357000Z</time>
      </trkpt>
      <trkpt lat="41.703852" lon="45.248484">
        <ele>641.5</ele>
        <time>2024-12-07T20:12:51.320000Z</time>
      </trkpt>
      <trkpt lat="41.703863" lon="45.248622">
        <ele>641.3</ele>
        <time>2024-12-07T20:12:53.240000Z</time>
      </trkpt>
      <trkpt lat="41.703875" lon="45.248763">
        <ele>641.1</ele>
        <time>2024-12-07T20:12:55.205000Z</time>
      </trkpt>
      <trkpt lat="41.703885" lon="45.248894">
        <ele>640.9</ele>
        <time>2024-12-07T20:12:57.027000Z</time>
      </trkpt>
      <trkpt lat="41.703901" lon="45.249063">
        <ele>640.6</ele>
        <time>2024-12-07T20:12:59.385000Z</time>
      </trkpt>
      <trkpt lat="41.703913" lon="45.249187">
        <ele>640.4</ele>
        <time>2024-12-07T20:13:01.115000Z</time>
      </trkpt>
      <trkpt lat="41.703924" lon="45.249324">
        <ele>640.2</ele>
        <time>2024-12-07T20:13:03.022000Z</time>
      </trkpt>
      <trkpt lat="41.703936" lon="45.249487">
        <ele>639.9</ele>
        <time>2024-12-07T20:13:05.288000Z</time>
      </trkpt>
      <trkpt lat="41.703947" lon="45.249632">
        <ele>639.7</ele>
        <time>2024-12-07T20:13:07.305000Z</time>
      </trkpt>
      <trkpt lat="41.703959" lon="45.249748">
        <ele>639.5</ele>
        <time>2024-12-07T20:13:08.926000Z</time>
      </trkpt>
      <trkpt lat="41.70397" lon="45.249881">
        <ele>639.3</ele>
        <time>2024-12-07T20:13:10.778000Z</time>
      </trkpt>
      <trkpt lat="41.703978" lon="45.250018">
        <ele>639.1</ele>
        <time>2024-12-07T20:13:12.679000Z</time>
      </trkpt>
      <trkpt lat="41.703986" lon="45.250183">
        <ele>638.8</ele>
        <time>2024-12-07T20:13:14.968000Z</time>
      </trkpt>
      <trkpt lat="41.703994" lon="45.250301">
        <ele>638.6</ele>
        <time>2024-12-07T20:13:16.608000Z</time>
      </trkpt>
      <trkpt lat="41.704001" lon="45.250459">
        <ele>638.4</ele>
        <time>2024-12-07T20:13:18.798000Z</time>
      </trkpt>
      <trkpt lat="41.704009" lon="45.250582">
        <ele>638.3</ele>
        <time>2024-12-07T20:13:20.506000Z</time>
      </trkpt>
      <trkpt lat="41.704013" lon="45.250742">
        <ele>638</ele>
        <time>2024-12-07T20:13:22.721000Z</time>
      </trkpt>
      <trkpt lat="41.704017" lon="45.250861">
        <ele>637.8</ele>
        <time>2024-12-07T20:13:24.370000Z</time>
      </trkpt>
      <trkpt lat="41.704021" lon="45.250994">
        <ele>637.6</ele>
        <time>2024-12-07T20:13:26.212000Z</time>
      </trkpt>
      <trkpt lat="41.704021" lon="45.251132">
        <ele>637.4</ele>
        <time>2024-12-07T20:13:28.122000Z</time>
      </trkpt>
      <trkpt lat="41.704025" lon="45.251273">
        <ele>637.2</ele>
        <time>2024-12-07T20:13:30.074000Z</time>
      </trkpt>
      <trkpt lat="41.704025" lon="45.251417">
        <ele>637</ele>
        <time>2024-12-07T20:13:32.067000Z</time>
      </trkpt>
      <trkpt lat="41.704025" lon="45.251585">
        <ele>636.7</ele>
        <time>2024-12-07T20:13:34.391000Z</time>
      </trkpt>
      <trkpt lat="41.704022" lon="45.251708">
        <ele>636.6</ele>
        <time>2024-12-07T20:13:36.095000Z</time>
      </trkpt>
      <trkpt lat="41.704021" lon="45.251844">
        <ele>636.5</ele>
        <time>2024-12-07T20:13:37.976000Z</time>
      </trkpt>
      <trkpt lat="41.704018" lon="45.252006">
        <ele>636.4</ele>
        <time>2024-12-07T20:13:40.219000Z</time>
      </trkpt>
      <trkpt lat="41.704011" lon="45.252135">
        <ele>636.3</ele>
        <time>2024-12-07T20:13:42.008000Z</time>
      </trkpt>
      <trkpt lat="41.704007" lon="45.252276">
        <ele>636.2</ele>
        <time>2024-12-07T20:13:43.960000Z</time>
      </trkpt>
      <trkpt lat="41.704" lon="45.252424">
        <ele>636.1</ele>
        <time>2024-12-07T20:13:46.013000Z</time>
      </trkpt>
      <trkpt lat="41.703992" lon="45.252566">
        <ele>636</ele>
        <time>2024-12-07T20:13:47.983000Z</time>
      </trkpt>
      <trkpt lat="41.703984" lon="45.252707">
        <ele>635.8</ele>
        <time>2024-12-07T20:13:49.939000Z</time>
      </trkpt>
      <trkpt lat="41.703973" lon="45.252878">
        <ele>635.7</ele>
        <time>2024-12-07T20:13:52.315000Z</time>
      </trkpt>
      <trkpt lat="41.703962" lon="45.253001">
        <ele>635.6</ele>
        <time>2024-12-07T20:13:54.029000Z</time>
      </trkpt>
      <trkpt lat="41.703947" lon="45.253144">
        <ele>635.5</ele>
        <time>2024-12-07T20:13:56.027000Z</time>
      </trkpt>
      <trkpt lat="41.703932" lon="45.25329">
        <ele>635.4</ele>
        <time>2024-12-07T20:13:58.066000Z</time>
      </trkpt>
      <trkpt lat="41.70392" lon="45.253458">
        <ele>635.2</ele>
        <time>2024-12-07T20:14:00.401000Z</time>
      </trkpt>
      <trkpt lat="41.703905" lon="45.253584">
        <ele>635.1</ele>
        <time>2024-12-07T20:14:02.166000Z</time>
      </trkpt>
      <trkpt lat="41.703893" lon="45.253722">
        <ele>635</ele>
        <time>2024-12-07T20:14:04.090000Z</time>
      </trkpt>
      <trkpt lat="41.703879" lon="45.253885">
        <ele>634.8</ele>
        <time>2024-12-07T20:14:06.360000Z</time>
      </trkpt>
      <trkpt lat="41.70386" lon="45.254031">
        <ele>634.7</ele>
        <time>2024-12-07T20:14:08.410000Z</time>
      </trkpt>
      <trkpt lat="41.703848" lon="45.254146">
        <ele>634.6</ele>
        <time>2024-12-07T20:14:10.017000Z</time>
      </trkpt>
      <trkpt lat="41.70383" lon="45.254279">
        <ele>634.5</ele>
        <time>2024-12-07T20:14:11.887000Z</time>
      </trkpt>
      <trkpt lat="41.703811" lon="45.254417">
        <ele>634.4</ele>
        <time>2024-12-07T20:14:13.829000Z</time>
      </trkpt>
      <trkpt lat="41.703792" lon="45.254553">
        <ele>634.4</ele>
        <time>2024-12-07T20:14:15.743000Z</time>
      </trkpt>
      <trkpt lat="41.703776" lon="45.254691">
        <ele>634.2</ele>
        <time>2024-12-07T20:14:17.675000Z</time>
      </trkpt>
      <trkpt lat="41.703757" lon="45.254826">
        <ele>634.1</ele>
        <time>2024-12-07T20:14:19.577000Z</time>
      </trkpt>
      <trkpt lat="41.703738" lon="45.254959">
        <ele>633.9</ele>
        <time>2024-12-07T20:14:21.451000Z</time>
      </trkpt>
      <trkpt lat="41.703722" lon="45.255093">
        <ele>633.7</ele>
        <time>2024-12-07T20:14:23.329000Z</time>
      </trkpt>
      <trkpt lat="41.703704" lon="45.255226">
        <ele>633.6</ele>
        <time>2024-12-07T20:14:25.199000Z</time>
      </trkpt>
      <trkpt lat="41.703685" lon="45.255356">
        <ele>633.4</ele>
        <time>2024-12-07T20:14:27.031000Z</time>
      </trkpt>
      <trkpt lat="41.703669" lon="45.255489">
        <ele>633.3</ele>
        <time>2024-12-07T20:14:28.896000Z</time>
      </trkpt>
      <trkpt lat="41.70365" lon="45.255619">
        <ele>633.2</ele>
        <time>2024-12-07T20:14:30.729000Z</time>
      </trkpt>
      <trkpt lat="41.703635" lon="45.255749">
        <ele>633.1</ele>
        <time>2024-12-07T20:14:32.549000Z</time>
      </trkpt>
      <trkpt lat="41.703616" lon="45.255876">
        <ele>633</ele>
        <time>2024-12-07T20:14:34.341000Z</time>
      </trkpt>
      <trkpt lat="41.703597" lon="45.256026">
        <ele>632.9</ele>
        <time>2024-12-07T20:14:36.447000Z</time>
      </trkpt>
      <trkpt lat="41.703585" lon="45.256133">
        <ele>632.8</ele>
        <time>2024-12-07T20:14:37.943000Z</time>
      </trkpt>
      <trkpt lat="41.70357" lon="45.256254">
        <ele>632.7</ele>
        <time>2024-12-07T20:14:39.641000Z</time>
      </trkpt>
      <trkpt lat="41.703551" lon="45.256408">
        <ele>632.6</ele>
        <time>2024-12-07T20:14:41.800000Z</time>
      </trkpt>
      <trkpt lat="41.703542" lon="45.256523">
        <ele>632.5</ele>
        <time>2024-12-07T20:14:43.400000Z</time>
      </trkpt>
      <trkpt lat="41.703528" lon="45.256645">
        <ele>632.4</ele>
        <time>2024-12-07T20:14:45.109000Z</time>
      </trkpt>
      <trkpt lat="41.703519" lon="45.256771">
        <ele>632.3</ele>
        <time>2024-12-07T20:14:46.860000Z</time>
      </trkpt>
      <trkpt lat="41.703508" lon="45.256897">
        <ele>632.3</ele>
        <time>2024-12-07T20:14:48.615000Z</time>
      </trkpt>
      <trkpt lat="41.703497" lon="45.257023">
        <ele>632.2</ele>
        <time>2024-12-07T20:14:50.370000Z</time>
      </trkpt>
      <trkpt lat="41.703482" lon="45.257175">
        <ele>632.1</ele>
        <time>2024-12-07T20:14:52.492000Z</time>
      </trkpt>
      <trkpt lat="41.703473" lon="45.257283">
        <ele>632</ele>
        <time>2024-12-07T20:14:53.995000Z</time>
      </trkpt>
      <trkpt lat="41.703466" lon="45.257408">
        <ele>632</ele>
        <time>2024-12-07T20:14:55.730000Z</time>
      </trkpt>
      <trkpt lat="41.703458" lon="45.257558">
        <ele>631.9</ele>
        <time>2024-12-07T20:14:57.810000Z</time>
      </trkpt>
      <trkpt lat="41.70345" lon="45.25769">
        <ele>631.9</ele>
        <time>2024-12-07T20:14:59.643000Z</time>
      </trkpt>
      <trkpt lat="41.703443" lon="45.257794">
        <ele>631.8</ele>
        <time>2024-12-07T20:15:01.088000Z</time>
      </trkpt>
      <trkpt lat="41.703438" lon="45.257919">
        <ele>631.8</ele>
        <time>2024-12-07T20:15:02.820000Z</time>
      </trkpt>
      <trkpt lat="41.703435" lon="45.258052">
        <ele>631.8</ele>
        <time>2024-12-07T20:15:04.661000Z</time>
      </trkpt>
      <trkpt lat="41.703431" lon="45.258202">
        <ele>631.7</ele>
        <time>2024-12-07T20:15:06.737000Z</time>
      </trkpt>
      <trkpt lat="41.703427" lon="45.258312">
        <ele>631.7</ele>
        <time>2024-12-07T20:15:08.262000Z</time>
      </trkpt>
      <trkpt lat="41.703423" lon="45.258438">
        <ele>631.6</ele>
        <time>2024-12-07T20:15:10.007000Z</time>
      </trkpt>
      <trkpt lat="41.703423" lon="45.258568">
        <ele>631.6</ele>
        <time>2024-12-07T20:15:11.805000Z</time>
      </trkpt>
      <trkpt lat="41.703419" lon="45.25872">
        <ele>631.5</ele>
        <time>2024-12-07T20:15:13.909000Z</time>
      </trkpt>
      <trkpt lat="41.703419" lon="45.258831">
        <ele>631.5</ele>
        <time>2024-12-07T20:15:15.446000Z</time>
      </trkpt>
      <trkpt lat="41.703419" lon="45.258957">
        <ele>631.4</ele>
        <time>2024-12-07T20:15:17.189000Z</time>
      </trkpt>
      <trkpt lat="41.703419" lon="45.259091">
        <ele>631.4</ele>
        <time>2024-12-07T20:15:19.044000Z</time>
      </trkpt>
      <trkpt lat="41.703422" lon="45.25922">
        <ele>631.3</ele>
        <time>2024-12-07T20:15:20.829000Z</time>
      </trkpt>
      <trkpt lat="41.703426" lon="45.259347">
        <ele>631.3</ele>
        <time>2024-12-07T20:15:22.588000Z</time>
      </trkpt>
      <trkpt lat="41.70343" lon="45.259493">
        <ele>631.2</ele>
        <time>2024-12-07T20:15:24.610000Z</time>
      </trkpt>
      <trkpt lat="41.703433" lon="45.259598">
        <ele>631.2</ele>
        <time>2024-12-07T20:15:26.063000Z</time>
      </trkpt>
      <trkpt lat="41.70344" lon="45.259724">
        <ele>631.2</ele>
        <time>2024-12-07T20:15:27.812000Z</time>
      </trkpt>
      <trkpt lat="41.703448" lon="45.259851">
        <ele>631.2</ele>
        <time>2024-12-07T20:15:29.575000Z</time>
      </trkpt>
      <trkpt lat="41.703456" lon="45.259976">
        <ele>631.1</ele>
        <time>2024-12-07T20:15:31.311000Z</time>
      </trkpt>
      <trkpt lat="41.703463" lon="45.260102">
        <ele>631.1</ele>
        <time>2024-12-07T20:15:33.058000Z</time>
      </trkpt>
      <trkpt lat="41.703471" lon="45.260227">
        <ele>631.1</ele>
        <time>2024-12-07T20:15:34.795000Z</time>
      </trkpt>
      <trkpt lat="41.703482" lon="45.26035">
        <ele>631</ele>
        <time>2024-12-07T20:15:36.509000Z</time>
      </trkpt>
      <trkpt lat="41.703493" lon="45.260475">
        <ele>631</ele>
        <time>2024-12-07T20:15:38.250000Z</time>
      </trkpt>
      <trkpt lat="41.703502" lon="45.260598">
        <ele>631</ele>
        <time>2024-12-07T20:15:39.960000Z</time>
      </trkpt>
      <trkpt lat="41.703512" lon="45.26072">
        <ele>630.9</ele>
        <time>2024-12-07T20:15:41.658000Z</time>
      </trkpt>
      <trkpt lat="41.703524" lon="45.260842">
        <ele>630.9</ele>
        <time>2024-12-07T20:15:43.361000Z</time>
      </trkpt>
      <trkpt lat="41.703539" lon="45.260969">
        <ele>630.9</ele>
        <time>2024-12-07T20:15:45.140000Z</time>
      </trkpt>
      <trkpt lat="41.703554" lon="45.26109">
        <ele>630.9</ele>
        <time>2024-12-07T20:15:46.838000Z</time>
      </trkpt>
      <trkpt lat="41.703572" lon="45.261238">
        <ele>630.8</ele>
        <time>2024-12-07T20:15:48.912000Z</time>
      </trkpt>
      <trkpt lat="41.703585" lon="45.261345">
        <ele>630.7</ele>
        <time>2024-12-07T20:15:50.412000Z</time>
      </trkpt>
      <trkpt lat="41.7036" lon="45.261464">
        <ele>630.7</ele>
        <time>2024-12-07T20:15:52.082000Z</time>
      </trkpt>
      <trkpt lat="41.703618" lon="45.261589">
        <ele>630.6</ele>
        <time>2024-12-07T20:15:53.843000Z</time>
      </trkpt>
      <trkpt lat="41.70364" lon="45.261735">
        <ele>630.5</ele>
        <time>2024-12-07T20:15:55.905000Z</time>
      </trkpt>
      <trkpt lat="41.703657" lon="45.261841">
        <ele>630.4</ele>
        <time>2024-12-07T20:15:57.404000Z</time>
      </trkpt>
      <trkpt lat="41.703675" lon="45.261962">
        <ele>630.4</ele>
        <time>2024-12-07T20:15:59.111000Z</time>
      </trkpt>
      <trkpt lat="41.703698" lon="45.262108">
        <ele>630.3</ele>
        <time>2024-12-07T20:16:01.176000Z</time>
      </trkpt>
      <trkpt lat="41.703714" lon="45.262215">
        <ele>630.2</ele>
        <time>2024-12-07T20:16:02.686000Z</time>
      </trkpt>
      <trkpt lat="41.703736" lon="45.262334">
        <ele>630.2</ele>
        <time>2024-12-07T20:16:04.382000Z</time>
      </trkpt>
      <trkpt lat="41.703759" lon="45.262459">
        <ele>630.2</ele>
        <time>2024-12-07T20:16:06.163000Z</time>
      </trkpt>
      <trkpt lat="41.703782" lon="45.262582">
        <ele>630.1</ele>
        <time>2024-12-07T20:16:07.918000Z</time>
      </trkpt>
      <trkpt lat="41.703808" lon="45.26271">
        <ele>630</ele>
        <time>2024-12-07T20:16:09.753000Z</time>
      </trkpt>
      <trkpt lat="41.703831" lon="45.262833">
        <ele>629.9</ele>
        <time>2024-12-07T20:16:11.508000Z</time>
      </trkpt>
      <trkpt lat="41.70386" lon="45.262978">
        <ele>629.8</ele>
        <time>2024-12-07T20:16:13.585000Z</time>
      </trkpt>
      <trkpt lat="41.703881" lon="45.263086">
        <ele>629.7</ele>
        <time>2024-12-07T20:16:15.129000Z</time>
      </trkpt>
      <trkpt lat="41.70391" lon="45.263226">
        <ele>629.6</ele>
        <time>2024-12-07T20:16:17.140000Z</time>
      </trkpt>
      <trkpt lat="41.703931" lon="45.263334">
        <ele>629.5</ele>
        <time>2024-12-07T20:16:18.683000Z</time>
      </trkpt>
      <trkpt lat="41.703953" lon="45.263455">
        <ele>629.4</ele>
        <time>2024-12-07T20:16:20.407000Z</time>
      </trkpt>
      <trkpt lat="41.703979" lon="45.263577">
        <ele>629.3</ele>
        <time>2024-12-07T20:16:22.163000Z</time>
      </trkpt>
      <trkpt lat="41.704006" lon="45.263703">
        <ele>629.1</ele>
        <time>2024-12-07T20:16:23.977000Z</time>
      </trkpt>
      <trkpt lat="41.704039" lon="45.263855">
        <ele>629</ele>
        <time>2024-12-07T20:16:26.167000Z</time>
      </trkpt>
      <trkpt lat="41.70406" lon="45.263965">
        <ele>628.8</ele>
        <time>2024-12-07T20:16:27.739000Z</time>
      </trkpt>
      <trkpt lat="41.704085" lon="45.264083">
        <ele>628.7</ele>
        <time>2024-12-07T20:16:29.435000Z</time>
      </trkpt>
      <trkpt lat="41.704113" lon="45.264216">
        <ele>628.6</ele>
        <time>2024-12-07T20:16:31.347000Z</time>
      </trkpt>
      <trkpt lat="41.704146" lon="45.264369">
        <ele>628.6</ele>
        <time>2024-12-07T20:16:33.551000Z</time>
      </trkpt>
      <trkpt lat="41.704167" lon="45.26448">
        <ele>628.5</ele>
        <time>2024-12-07T20:16:35.135000Z</time>
      </trkpt>
      <trkpt lat="41.704193" lon="45.264605">
        <ele>628.5</ele>
        <time>2024-12-07T20:16:36.930000Z</time>
      </trkpt>
      <trkpt lat="41.704223" lon="45.264755">
        <ele>628.4</ele>
        <time>2024-12-07T20:16:39.079000Z</time>
      </trkpt>
      <trkpt lat="41.704244" lon="45.264869">
        <ele>628.4</ele>
        <time>2024-12-07T20:16:40.704000Z</time>
      </trkpt>
      <trkpt lat="41.704269" lon="45.264992">
        <ele>628.4</ele>
        <time>2024-12-07T20:16:42.467000Z</time>
      </trkpt>
      <trkpt lat="41.704296" lon="45.26514">
        <ele>628.4</ele>
        <time>2024-12-07T20:16:44.576000Z</time>
      </trkpt>
      <trkpt lat="41.704316" lon="45.265251">
        <ele>628.4</ele>
        <time>2024-12-07T20:16:46.155000Z</time>
      </trkpt>
      <trkpt lat="41.704338" lon="45.265373">
        <ele>628.4</ele>
        <time>2024-12-07T20:16:47.892000Z</time>
      </trkpt>
      <trkpt lat="41.704358" lon="45.265496">
        <ele>628.3</ele>
        <time>2024-12-07T20:16:49.634000Z</time>
      </trkpt>
      <trkpt lat="41.704384" lon="45.265641">
        <ele>628.2</ele>
        <time>2024-12-07T20:16:51.697000Z</time>
      </trkpt>
      <trkpt lat="41.704404" lon="45.265767">
        <ele>628.2</ele>
        <time>2024-12-07T20:16:53.479000Z</time>
      </trkpt>
      <trkpt lat="41.70442" lon="45.26587">
        <ele>628.2</ele>
        <time>2024-12-07T20:16:54.935000Z</time>
      </trkpt>
      <trkpt lat="41.704438" lon="45.265985">
        <ele>628.2</ele>
        <time>2024-12-07T20:16:56.561000Z</time>
      </trkpt>
      <trkpt lat="41.704457" lon="45.266107">
        <ele>628.1</ele>
        <time>2024-12-07T20:16:58.286000Z</time>
      </trkpt>
      <trkpt lat="41.704476" lon="45.266248">
        <ele>628.1</ele>
        <time>2024-12-07T20:17:00.268000Z</time>
      </trkpt>
      <trkpt lat="41.704489" lon="45.266351">
        <ele>628.1</ele>
        <time>2024-12-07T20:17:01.713000Z</time>
      </trkpt>
      <trkpt lat="41.7045" lon="45.266467">
        <ele>628</ele>
        <time>2024-12-07T20:17:03.331000Z</time>
      </trkpt>
      <trkpt lat="41.704518" lon="45.266607">
        <ele>628</ele>
        <time>2024-12-07T20:17:05.297000Z</time>
      </trkpt>
      <trkpt lat="41.704531" lon="45.266725">
        <ele>628</ele>
        <time>2024-12-07T20:17:06.947000Z</time>
      </trkpt>
      <trkpt lat="41.704542" lon="45.26684">
        <ele>628</ele>
        <time>2024-12-07T20:17:08.551000Z</time>
      </trkpt>
      <trkpt lat="41.704557" lon="45.266955">
        <ele>628</ele>
        <time>2024-12-07T20:17:10.167000Z</time>
      </trkpt>
      <trkpt lat="41.704569" lon="45.267069">
        <ele>627.9</ele>
        <time>2024-12-07T20:17:11.759000Z</time>
      </trkpt>
      <trkpt lat="41.704577" lon="45.26718">
        <ele>627.9</ele>
        <time>2024-12-07T20:17:13.302000Z</time>
      </trkpt>
      <trkpt lat="41.704588" lon="45.267297">
        <ele>627.9</ele>
        <time>2024-12-07T20:17:14.934000Z</time>
      </trkpt>
      <trkpt lat="41.704596" lon="45.267394">
        <ele>627.9</ele>
        <time>2024-12-07T20:17:16.284000Z</time>
      </trkpt>
      <trkpt lat="41.704604" lon="45.267501">
        <ele>627.9</ele>
        <time>2024-12-07T20:17:17.772000Z</time>
      </trkpt>
      <trkpt lat="41.704611" lon="45.267629">
        <ele>627.8</ele>
        <time>2024-12-07T20:17:19.548000Z</time>
      </trkpt>
      <trkpt lat="41.704616" lon="45.267729">
        <ele>627.7</ele>
        <time>2024-12-07T20:17:20.934000Z</time>
      </trkpt>
      <trkpt lat="41.704623" lon="45.26784">
        <ele>627.7</ele>
        <time>2024-12-07T20:17:22.475000Z</time>
      </trkpt>
      <trkpt lat="41.704627" lon="45.267955">
        <ele>627.6</ele>
        <time>2024-12-07T20:17:24.068000Z</time>
      </trkpt>
      <trkpt lat="41.704631" lon="45.268088">
        <ele>627.5</ele>
        <time>2024-12-07T20:17:25.910000Z</time>
      </trkpt>
      <trkpt lat="41.704638" lon="45.268206">
        <ele>627.4</ele>
        <time>2024-12-07T20:17:27.548000Z</time>
      </trkpt>
      <trkpt lat="41.704643" lon="45.268321">
        <ele>627.3</ele>
        <time>2024-12-07T20:17:29.142000Z</time>
      </trkpt>
      <trkpt lat="41.704643" lon="45.268412">
        <ele>627.2</ele>
        <time>2024-12-07T20:17:30.401000Z</time>
      </trkpt>
      <trkpt lat="41.704646" lon="45.268539">
        <ele>627.2</ele>
        <time>2024-12-07T20:17:32.160000Z</time>
      </trkpt>
      <trkpt lat="41.704647" lon="45.268649">
        <ele>627.1</ele>
        <time>2024-12-07T20:17:33.682000Z</time>
      </trkpt>
      <trkpt lat="41.70465" lon="45.268756">
        <ele>627.1</ele>
        <time>2024-12-07T20:17:35.162000Z</time>
      </trkpt>
      <trkpt lat="41.704651" lon="45.26886">
        <ele>627</ele>
        <time>2024-12-07T20:17:36.602000Z</time>
      </trkpt>
      <trkpt lat="41.704648" lon="45.268947">
        <ele>627</ele>
        <time>2024-12-07T20:17:37.807000Z</time>
      </trkpt>
      <trkpt lat="41.70465" lon="45.269047">
        <ele>626.9</ele>
        <time>2024-12-07T20:17:39.191000Z</time>
      </trkpt>
      <trkpt lat="41.704651" lon="45.269169">
        <ele>626.9</ele>
        <time>2024-12-07T20:17:40.880000Z</time>
      </trkpt>
      <trkpt lat="41.704651" lon="45.269259">
        <ele>626.9</ele>
        <time>2024-12-07T20:17:42.124000Z</time>
      </trkpt>
      <trkpt lat="41.704651" lon="45.269358">
        <ele>626.9</ele>
        <time>2024-12-07T20:17:43.495000Z</time>
      </trkpt>
      <trkpt lat="41.704648" lon="45.269475">
        <ele>626.8</ele>
        <time>2024-12-07T20:17:45.114000Z</time>
      </trkpt>
      <trkpt lat="41.704647" lon="45.26958">
        <ele>626.8</ele>
        <time>2024-12-07T20:17:46.567000Z</time>
      </trkpt>
      <trkpt lat="41.704647" lon="45.26968">
        <ele>626.8</ele>
        <time>2024-12-07T20:17:47.950000Z</time>
      </trkpt>
      <trkpt lat="41.704644" lon="45.269783">
        <ele>626.8</ele>
        <time>2024-12-07T20:17:49.377000Z</time>
      </trkpt>
      <trkpt lat="41.704643" lon="45.269883">
        <ele>626.8</ele>
        <time>2024-12-07T20:17:50.760000Z</time>
      </trkpt>
      <trkpt lat="41.704643" lon="45.269982">
        <ele>626.8</ele>
        <time>2024-12-07T20:17:52.130000Z</time>
      </trkpt>
      <trkpt lat="41.70464" lon="45.270065">
        <ele>626.8</ele>
        <time>2024-12-07T20:17:53.280000Z</time>
      </trkpt>
      <trkpt lat="41.704639" lon="45.270164">
        <ele>626.8</ele>
        <time>2024-12-07T20:17:54.651000Z</time>
      </trkpt>
      <trkpt lat="41.704636" lon="45.270265">
        <ele>626.7</ele>
        <time>2024-12-07T20:17:56.049000Z</time>
      </trkpt>
      <trkpt lat="41.704636" lon="45.270363">
        <ele>626.7</ele>
        <time>2024-12-07T20:17:57.405000Z</time>
      </trkpt>
      <trkpt lat="41.704632" lon="45.270475">
        <ele>626.7</ele>
        <time>2024-12-07T20:17:58.956000Z</time>
      </trkpt>
      <trkpt lat="41.704635" lon="45.270574">
        <ele>626.7</ele>
        <time>2024-12-07T20:18:00.327000Z</time>
      </trkpt>
      <trkpt lat="41.704636" lon="45.270669">
        <ele>626.8</ele>
        <time>2024-12-07T20:18:01.641000Z</time>
      </trkpt>
      <trkpt lat="41.704632" lon="45.270767">
        <ele>626.8</ele>
        <time>2024-12-07T20:18:03Z</time>
      </trkpt>
      <trkpt lat="41.704632" lon="45.270867">
        <ele>626.9</ele>
        <time>2024-12-07T20:18:04.383000Z</time>
      </trkpt>
      <trkpt lat="41.704629" lon="45.270966">
        <ele>626.9</ele>
        <time>2024-12-07T20:18:05.754000Z</time>
      </trkpt>
      <trkpt lat="41.704628" lon="45.271065">
        <ele>627</ele>
        <time>2024-12-07T20:18:07.124000Z</time>
      </trkpt>
      <trkpt lat="41.704628" lon="45.271161">
        <ele>627</ele>
        <time>2024-12-07T20:18:08.452000Z</time>
      </trkpt>
      <trkpt lat="41.704625" lon="45.27126">
        <ele>627.1</ele>
        <time>2024-12-07T20:18:09.823000Z</time>
      </trkpt>
      <trkpt lat="41.704624" lon="45.271356">
        <ele>627.1</ele>
        <time>2024-12-07T20:18:11.152000Z</time>
      </trkpt>
      <trkpt lat="41.704624" lon="45.271454">
        <ele>627.2</ele>
        <time>2024-12-07T20:18:12.508000Z</time>
      </trkpt>
      <trkpt lat="41.704624" lon="45.271537">
        <ele>627.2</ele>
        <time>2024-12-07T20:18:13.656000Z</time>
      </trkpt>
      <trkpt lat="41.704627" lon="45.271647">
        <ele>627.3</ele>
        <time>2024-12-07T20:18:15.178000Z</time>
      </trkpt>
      <trkpt lat="41.704628" lon="45.271748">
        <ele>627.3</ele>
        <time>2024-12-07T20:18:16.576000Z</time>
      </trkpt>
      <trkpt lat="41.704628" lon="45.271844">
        <ele>627.4</ele>
        <time>2024-12-07T20:18:17.905000Z</time>
      </trkpt>
      <trkpt lat="41.704631" lon="45.271943">
        <ele>627.4</ele>
        <time>2024-12-07T20:18:19.276000Z</time>
      </trkpt>
      <trkpt lat="41.704632" lon="45.272042">
        <ele>627.5</ele>
        <time>2024-12-07T20:18:20.646000Z</time>
      </trkpt>
      <trkpt lat="41.704635" lon="45.272138">
        <ele>627.5</ele>
        <time>2024-12-07T20:18:21.975000Z</time>
      </trkpt>
      <trkpt lat="41.704636" lon="45.272236">
        <ele>627.5</ele>
        <time>2024-12-07T20:18:23.331000Z</time>
      </trkpt>
      <trkpt lat="41.704639" lon="45.272319">
        <ele>627.6</ele>
        <time>2024-12-07T20:18:24.481000Z</time>
      </trkpt>
      <trkpt lat="41.704643" lon="45.272416">
        <ele>627.6</ele>
        <time>2024-12-07T20:18:25.825000Z</time>
      </trkpt>
      <trkpt lat="41.704643" lon="45.272531">
        <ele>627.6</ele>
        <time>2024-12-07T20:18:27.416000Z</time>
      </trkpt>
      <trkpt lat="41.704646" lon="45.272633">
        <ele>627.7</ele>
        <time>2024-12-07T20:18:28.829000Z</time>
      </trkpt>
      <trkpt lat="41.70465" lon="45.272731">
        <ele>627.7</ele>
        <time>2024-12-07T20:18:30.187000Z</time>
      </trkpt>
      <trkpt lat="41.704657" lon="45.272835">
        <ele>627.7</ele>
        <time>2024-12-07T20:18:31.632000Z</time>
      </trkpt>
      <trkpt lat="41.704662" lon="45.272934">
        <ele>627.7</ele>
        <time>2024-12-07T20:18:33.004000Z</time>
      </trkpt>
      <trkpt lat="41.704669" lon="45.273033">
        <ele>627.7</ele>
        <time>2024-12-07T20:18:34.380000Z</time>
      </trkpt>
      <trkpt lat="41.704673" lon="45.273133">
        <ele>627.8</ele>
        <time>2024-12-07T20:18:35.766000Z</time>
      </trkpt>
      <trkpt lat="41.70468" lon="45.273232">
        <ele>627.8</ele>
        <time>2024-12-07T20:18:37.141000Z</time>
      </trkpt>
      <trkpt lat="41.704685" lon="45.273318">
        <ele>627.9</ele>
        <time>2024-12-07T20:18:38.335000Z</time>
      </trkpt>
      <trkpt lat="41.704695" lon="45.273434">
        <ele>627.9</ele>
        <time>2024-12-07T20:18:39.951000Z</time>
      </trkpt>
      <trkpt lat="41.704706" lon="45.27354">
        <ele>628</ele>
        <time>2024-12-07T20:18:41.432000Z</time>
      </trkpt>
      <trkpt lat="41.704715" lon="45.273644">
        <ele>628</ele>
        <time>2024-12-07T20:18:42.881000Z</time>
      </trkpt>
      <trkpt lat="41.704722" lon="45.273747">
        <ele>628</ele>
        <time>2024-12-07T20:18:44.311000Z</time>
      </trkpt>
      <trkpt lat="41.704733" lon="45.27385">
        <ele>628</ele>
        <time>2024-12-07T20:18:45.751000Z</time>
      </trkpt>
      <trkpt lat="41.704741" lon="45.273953">
        <ele>627.9</ele>
        <time>2024-12-07T20:18:47.183000Z</time>
      </trkpt>
      <trkpt lat="41.704752" lon="45.274052">
        <ele>627.9</ele>
        <time>2024-12-07T20:18:48.568000Z</time>
      </trkpt>
      <trkpt lat="41.704764" lon="45.274155">
        <ele>627.9</ele>
        <time>2024-12-07T20:18:50.011000Z</time>
      </trkpt>
      <trkpt lat="41.704772" lon="45.274241">
        <ele>627.9</ele>
        <time>2024-12-07T20:18:51.210000Z</time>
      </trkpt>
      <trkpt lat="41.704783" lon="45.274341">
        <ele>627.9</ele>
        <time>2024-12-07T20:18:52.608000Z</time>
      </trkpt>
      <trkpt lat="41.704794" lon="45.274444">
        <ele>627.9</ele>
        <time>2024-12-07T20:18:54.048000Z</time>
      </trkpt>
      <trkpt lat="41.704806" lon="45.27455">
        <ele>627.9</ele>
        <time>2024-12-07T20:18:55.532000Z</time>
      </trkpt>
      <trkpt lat="41.70482" lon="45.274651">
        <ele>627.9</ele>
        <time>2024-12-07T20:18:56.953000Z</time>
      </trkpt>
      <trkpt lat="41.704835" lon="45.274773">
        <ele>628</ele>
        <time>2024-12-07T20:18:58.664000Z</time>
      </trkpt>
      <trkpt lat="41.704848" lon="45.27486">
        <ele>628</ele>
        <time>2024-12-07T20:18:59.891000Z</time>
      </trkpt>
      <trkpt lat="41.704865" lon="45.274975">
        <ele>628</ele>
        <time>2024-12-07T20:19:01.513000Z</time>
      </trkpt>
      <trkpt lat="41.704878" lon="45.275065">
        <ele>628</ele>
        <time>2024-12-07T20:19:02.782000Z</time>
      </trkpt>
      <trkpt lat="41.704893" lon="45.275162">
        <ele>628.1</ele>
        <time>2024-12-07T20:19:04.152000Z</time>
      </trkpt>
      <trkpt lat="41.704908" lon="45.275281">
        <ele>628.1</ele>
        <time>2024-12-07T20:19:05.822000Z</time>
      </trkpt>
      <trkpt lat="41.70492" lon="45.27537">
        <ele>628.2</ele>
        <time>2024-12-07T20:19:07.074000Z</time>
      </trkpt>
      <trkpt lat="41.704938" lon="45.275484">
        <ele>628.3</ele>
        <time>2024-12-07T20:19:08.686000Z</time>
      </trkpt>
      <trkpt lat="41.70495" lon="45.275572">
        <ele>628.3</ele>
        <time>2024-12-07T20:19:09.924000Z</time>
      </trkpt>
      <trkpt lat="41.704965" lon="45.275686">
        <ele>628.5</ele>
        <time>2024-12-07T20:19:11.526000Z</time>
      </trkpt>
      <trkpt lat="41.704977" lon="45.275772">
        <ele>628.5</ele>
        <time>2024-12-07T20:19:12.736000Z</time>
      </trkpt>
      <trkpt lat="41.704995" lon="45.275871">
        <ele>628.6</ele>
        <time>2024-12-07T20:19:14.146000Z</time>
      </trkpt>
      <trkpt lat="41.705011" lon="45.275971">
        <ele>628.7</ele>
        <time>2024-12-07T20:19:15.561000Z</time>
      </trkpt>
      <trkpt lat="41.705026" lon="45.276073">
        <ele>628.9</ele>
        <time>2024-12-07T20:19:16.999000Z</time>
      </trkpt>
      <trkpt lat="41.705042" lon="45.276173">
        <ele>629</ele>
        <time>2024-12-07T20:19:18.415000Z</time>
      </trkpt>
      <trkpt lat="41.705063" lon="45.276292">
        <ele>629.1</ele>
        <time>2024-12-07T20:19:20.106000Z</time>
      </trkpt>
      <trkpt lat="41.705076" lon="45.276381">
        <ele>629.2</ele>
        <time>2024-12-07T20:19:21.361000Z</time>
      </trkpt>
      <trkpt lat="41.705091" lon="45.276484">
        <ele>629.4</ele>
        <time>2024-12-07T20:19:22.813000Z</time>
      </trkpt>
      <trkpt lat="41.705106" lon="45.276588">
        <ele>629.5</ele>
        <time>2024-12-07T20:19:24.279000Z</time>
      </trkpt>
      <trkpt lat="41.705122" lon="45.276691">
        <ele>629.7</ele>
        <time>2024-12-07T20:19:25.736000Z</time>
      </trkpt>
      <trkpt lat="41.70514" lon="45.276797">
        <ele>630</ele>
        <time>2024-12-07T20:19:27.240000Z</time>
      </trkpt>
      <trkpt lat="41.705156" lon="45.2769">
        <ele>630.2</ele>
        <time>2024-12-07T20:19:28.696000Z</time>
      </trkpt>
      <trkpt lat="41.705171" lon="45.277007">
        <ele>630.5</ele>
        <time>2024-12-07T20:19:30.203000Z</time>
      </trkpt>
      <trkpt lat="41.70519" lon="45.277133">
        <ele>630.8</ele>
        <time>2024-12-07T20:19:31.983000Z</time>
      </trkpt>
      <trkpt lat="41.705202" lon="45.277224">
        <ele>631.1</ele>
        <time>2024-12-07T20:19:33.262000Z</time>
      </trkpt>
      <trkpt lat="41.705217" lon="45.277328">
        <ele>631.4</ele>
        <time>2024-12-07T20:19:34.728000Z</time>
      </trkpt>
      <trkpt lat="41.705232" lon="45.277435">
        <ele>631.7</ele>
        <time>2024-12-07T20:19:36.235000Z</time>
      </trkpt>
      <trkpt lat="41.705247" lon="45.277561">
        <ele>632.1</ele>
        <time>2024-12-07T20:19:38.002000Z</time>
      </trkpt>
      <trkpt lat="41.705263" lon="45.277674">
        <ele>632.4</ele>
        <time>2024-12-07T20:19:39.594000Z</time>
      </trkpt>
      <trkpt lat="41.705272" lon="45.277765">
        <ele>632.7</ele>
        <time>2024-12-07T20:19:40.865000Z</time>
      </trkpt>
      <trkpt lat="41.705282" lon="45.277873">
        <ele>633</ele>
        <time>2024-12-07T20:19:42.372000Z</time>
      </trkpt>
      <trkpt lat="41.705294" lon="45.277983">
        <ele>633.3</ele>
        <time>2024-12-07T20:19:43.911000Z</time>
      </trkpt>
      <trkpt lat="41.705308" lon="45.278113">
        <ele>633.7</ele>
        <time>2024-12-07T20:19:45.729000Z</time>
      </trkpt>
      <trkpt lat="41.705317" lon="45.278224">
        <ele>633.9</ele>
        <time>2024-12-07T20:19:47.274000Z</time>
      </trkpt>
      <trkpt lat="41.705325" lon="45.278315">
        <ele>634.1</ele>
        <time>2024-12-07T20:19:48.543000Z</time>
      </trkpt>
      <trkpt lat="41.705333" lon="45.278419">
        <ele>634.3</ele>
        <time>2024-12-07T20:19:49.990000Z</time>
      </trkpt>
      <trkpt lat="41.705344" lon="45.278542">
        <ele>634.6</ele>
        <time>2024-12-07T20:19:51.704000Z</time>
      </trkpt>
      <trkpt lat="41.705348" lon="45.278635">
        <ele>634.7</ele>
        <time>2024-12-07T20:19:52.994000Z</time>
      </trkpt>
      <trkpt lat="41.705355" lon="45.278739">
        <ele>635</ele>
        <time>2024-12-07T20:19:54.438000Z</time>
      </trkpt>
      <trkpt lat="41.705363" lon="45.278846">
        <ele>635.2</ele>
        <time>2024-12-07T20:19:55.927000Z</time>
      </trkpt>
      <trkpt lat="41.705371" lon="45.278953">
        <ele>635.4</ele>
        <time>2024-12-07T20:19:57.415000Z</time>
      </trkpt>
      <trkpt lat="41.705375" lon="45.279063">
        <ele>635.7</ele>
        <time>2024-12-07T20:19:58.940000Z</time>
      </trkpt>
      <trkpt lat="41.705379" lon="45.27917">
        <ele>635.9</ele>
        <time>2024-12-07T20:20:00.422000Z</time>
      </trkpt>
      <trkpt lat="41.705383" lon="45.279277">
        <ele>636</ele>
        <time>2024-12-07T20:20:01.905000Z</time>
      </trkpt>
      <trkpt lat="41.705383" lon="45.279384">
        <ele>636.2</ele>
        <time>2024-12-07T20:20:03.385000Z</time>
      </trkpt>
      <trkpt lat="41.705387" lon="45.279491">
        <ele>636.3</ele>
        <time>2024-12-07T20:20:04.868000Z</time>
      </trkpt>
      <trkpt lat="41.705387" lon="45.279621">
        <ele>636.4</ele>
        <time>2024-12-07T20:20:06.666000Z</time>
      </trkpt>
      <trkpt lat="41.70539" lon="45.279735">
        <ele>636.4</ele>
        <time>2024-12-07T20:20:08.245000Z</time>
      </trkpt>
      <trkpt lat="41.705391" lon="45.279822">
        <ele>636.4</ele>
        <time>2024-12-07T20:20:09.449000Z</time>
      </trkpt>
      <trkpt lat="41.705391" lon="45.279951">
        <ele>636.3</ele>
        <time>2024-12-07T20:20:11.233000Z</time>
      </trkpt>
      <trkpt lat="41.705391" lon="45.280047">
        <ele>636.2</ele>
        <time>2024-12-07T20:20:12.561000Z</time>
      </trkpt>
      <trkpt lat="41.705391" lon="45.280154">
        <ele>636.1</ele>
        <time>2024-12-07T20:20:14.042000Z</time>
      </trkpt>
      <trkpt lat="41.705391" lon="45.280264">
        <ele>636</ele>
        <time>2024-12-07T20:20:15.564000Z</time>
      </trkpt>
      <trkpt lat="41.705388" lon="45.280375">
        <ele>635.9</ele>
        <time>2024-12-07T20:20:17.102000Z</time>
      </trkpt>
      <trkpt lat="41.705384" lon="45.280489">
        <ele>635.7</ele>
        <time>2024-12-07T20:20:18.681000Z</time>
      </trkpt>
      <trkpt lat="41.70538" lon="45.280623">
        <ele>635.6</ele>
        <time>2024-12-07T20:20:20.536000Z</time>
      </trkpt>
      <trkpt lat="41.705376" lon="45.280722">
        <ele>635.5</ele>
        <time>2024-12-07T20:20:21.907000Z</time>
      </trkpt>
      <trkpt lat="41.705372" lon="45.280829">
        <ele>635.4</ele>
        <time>2024-12-07T20:20:23.390000Z</time>
      </trkpt>
      <trkpt lat="41.705365" lon="45.280962">
        <ele>635.2</ele>
        <time>2024-12-07T20:20:25.236000Z</time>
      </trkpt>
      <trkpt lat="41.705358" lon="45.281078">
        <ele>635.2</ele>
        <time>2024-12-07T20:20:26.846000Z</time>
      </trkpt>
      <trkpt lat="41.70535" lon="45.281175">
        <ele>635.1</ele>
        <time>2024-12-07T20:20:28.196000Z</time>
      </trkpt>
      <trkpt lat="41.705343" lon="45.281286">
        <ele>635.1</ele>
        <time>2024-12-07T20:20:29.737000Z</time>
      </trkpt>
      <trkpt lat="41.705332" lon="45.281401">
        <ele>635.1</ele>
        <time>2024-12-07T20:20:31.341000Z</time>
      </trkpt>
      <trkpt lat="41.705323" lon="45.281519">
        <ele>635.1</ele>
        <time>2024-12-07T20:20:32.982000Z</time>
      </trkpt>
      <trkpt lat="41.705316" lon="45.281637">
        <ele>635</ele>
        <time>2024-12-07T20:20:34.620000Z</time>
      </trkpt>
      <trkpt lat="41.705305" lon="45.281755">
        <ele>634.9</ele>
        <time>2024-12-07T20:20:36.266000Z</time>
      </trkpt>
      <trkpt lat="41.705293" lon="45.281876">
        <ele>634.8</ele>
        <time>2024-12-07T20:20:37.954000Z</time>
      </trkpt>
      <trkpt lat="41.705279" lon="45.281998">
        <ele>634.6</ele>
        <time>2024-12-07T20:20:39.663000Z</time>
      </trkpt>
      <trkpt lat="41.705264" lon="45.282143">
        <ele>634.4</ele>
        <time>2024-12-07T20:20:41.689000Z</time>
      </trkpt>
      <trkpt lat="41.705245" lon="45.282272">
        <ele>634.2</ele>
        <time>2024-12-07T20:20:43.508000Z</time>
      </trkpt>
      <trkpt lat="41.705232" lon="45.282376">
        <ele>634.1</ele>
        <time>2024-12-07T20:20:44.966000Z</time>
      </trkpt>
      <trkpt lat="41.705215" lon="45.28252">
        <ele>634</ele>
        <time>2024-12-07T20:20:46.984000Z</time>
      </trkpt>
      <trkpt lat="41.705199" lon="45.282631">
        <ele>633.9</ele>
        <time>2024-12-07T20:20:48.549000Z</time>
      </trkpt>
      <trkpt lat="41.705177" lon="45.282756">
        <ele>633.8</ele>
        <time>2024-12-07T20:20:50.325000Z</time>
      </trkpt>
      <trkpt lat="41.705157" lon="45.282887">
        <ele>633.8</ele>
        <time>2024-12-07T20:20:52.175000Z</time>
      </trkpt>
      <trkpt lat="41.705135" lon="45.28302">
        <ele>633.8</ele>
        <time>2024-12-07T20:20:54.060000Z</time>
      </trkpt>
      <trkpt lat="41.705112" lon="45.28315">
        <ele>633.8</ele>
        <time>2024-12-07T20:20:55.909000Z</time>
      </trkpt>
      <trkpt lat="41.705086" lon="45.283305">
        <ele>633.8</ele>
        <time>2024-12-07T20:20:58.107000Z</time>
      </trkpt>
      <trkpt lat="41.705066" lon="45.283422">
        <ele>633.8</ele>
        <time>2024-12-07T20:20:59.767000Z</time>
      </trkpt>
      <trkpt lat="41.705041" lon="45.283549">
        <ele>633.7</ele>
        <time>2024-12-07T20:21:01.585000Z</time>
      </trkpt>
      <trkpt lat="41.705007" lon="45.283709">
        <ele>633.6</ele>
        <time>2024-12-07T20:21:03.886000Z</time>
      </trkpt>
      <trkpt lat="41.704986" lon="45.283824">
        <ele>633.6</ele>
        <time>2024-12-07T20:21:05.525000Z</time>
      </trkpt>
      <trkpt lat="41.70496" lon="45.283954">
        <ele>633.4</ele>
        <time>2024-12-07T20:21:07.387000Z</time>
      </trkpt>
      <trkpt lat="41.70493" lon="45.284087">
        <ele>633.3</ele>
        <time>2024-12-07T20:21:09.309000Z</time>
      </trkpt>
      <trkpt lat="41.704896" lon="45.284221">
        <ele>633.1</ele>
        <time>2024-12-07T20:21:11.267000Z</time>
      </trkpt>
      <trkpt lat="41.704862" lon="45.284357">
        <ele>632.9</ele>
        <time>2024-12-07T20:21:13.253000Z</time>
      </trkpt>
      <trkpt lat="41.704831" lon="45.284492">
        <ele>632.6</ele>
        <time>2024-12-07T20:21:15.207000Z</time>
      </trkpt>
      <trkpt lat="41.704797" lon="45.284628">
        <ele>632.4</ele>
        <time>2024-12-07T20:21:17.192000Z</time>
      </trkpt>
      <trkpt lat="41.704763" lon="45.284766">
        <ele>632.2</ele>
        <time>2024-12-07T20:21:19.202000Z</time>
      </trkpt>
      <trkpt lat="41.704722" lon="45.284903">
        <ele>632.2</ele>
        <time>2024-12-07T20:21:21.245000Z</time>
      </trkpt>
      <trkpt lat="41.704683" lon="45.28504">
        <ele>632.2</ele>
        <time>2024-12-07T20:21:23.273000Z</time>
      </trkpt>
      <trkpt lat="41.704642" lon="45.285178">
        <ele>632.1</ele>
        <time>2024-12-07T20:21:25.329000Z</time>
      </trkpt>
      <trkpt lat="41.7046" lon="45.285318">
        <ele>632.1</ele>
        <time>2024-12-07T20:21:27.416000Z</time>
      </trkpt>
      <trkpt lat="41.704558" lon="45.285456">
        <ele>632.2</ele>
        <time>2024-12-07T20:21:29.478000Z</time>
      </trkpt>
      <trkpt lat="41.704519" lon="45.285594">
        <ele>632.2</ele>
        <time>2024-12-07T20:21:31.520000Z</time>
      </trkpt>
      <trkpt lat="41.704468" lon="45.285757">
        <ele>632.1</ele>
        <time>2024-12-07T20:21:33.965000Z</time>
      </trkpt>
      <trkpt lat="41.704434" lon="45.285876">
        <ele>632</ele>
        <time>2024-12-07T20:21:35.728000Z</time>
      </trkpt>
      <trkpt lat="41.704391" lon="45.286009">
        <ele>631.8</ele>
        <time>2024-12-07T20:21:37.733000Z</time>
      </trkpt>
      <trkpt lat="41.704348" lon="45.286146">
        <ele>631.6</ele>
        <time>2024-12-07T20:21:39.789000Z</time>
      </trkpt>
      <trkpt lat="41.704306" lon="45.286284">
        <ele>631.4</ele>
        <time>2024-12-07T20:21:41.852000Z</time>
      </trkpt>
      <trkpt lat="41.704261" lon="45.286418">
        <ele>631.2</ele>
        <time>2024-12-07T20:21:43.885000Z</time>
      </trkpt>
      <trkpt lat="41.704212" lon="45.286574">
        <ele>631</ele>
        <time>2024-12-07T20:21:46.227000Z</time>
      </trkpt>
      <trkpt lat="41.704175" lon="45.286692">
        <ele>630.8</ele>
        <time>2024-12-07T20:21:47.998000Z</time>
      </trkpt>
      <trkpt lat="41.704135" lon="45.286829">
        <ele>630.6</ele>
        <time>2024-12-07T20:21:50.035000Z</time>
      </trkpt>
      <trkpt lat="41.704093" lon="45.286967">
        <ele>630.4</ele>
        <time>2024-12-07T20:21:52.096000Z</time>
      </trkpt>
      <trkpt lat="41.70405" lon="45.287108">
        <ele>630.3</ele>
        <time>2024-12-07T20:21:54.204000Z</time>
      </trkpt>
      <trkpt lat="41.704012" lon="45.287243">
        <ele>630.2</ele>
        <time>2024-12-07T20:21:56.200000Z</time>
      </trkpt>
      <trkpt lat="41.703974" lon="45.287379">
        <ele>630.1</ele>
        <time>2024-12-07T20:21:58.210000Z</time>
      </trkpt>
      <trkpt lat="41.703936" lon="45.28752">
        <ele>630</ele>
        <time>2024-12-07T20:22:00.284000Z</time>
      </trkpt>
      <trkpt lat="41.703897" lon="45.287664">
        <ele>629.8</ele>
        <time>2024-12-07T20:22:02.404000Z</time>
      </trkpt>
      <trkpt lat="41.703866" lon="45.287806">
        <ele>629.5</ele>
        <time>2024-12-07T20:22:04.451000Z</time>
      </trkpt>
      <trkpt lat="41.703833" lon="45.287941">
        <ele>629.3</ele>
        <time>2024-12-07T20:22:06.416000Z</time>
      </trkpt>
      <trkpt lat="41.703801" lon="45.288084">
        <ele>629</ele>
        <time>2024-12-07T20:22:08.482000Z</time>
      </trkpt>
      <trkpt lat="41.703764" lon="45.288252">
        <ele>628.8</ele>
        <time>2024-12-07T20:22:10.907000Z</time>
      </trkpt>
      <trkpt lat="41.703739" lon="45.288378">
        <ele>628.6</ele>
        <time>2024-12-07T20:22:12.711000Z</time>
      </trkpt>
      <trkpt lat="41.703709" lon="45.288515">
        <ele>628.4</ele>
        <time>2024-12-07T20:22:14.687000Z</time>
      </trkpt>
      <trkpt lat="41.703682" lon="45.288657">
        <ele>628.2</ele>
        <time>2024-12-07T20:22:16.714000Z</time>
      </trkpt>
      <trkpt lat="41.703659" lon="45.2888">
        <ele>628.1</ele>
        <time>2024-12-07T20:22:18.738000Z</time>
      </trkpt>
      <trkpt lat="41.703636" lon="45.288942">
        <ele>628</ele>
        <time>2024-12-07T20:22:20.749000Z</time>
      </trkpt>
      <trkpt lat="41.70361" lon="45.289109">
        <ele>628</ele>
        <time>2024-12-07T20:22:23.109000Z</time>
      </trkpt>
      <trkpt lat="41.70359" lon="45.289232">
        <ele>627.9</ele>
        <time>2024-12-07T20:22:24.851000Z</time>
      </trkpt>
      <trkpt lat="41.70357" lon="45.289372">
        <ele>627.9</ele>
        <time>2024-12-07T20:22:26.823000Z</time>
      </trkpt>
      <trkpt lat="41.703551" lon="45.289517">
        <ele>627.9</ele>
        <time>2024-12-07T20:22:28.860000Z</time>
      </trkpt>
      <trkpt lat="41.703535" lon="45.289659">
        <ele>627.8</ele>
        <time>2024-12-07T20:22:30.847000Z</time>
      </trkpt>
      <trkpt lat="41.703523" lon="45.289803">
        <ele>627.8</ele>
        <time>2024-12-07T20:22:32.852000Z</time>
      </trkpt>
      <trkpt lat="41.703509" lon="45.289946">
        <ele>627.7</ele>
        <time>2024-12-07T20:22:34.847000Z</time>
      </trkpt>
      <trkpt lat="41.703493" lon="45.290084">
        <ele>627.7</ele>
        <time>2024-12-07T20:22:36.779000Z</time>
      </trkpt>
      <trkpt lat="41.703478" lon="45.290224">
        <ele>627.6</ele>
        <time>2024-12-07T20:22:38.737000Z</time>
      </trkpt>
      <trkpt lat="41.703466" lon="45.290362">
        <ele>627.5</ele>
        <time>2024-12-07T20:22:40.659000Z</time>
      </trkpt>
      <trkpt lat="41.703458" lon="45.290502">
        <ele>627.4</ele>
        <time>2024-12-07T20:22:42.601000Z</time>
      </trkpt>
      <trkpt lat="41.703447" lon="45.29064">
        <ele>627.3</ele>
        <time>2024-12-07T20:22:44.522000Z</time>
      </trkpt>
      <trkpt lat="41.703439" lon="45.290777">
        <ele>627.1</ele>
        <time>2024-12-07T20:22:46.423000Z</time>
      </trkpt>
      <trkpt lat="41.703431" lon="45.290918">
        <ele>627</ele>
        <time>2024-12-07T20:22:48.380000Z</time>
      </trkpt>
      <trkpt lat="41.70343" lon="45.291056">
        <ele>626.8</ele>
        <time>2024-12-07T20:22:50.290000Z</time>
      </trkpt>
      <trkpt lat="41.703427" lon="45.291193">
        <ele>626.6</ele>
        <time>2024-12-07T20:22:52.186000Z</time>
      </trkpt>
      <trkpt lat="41.703426" lon="45.291331">
        <ele>626.4</ele>
        <time>2024-12-07T20:22:54.097000Z</time>
      </trkpt>
      <trkpt lat="41.703426" lon="45.291472">
        <ele>626.1</ele>
        <time>2024-12-07T20:22:56.048000Z</time>
      </trkpt>
      <trkpt lat="41.703423" lon="45.291609">
        <ele>625.9</ele>
        <time>2024-12-07T20:22:57.945000Z</time>
      </trkpt>
      <trkpt lat="41.703423" lon="45.29175">
        <ele>625.6</ele>
        <time>2024-12-07T20:22:59.897000Z</time>
      </trkpt>
      <trkpt lat="41.703429" lon="45.29189">
        <ele>625.3</ele>
        <time>2024-12-07T20:23:01.838000Z</time>
      </trkpt>
      <trkpt lat="41.703433" lon="45.292032">
        <ele>625</ele>
        <time>2024-12-07T20:23:03.804000Z</time>
      </trkpt>
      <trkpt lat="41.703437" lon="45.292174">
        <ele>624.6</ele>
        <time>2024-12-07T20:23:05.771000Z</time>
      </trkpt>
      <trkpt lat="41.703444" lon="45.292315">
        <ele>624.3</ele>
        <time>2024-12-07T20:23:07.727000Z</time>
      </trkpt>
      <trkpt lat="41.703452" lon="45.29246">
        <ele>623.9</ele>
        <time>2024-12-07T20:23:09.740000Z</time>
      </trkpt>
      <trkpt lat="41.703463" lon="45.292602">
        <ele>623.5</ele>
        <time>2024-12-07T20:23:11.716000Z</time>
      </trkpt>
      <trkpt lat="41.703471" lon="45.292745">
        <ele>623.2</ele>
        <time>2024-12-07T20:23:13.701000Z</time>
      </trkpt>
      <trkpt lat="41.703484" lon="45.292889">
        <ele>622.8</ele>
        <time>2024-12-07T20:23:15.709000Z</time>
      </trkpt>
      <trkpt lat="41.703497" lon="45.293032">
        <ele>622.4</ele>
        <time>2024-12-07T20:23:17.703000Z</time>
      </trkpt>
      <trkpt lat="41.703512" lon="45.293173">
        <ele>622.1</ele>
        <time>2024-12-07T20:23:19.675000Z</time>
      </trkpt>
      <trkpt lat="41.703527" lon="45.293318">
        <ele>621.8</ele>
        <time>2024-12-07T20:23:21.702000Z</time>
      </trkpt>
      <trkpt lat="41.703546" lon="45.29346">
        <ele>621.4</ele>
        <time>2024-12-07T20:23:23.698000Z</time>
      </trkpt>
      <trkpt lat="41.703565" lon="45.293598">
        <ele>621.1</ele>
        <time>2024-12-07T20:23:25.640000Z</time>
      </trkpt>
      <trkpt lat="41.703584" lon="45.293738">
        <ele>620.8</ele>
        <time>2024-12-07T20:23:27.609000Z</time>
      </trkpt>
      <trkpt lat="41.703606" lon="45.293878">
        <ele>620.6</ele>
        <time>2024-12-07T20:23:29.590000Z</time>
      </trkpt>
      <trkpt lat="41.703626" lon="45.294017">
        <ele>620.4</ele>
        <time>2024-12-07T20:23:31.549000Z</time>
      </trkpt>
      <trkpt lat="41.703648" lon="45.294151">
        <ele>620.2</ele>
        <time>2024-12-07T20:23:33.447000Z</time>
      </trkpt>
      <trkpt lat="41.703668" lon="45.294288">
        <ele>620</ele>
        <time>2024-12-07T20:23:35.379000Z</time>
      </trkpt>
      <trkpt lat="41.70369" lon="45.294421">
        <ele>619.9</ele>
        <time>2024-12-07T20:23:37.264000Z</time>
      </trkpt>
      <trkpt lat="41.703713" lon="45.294554">
        <ele>619.7</ele>
        <time>2024-12-07T20:23:39.153000Z</time>
      </trkpt>
      <trkpt lat="41.703733" lon="45.294689">
        <ele>619.6</ele>
        <time>2024-12-07T20:23:41.057000Z</time>
      </trkpt>
      <trkpt lat="41.703755" lon="45.294825">
        <ele>619.5</ele>
        <time>2024-12-07T20:23:42.983000Z</time>
      </trkpt>
      <trkpt lat="41.703774" lon="45.294959">
        <ele>619.4</ele>
        <time>2024-12-07T20:23:44.870000Z</time>
      </trkpt>
      <trkpt lat="41.703794" lon="45.29509">
        <ele>619.2</ele>
        <time>2024-12-07T20:23:46.720000Z</time>
      </trkpt>
      <trkpt lat="41.703813" lon="45.295223">
        <ele>619.1</ele>
        <time>2024-12-07T20:23:48.594000Z</time>
      </trkpt>
      <trkpt lat="41.703835" lon="45.295356">
        <ele>619</ele>
        <time>2024-12-07T20:23:50.479000Z</time>
      </trkpt>
      <trkpt lat="41.703855" lon="45.295492">
        <ele>618.9</ele>
        <time>2024-12-07T20:23:52.396000Z</time>
      </trkpt>
      <trkpt lat="41.703874" lon="45.295624">
        <ele>618.9</ele>
        <time>2024-12-07T20:23:54.257000Z</time>
      </trkpt>
      <trkpt lat="41.703896" lon="45.295757">
        <ele>618.9</ele>
        <time>2024-12-07T20:23:56.142000Z</time>
      </trkpt>
      <trkpt lat="41.703916" lon="45.295887">
        <ele>618.8</ele>
        <time>2024-12-07T20:23:57.978000Z</time>
      </trkpt>
      <trkpt lat="41.703935" lon="45.29602">
        <ele>618.8</ele>
        <time>2024-12-07T20:23:59.852000Z</time>
      </trkpt>
      <trkpt lat="41.703951" lon="45.29615">
        <ele>618.8</ele>
        <time>2024-12-07T20:24:01.675000Z</time>
      </trkpt>
      <trkpt lat="41.703963" lon="45.296276">
        <ele>618.8</ele>
        <time>2024-12-07T20:24:03.432000Z</time>
      </trkpt>
      <trkpt lat="41.703977" lon="45.296406">
        <ele>618.8</ele>
        <time>2024-12-07T20:24:05.250000Z</time>
      </trkpt>
      <trkpt lat="41.703989" lon="45.296533">
        <ele>618.9</ele>
        <time>2024-12-07T20:24:07.021000Z</time>
      </trkpt>
      <trkpt lat="41.704004" lon="45.296657">
        <ele>618.8</ele>
        <time>2024-12-07T20:24:08.758000Z</time>
      </trkpt>
      <trkpt lat="41.704016" lon="45.296782">
        <ele>618.8</ele>
        <time>2024-12-07T20:24:10.503000Z</time>
      </trkpt>
      <trkpt lat="41.704027" lon="45.29691">
        <ele>618.8</ele>
        <time>2024-12-07T20:24:12.286000Z</time>
      </trkpt>
      <trkpt lat="41.704036" lon="45.297033">
        <ele>618.8</ele>
        <time>2024-12-07T20:24:13.995000Z</time>
      </trkpt>
      <trkpt lat="41.704046" lon="45.29718">
        <ele>618.8</ele>
        <time>2024-12-07T20:24:16.038000Z</time>
      </trkpt>
      <trkpt lat="41.704055" lon="45.297287">
        <ele>618.7</ele>
        <time>2024-12-07T20:24:17.528000Z</time>
      </trkpt>
      <trkpt lat="41.704062" lon="45.297409">
        <ele>618.7</ele>
        <time>2024-12-07T20:24:19.220000Z</time>
      </trkpt>
      <trkpt lat="41.704067" lon="45.297532">
        <ele>618.7</ele>
        <time>2024-12-07T20:24:20.925000Z</time>
      </trkpt>
      <trkpt lat="41.704074" lon="45.297677">
        <ele>618.6</ele>
        <time>2024-12-07T20:24:22.935000Z</time>
      </trkpt>
      <trkpt lat="41.704078" lon="45.29778">
        <ele>618.6</ele>
        <time>2024-12-07T20:24:24.362000Z</time>
      </trkpt>
      <trkpt lat="41.704082" lon="45.297901">
        <ele>618.6</ele>
        <time>2024-12-07T20:24:26.038000Z</time>
      </trkpt>
      <trkpt lat="41.704082" lon="45.298044">
        <ele>618.6</ele>
        <time>2024-12-07T20:24:28.017000Z</time>
      </trkpt>
      <trkpt lat="41.704086" lon="45.298146">
        <ele>618.6</ele>
        <time>2024-12-07T20:24:29.430000Z</time>
      </trkpt>
      <trkpt lat="41.704086" lon="45.298264">
        <ele>618.5</ele>
        <time>2024-12-07T20:24:31.063000Z</time>
      </trkpt>
      <trkpt lat="41.704086" lon="45.298383">
        <ele>618.5</ele>
        <time>2024-12-07T20:24:32.709000Z</time>
      </trkpt>
      <trkpt lat="41.704086" lon="45.298498">
        <ele>618.6</ele>
        <time>2024-12-07T20:24:34.300000Z</time>
      </trkpt>
      <trkpt lat="41.704083" lon="45.298616">
        <ele>618.6</ele>
        <time>2024-12-07T20:24:35.934000Z</time>
      </trkpt>
      <trkpt lat="41.704079" lon="45.298731">
        <ele>618.6</ele>
        <time>2024-12-07T20:24:37.527000Z</time>
      </trkpt>
      <trkpt lat="41.704075" lon="45.298868">
        <ele>618.7</ele>
        <time>2024-12-07T20:24:39.424000Z</time>
      </trkpt>
      <trkpt lat="41.704072" lon="45.298967">
        <ele>618.7</ele>
        <time>2024-12-07T20:24:40.795000Z</time>
      </trkpt>
      <trkpt lat="41.704065" lon="45.299097">
        <ele>618.8</ele>
        <time>2024-12-07T20:24:42.599000Z</time>
      </trkpt>
      <trkpt lat="41.704057" lon="45.299215">
        <ele>618.9</ele>
        <time>2024-12-07T20:24:44.237000Z</time>
      </trkpt>
      <trkpt lat="41.704049" lon="45.29931">
        <ele>619</ele>
        <time>2024-12-07T20:24:45.561000Z</time>
      </trkpt>
      <trkpt lat="41.704042" lon="45.299421">
        <ele>619.2</ele>
        <time>2024-12-07T20:24:47.102000Z</time>
      </trkpt>
      <trkpt lat="41.704034" lon="45.299533">
        <ele>619.3</ele>
        <time>2024-12-07T20:24:48.659000Z</time>
      </trkpt>
      <trkpt lat="41.704023" lon="45.299646">
        <ele>619.5</ele>
        <time>2024-12-07T20:24:50.237000Z</time>
      </trkpt>
      <trkpt lat="41.704015" lon="45.299774">
        <ele>619.7</ele>
        <time>2024-12-07T20:24:52.014000Z</time>
      </trkpt>
      <trkpt lat="41.704007" lon="45.299865">
        <ele>619.9</ele>
        <time>2024-12-07T20:24:53.282000Z</time>
      </trkpt>
      <trkpt lat="41.703996" lon="45.299968">
        <ele>620.1</ele>
        <time>2024-12-07T20:24:54.722000Z</time>
      </trkpt>
      <trkpt lat="41.703982" lon="45.300091">
        <ele>620.3</ele>
        <time>2024-12-07T20:24:56.444000Z</time>
      </trkpt>
      <trkpt lat="41.70397" lon="45.300178">
        <ele>620.5</ele>
        <time>2024-12-07T20:24:57.669000Z</time>
      </trkpt>
      <trkpt lat="41.703958" lon="45.300281">
        <ele>620.7</ele>
        <time>2024-12-07T20:24:59.111000Z</time>
      </trkpt>
      <trkpt lat="41.703947" lon="45.30038">
        <ele>620.8</ele>
        <time>2024-12-07T20:25:00.496000Z</time>
      </trkpt>
      <trkpt lat="41.703939" lon="45.30048">
        <ele>620.9</ele>
        <time>2024-12-07T20:25:01.888000Z</time>
      </trkpt>
      <trkpt lat="41.703931" lon="45.300576">
        <ele>621</ele>
        <time>2024-12-07T20:25:03.224000Z</time>
      </trkpt>
      <trkpt lat="41.70392" lon="45.300691">
        <ele>621.1</ele>
        <time>2024-12-07T20:25:04.829000Z</time>
      </trkpt>
      <trkpt lat="41.703909" lon="45.300777">
        <ele>621.1</ele>
        <time>2024-12-07T20:25:06.036000Z</time>
      </trkpt>
      <trkpt lat="41.703897" lon="45.30087">
        <ele>621.2</ele>
        <time>2024-12-07T20:25:07.341000Z</time>
      </trkpt>
      <trkpt lat="41.703886" lon="45.300965">
        <ele>621.2</ele>
        <time>2024-12-07T20:25:08.672000Z</time>
      </trkpt>
      <trkpt lat="41.703878" lon="45.301057">
        <ele>621.3</ele>
        <time>2024-12-07T20:25:09.953000Z</time>
      </trkpt>
      <trkpt lat="41.703867" lon="45.301149">
        <ele>621.4</ele>
        <time>2024-12-07T20:25:11.243000Z</time>
      </trkpt>
      <trkpt lat="41.703855" lon="45.30124">
        <ele>621.6</ele>
        <time>2024-12-07T20:25:12.522000Z</time>
      </trkpt>
      <trkpt lat="41.703844" lon="45.301335">
        <ele>621.8</ele>
        <time>2024-12-07T20:25:13.852000Z</time>
      </trkpt>
      <trkpt lat="41.703836" lon="45.301427">
        <ele>622</ele>
        <time>2024-12-07T20:25:15.135000Z</time>
      </trkpt>
      <trkpt lat="41.703822" lon="45.301535">
        <ele>622.2</ele>
        <time>2024-12-07T20:25:16.651000Z</time>
      </trkpt>
      <trkpt lat="41.703813" lon="45.301629">
        <ele>622.4</ele>
        <time>2024-12-07T20:25:17.963000Z</time>
      </trkpt>
      <trkpt lat="41.703805" lon="45.301705">
        <ele>622.6</ele>
        <time>2024-12-07T20:25:19.025000Z</time>
      </trkpt>
      <trkpt lat="41.703794" lon="45.301807">
        <ele>622.8</ele>
        <time>2024-12-07T20:25:20.451000Z</time>
      </trkpt>
      <trkpt lat="41.703786" lon="45.3019">
        <ele>623</ele>
        <time>2024-12-07T20:25:21.748000Z</time>
      </trkpt>
      <trkpt lat="41.703775" lon="45.301976">
        <ele>623.1</ele>
        <time>2024-12-07T20:25:22.819000Z</time>
      </trkpt>
      <trkpt lat="41.703767" lon="45.302061">
        <ele>623.3</ele>
        <time>2024-12-07T20:25:24.005000Z</time>
      </trkpt>
      <trkpt lat="41.703756" lon="45.302152">
        <ele>623.5</ele>
        <time>2024-12-07T20:25:25.280000Z</time>
      </trkpt>
      <trkpt lat="41.703745" lon="45.302247">
        <ele>623.7</ele>
        <time>2024-12-07T20:25:26.612000Z</time>
      </trkpt>
      <trkpt lat="41.703733" lon="45.302355">
        <ele>623.9</ele>
        <time>2024-12-07T20:25:28.122000Z</time>
      </trkpt>
      <trkpt lat="41.703725" lon="45.302437">
        <ele>624.1</ele>
        <time>2024-12-07T20:25:29.267000Z</time>
      </trkpt>
      <trkpt lat="41.703717" lon="45.302526">
        <ele>624.3</ele>
        <time>2024-12-07T20:25:30.508000Z</time>
      </trkpt>
      <trkpt lat="41.703707" lon="45.302631">
        <ele>624.6</ele>
        <time>2024-12-07T20:25:31.973000Z</time>
      </trkpt>
      <trkpt lat="41.703702" lon="45.302708">
        <ele>624.8</ele>
        <time>2024-12-07T20:25:33.044000Z</time>
      </trkpt>
      <trkpt lat="41.703691" lon="45.3028">
        <ele>625</ele>
        <time>2024-12-07T20:25:34.333000Z</time>
      </trkpt>
      <trkpt lat="41.703683" lon="45.302893">
        <ele>625.3</ele>
        <time>2024-12-07T20:25:35.629000Z</time>
      </trkpt>
      <trkpt lat="41.703675" lon="45.302987">
        <ele>625.5</ele>
        <time>2024-12-07T20:25:36.938000Z</time>
      </trkpt>
      <trkpt lat="41.703668" lon="45.303095">
        <ele>625.8</ele>
        <time>2024-12-07T20:25:38.440000Z</time>
      </trkpt>
      <trkpt lat="41.70366" lon="45.303177">
        <ele>626</ele>
        <time>2024-12-07T20:25:39.584000Z</time>
      </trkpt>
      <trkpt lat="41.703653" lon="45.30327">
        <ele>626.3</ele>
        <time>2024-12-07T20:25:40.879000Z</time>
      </trkpt>
      <trkpt lat="41.703645" lon="45.303364">
        <ele>626.5</ele>
        <time>2024-12-07T20:25:42.188000Z</time>
      </trkpt>
      <trkpt lat="41.703641" lon="45.30346">
        <ele>626.8</ele>
        <time>2024-12-07T20:25:43.519000Z</time>
      </trkpt>
      <trkpt lat="41.70363" lon="45.303575">
        <ele>627.2</ele>
        <time>2024-12-07T20:25:45.124000Z</time>
      </trkpt>
      <trkpt lat="41.703629" lon="45.303658">
        <ele>627.5</ele>
        <time>2024-12-07T20:25:46.275000Z</time>
      </trkpt>
      <trkpt lat="41.703622" lon="45.303757">
        <ele>627.8</ele>
        <time>2024-12-07T20:25:47.652000Z</time>
      </trkpt>
      <trkpt lat="41.703618" lon="45.303872">
        <ele>628.2</ele>
        <time>2024-12-07T20:25:49.246000Z</time>
      </trkpt>
      <trkpt lat="41.703614" lon="45.303959">
        <ele>628.5</ele>
        <time>2024-12-07T20:25:50.453000Z</time>
      </trkpt>
      <trkpt lat="41.70361" lon="45.304058">
        <ele>628.8</ele>
        <time>2024-12-07T20:25:51.825000Z</time>
      </trkpt>
      <trkpt lat="41.703606" lon="45.304161">
        <ele>629</ele>
        <time>2024-12-07T20:25:53.253000Z</time>
      </trkpt>
      <trkpt lat="41.703602" lon="45.304264">
        <ele>629.1</ele>
        <time>2024-12-07T20:25:54.679000Z</time>
      </trkpt>
      <trkpt lat="41.703602" lon="45.304371">
        <ele>629.1</ele>
        <time>2024-12-07T20:25:56.160000Z</time>
      </trkpt>
      <trkpt lat="41.703602" lon="45.3045">
        <ele>629.1</ele>
        <time>2024-12-07T20:25:57.945000Z</time>
      </trkpt>
      <trkpt lat="41.703599" lon="45.304591">
        <ele>629</ele>
        <time>2024-12-07T20:25:59.206000Z</time>
      </trkpt>
      <trkpt lat="41.703601" lon="45.304697">
        <ele>629</ele>
        <time>2024-12-07T20:26:00.672000Z</time>
      </trkpt>
      <trkpt lat="41.703602" lon="45.304828">
        <ele>628.8</ele>
        <time>2024-12-07T20:26:02.486000Z</time>
      </trkpt>
      <trkpt lat="41.703599" lon="45.304926">
        <ele>628.6</ele>
        <time>2024-12-07T20:26:03.843000Z</time>
      </trkpt>
      <trkpt lat="41.703598" lon="45.305034">
        <ele>628.4</ele>
        <time>2024-12-07T20:26:05.338000Z</time>
      </trkpt>
      <trkpt lat="41.703595" lon="45.305144">
        <ele>628.1</ele>
        <time>2024-12-07T20:26:06.861000Z</time>
      </trkpt>
      <trkpt lat="41.703597" lon="45.305258">
        <ele>627.8</ele>
        <time>2024-12-07T20:26:08.440000Z</time>
      </trkpt>
      <trkpt lat="41.703601" lon="45.305389">
        <ele>627.3</ele>
        <time>2024-12-07T20:26:10.256000Z</time>
      </trkpt>
      <trkpt lat="41.703602" lon="45.305486">
        <ele>626.9</ele>
        <time>2024-12-07T20:26:11.599000Z</time>
      </trkpt>
      <trkpt lat="41.703605" lon="45.305601">
        <ele>626.4</ele>
        <time>2024-12-07T20:26:13.194000Z</time>
      </trkpt>
      <trkpt lat="41.703609" lon="45.305716">
        <ele>625.9</ele>
        <time>2024-12-07T20:26:14.789000Z</time>
      </trkpt>
      <trkpt lat="41.703613" lon="45.30583">
        <ele>625.3</ele>
        <time>2024-12-07T20:26:16.372000Z</time>
      </trkpt>
      <trkpt lat="41.70362" lon="45.305944">
        <ele>624.7</ele>
        <time>2024-12-07T20:26:17.958000Z</time>
      </trkpt>
      <trkpt lat="41.703627" lon="45.306086">
        <ele>623.9</ele>
        <time>2024-12-07T20:26:19.931000Z</time>
      </trkpt>
      <trkpt lat="41.703635" lon="45.306185">
        <ele>623.4</ele>
        <time>2024-12-07T20:26:21.312000Z</time>
      </trkpt>
      <trkpt lat="41.703643" lon="45.306302">
        <ele>622.7</ele>
        <time>2024-12-07T20:26:22.942000Z</time>
      </trkpt>
      <trkpt lat="41.70365" lon="45.306421">
        <ele>622</ele>
        <time>2024-12-07T20:26:24.597000Z</time>
      </trkpt>
      <trkpt lat="41.703655" lon="45.306559">
        <ele>621.2</ele>
        <time>2024-12-07T20:26:26.514000Z</time>
      </trkpt>
      <trkpt lat="41.703662" lon="45.306659">
        <ele>620.6</ele>
        <time>2024-12-07T20:26:27.906000Z</time>
      </trkpt>
      <trkpt lat="41.703669" lon="45.306774">
        <ele>620</ele>
        <time>2024-12-07T20:26:29.506000Z</time>
      </trkpt>
      <trkpt lat="41.70368" lon="45.306916">
        <ele>619.2</ele>
        <time>2024-12-07T20:26:31.486000Z</time>
      </trkpt>
      <trkpt lat="41.703691" lon="45.30702">
        <ele>618.7</ele>
        <time>2024-12-07T20:26:32.942000Z</time>
      </trkpt>
      <trkpt lat="41.703703" lon="45.307137">
        <ele>618</ele>
        <time>2024-12-07T20:26:34.580000Z</time>
      </trkpt>
      <trkpt lat="41.703715" lon="45.307259">
        <ele>617.4</ele>
        <time>2024-12-07T20:26:36.285000Z</time>
      </trkpt>
      <trkpt lat="41.703726" lon="45.307382">
        <ele>616.9</ele>
        <time>2024-12-07T20:26:38.002000Z</time>
      </trkpt>
      <trkpt lat="41.703737" lon="45.307503">
        <ele>616.4</ele>
        <time>2024-12-07T20:26:39.690000Z</time>
      </trkpt>
      <trkpt lat="41.703755" lon="45.307648">
        <ele>615.8</ele>
        <time>2024-12-07T20:26:41.726000Z</time>
      </trkpt>
      <trkpt lat="41.703768" lon="45.307755">
        <ele>615.4</ele>
        <time>2024-12-07T20:26:43.228000Z</time>
      </trkpt>
      <trkpt lat="41.703783" lon="45.307876">
        <ele>615</ele>
        <time>2024-12-07T20:26:44.926000Z</time>
      </trkpt>
      <trkpt lat="41.703798" lon="45.308002">
        <ele>614.7</ele>
        <time>2024-12-07T20:26:46.692000Z</time>
      </trkpt>
      <trkpt lat="41.703816" lon="45.308125">
        <ele>614.4</ele>
        <time>2024-12-07T20:26:48.427000Z</time>
      </trkpt>
      <trkpt lat="41.703832" lon="45.30825">
        <ele>614.2</ele>
        <time>2024-12-07T20:26:50.182000Z</time>
      </trkpt>
      <trkpt lat="41.703851" lon="45.308373">
        <ele>614</ele>
        <time>2024-12-07T20:26:51.921000Z</time>
      </trkpt>
      <trkpt lat="41.70387" lon="45.308498">
        <ele>613.8</ele>
        <time>2024-12-07T20:26:53.686000Z</time>
      </trkpt>
      <trkpt lat="41.703889" lon="45.308624">
        <ele>613.8</ele>
        <time>2024-12-07T20:26:55.464000Z</time>
      </trkpt>
      <trkpt lat="41.703911" lon="45.30875">
        <ele>613.8</ele>
        <time>2024-12-07T20:26:57.254000Z</time>
      </trkpt>
      <trkpt lat="41.703931" lon="45.308876">
        <ele>613.8</ele>
        <time>2024-12-07T20:26:59.037000Z</time>
      </trkpt>
      <trkpt lat="41.703953" lon="45.309002">
        <ele>613.8</ele>
        <time>2024-12-07T20:27:00.827000Z</time>
      </trkpt>
      <trkpt lat="41.703976" lon="45.309147">
        <ele>613.9</ele>
        <time>2024-12-07T20:27:02.878000Z</time>
      </trkpt>
      <trkpt lat="41.703996" lon="45.309254">
        <ele>613.9</ele>
        <time>2024-12-07T20:27:04.404000Z</time>
      </trkpt>
      <trkpt lat="41.704021" lon="45.309373">
        <ele>614</ele>
        <time>2024-12-07T20:27:06.115000Z</time>
      </trkpt>
      <trkpt lat="41.704045" lon="45.309498">
        <ele>614.1</ele>
        <time>2024-12-07T20:27:07.901000Z</time>
      </trkpt>
      <trkpt lat="41.704071" lon="45.309621">
        <ele>614.2</ele>
        <time>2024-12-07T20:27:09.670000Z</time>
      </trkpt>
      <trkpt lat="41.704094" lon="45.309743">
        <ele>614.3</ele>
        <time>2024-12-07T20:27:11.410000Z</time>
      </trkpt>
      <trkpt lat="41.70412" lon="45.309864">
        <ele>614.4</ele>
        <time>2024-12-07T20:27:13.153000Z</time>
      </trkpt>
      <trkpt lat="41.704147" lon="45.30999">
        <ele>614.6</ele>
        <time>2024-12-07T20:27:14.967000Z</time>
      </trkpt>
      <trkpt lat="41.704174" lon="45.310113">
        <ele>614.8</ele>
        <time>2024-12-07T20:27:16.742000Z</time>
      </trkpt>
      <trkpt lat="41.7042" lon="45.310234">
        <ele>615</ele>
        <time>2024-12-07T20:27:18.484000Z</time>
      </trkpt>
      <trkpt lat="41.704231" lon="45.310357">
        <ele>615.2</ele>
        <time>2024-12-07T20:27:20.281000Z</time>
      </trkpt>
      <trkpt lat="41.704258" lon="45.310479">
        <ele>615.5</ele>
        <time>2024-12-07T20:27:22.041000Z</time>
      </trkpt>
      <trkpt lat="41.704288" lon="45.310598">
        <ele>615.7</ele>
        <time>2024-12-07T20:27:23.780000Z</time>
      </trkpt>
      <trkpt lat="41.704318" lon="45.31072">
        <ele>615.9</ele>
        <time>2024-12-07T20:27:25.557000Z</time>
      </trkpt>
      <trkpt lat="41.704349" lon="45.310838">
        <ele>616</ele>
        <time>2024-12-07T20:27:27.288000Z</time>
      </trkpt>
      <trkpt lat="41.704379" lon="45.310953">
        <ele>616.2</ele>
        <time>2024-12-07T20:27:28.973000Z</time>
      </trkpt>
      <trkpt lat="41.704413" lon="45.311067">
        <ele>616.4</ele>
        <time>2024-12-07T20:27:30.672000Z</time>
      </trkpt>
      <trkpt lat="41.704444" lon="45.311182">
        <ele>616.5</ele>
        <time>2024-12-07T20:27:32.363000Z</time>
      </trkpt>
      <trkpt lat="41.704475" lon="45.311296">
        <ele>616.7</ele>
        <time>2024-12-07T20:27:34.042000Z</time>
      </trkpt>
      <trkpt lat="41.704515" lon="45.31143">
        <ele>616.8</ele>
        <time>2024-12-07T20:27:36.040000Z</time>
      </trkpt>
      <trkpt lat="41.704544" lon="45.311526">
        <ele>616.9</ele>
        <time>2024-12-07T20:27:37.473000Z</time>
      </trkpt>
      <trkpt lat="41.704574" lon="45.311636">
        <ele>616.9</ele>
        <time>2024-12-07T20:27:39.094000Z</time>
      </trkpt>
      <trkpt lat="41.704607" lon="45.311747">
        <ele>617</ele>
        <time>2024-12-07T20:27:40.746000Z</time>
      </trkpt>
      <trkpt lat="41.704642" lon="45.311858">
        <ele>617</ele>
        <time>2024-12-07T20:27:42.413000Z</time>
      </trkpt>
      <trkpt lat="41.704676" lon="45.311968">
        <ele>617</ele>
        <time>2024-12-07T20:27:44.062000Z</time>
      </trkpt>
      <trkpt lat="41.704714" lon="45.312082">
        <ele>617.1</ele>
        <time>2024-12-07T20:27:45.789000Z</time>
      </trkpt>
      <trkpt lat="41.704749" lon="45.312194">
        <ele>617.1</ele>
        <time>2024-12-07T20:27:47.469000Z</time>
      </trkpt>
      <trkpt lat="41.704783" lon="45.312308">
        <ele>617.2</ele>
        <time>2024-12-07T20:27:49.166000Z</time>
      </trkpt>
      <trkpt lat="41.704821" lon="45.312419">
        <ele>617.3</ele>
        <time>2024-12-07T20:27:50.855000Z</time>
      </trkpt>
      <trkpt lat="41.704856" lon="45.31253">
        <ele>617.3</ele>
        <time>2024-12-07T20:27:52.523000Z</time>
      </trkpt>
      <trkpt lat="41.70489" lon="45.312641">
        <ele>617.4</ele>
        <time>2024-12-07T20:27:54.184000Z</time>
      </trkpt>
      <trkpt lat="41.704928" lon="45.312747">
        <ele>617.4</ele>
        <time>2024-12-07T20:27:55.810000Z</time>
      </trkpt>
      <trkpt lat="41.704966" lon="45.312854">
        <ele>617.4</ele>
        <time>2024-12-07T20:27:57.450000Z</time>
      </trkpt>
      <trkpt lat="41.705004" lon="45.312961">
        <ele>617.5</ele>
        <time>2024-12-07T20:27:59.090000Z</time>
      </trkpt>
      <trkpt lat="41.705042" lon="45.313068">
        <ele>617.5</ele>
        <time>2024-12-07T20:28:00.729000Z</time>
      </trkpt>
      <trkpt lat="41.70508" lon="45.313174">
        <ele>617.6</ele>
        <time>2024-12-07T20:28:02.355000Z</time>
      </trkpt>
      <trkpt lat="41.705118" lon="45.313281">
        <ele>617.6</ele>
        <time>2024-12-07T20:28:03.995000Z</time>
      </trkpt>
      <trkpt lat="41.705156" lon="45.313388">
        <ele>617.7</ele>
        <time>2024-12-07T20:28:05.635000Z</time>
      </trkpt>
      <trkpt lat="41.705195" lon="45.313492">
        <ele>617.8</ele>
        <time>2024-12-07T20:28:07.246000Z</time>
      </trkpt>
      <trkpt lat="41.705233" lon="45.313599">
        <ele>617.9</ele>
        <time>2024-12-07T20:28:08.884000Z</time>
      </trkpt>
      <trkpt lat="41.705271" lon="45.313702">
        <ele>618</ele>
        <time>2024-12-07T20:28:10.474000Z</time>
      </trkpt>
      <trkpt lat="41.705306" lon="45.313805">
        <ele>618</ele>
        <time>2024-12-07T20:28:12.040000Z</time>
      </trkpt>
      <trkpt lat="41.705344" lon="45.313908">
        <ele>618.1</ele>
        <time>2024-12-07T20:28:13.630000Z</time>
      </trkpt>
      <trkpt lat="41.705378" lon="45.314011">
        <ele>618.1</ele>
        <time>2024-12-07T20:28:15.188000Z</time>
      </trkpt>
      <trkpt lat="41.705416" lon="45.314114">
        <ele>618.2</ele>
        <time>2024-12-07T20:28:16.777000Z</time>
      </trkpt>
      <trkpt lat="41.705453" lon="45.314213">
        <ele>618.2</ele>
        <time>2024-12-07T20:28:18.309000Z</time>
      </trkpt>
      <trkpt lat="41.705492" lon="45.314319">
        <ele>618.2</ele>
        <time>2024-12-07T20:28:19.943000Z</time>
      </trkpt>
      <trkpt lat="41.70553" lon="45.314423">
        <ele>618.3</ele>
        <time>2024-12-07T20:28:21.546000Z</time>
      </trkpt>
      <trkpt lat="41.705565" lon="45.314526">
        <ele>618.3</ele>
        <time>2024-12-07T20:28:23.112000Z</time>
      </trkpt>
      <trkpt lat="41.705599" lon="45.314628">
        <ele>618.3</ele>
        <time>2024-12-07T20:28:24.657000Z</time>
      </trkpt>
      <trkpt lat="41.705634" lon="45.314728">
        <ele>618.4</ele>
        <time>2024-12-07T20:28:26.185000Z</time>
      </trkpt>
      <trkpt lat="41.705668" lon="45.314831">
        <ele>618.4</ele>
        <time>2024-12-07T20:28:27.745000Z</time>
      </trkpt>
      <trkpt lat="41.705706" lon="45.314931">
        <ele>618.4</ele>
        <time>2024-12-07T20:28:29.297000Z</time>
      </trkpt>
      <trkpt lat="41.705737" lon="45.315029">
        <ele>618.4</ele>
        <time>2024-12-07T20:28:30.769000Z</time>
      </trkpt>
      <trkpt lat="41.705771" lon="45.315129">
        <ele>618.4</ele>
        <time>2024-12-07T20:28:32.290000Z</time>
      </trkpt>
      <trkpt lat="41.705802" lon="45.315231">
        <ele>618.5</ele>
        <time>2024-12-07T20:28:33.814000Z</time>
      </trkpt>
      <trkpt lat="41.705836" lon="45.315334">
        <ele>618.5</ele>
        <time>2024-12-07T20:28:35.371000Z</time>
      </trkpt>
      <trkpt lat="41.705867" lon="45.315434">
        <ele>618.5</ele>
        <time>2024-12-07T20:28:36.870000Z</time>
      </trkpt>
      <trkpt lat="41.705821" lon="45.315592">
        <ele>618.6</ele>
        <time>2024-12-07T20:28:39.212000Z</time>
      </trkpt>
      <trkpt lat="41.706246" lon="45.317665">
        <ele>620.2</ele>
        <time>2024-12-07T20:29:45.189000Z</time>
      </trkpt>
      <trkpt lat="41.706526" lon="45.319741">
        <ele>622.3</ele>
        <time>2024-12-07T20:30:52.097000Z</time>
      </trkpt>
      <trkpt lat="41.706658" lon="45.321264">
        <ele>622.9</ele>
        <time>2024-12-07T20:31:36.861000Z</time>
      </trkpt>
      <trkpt lat="41.706639" lon="45.323451">
        <ele>622.2</ele>
        <time>2024-12-07T20:32:34.776000Z</time>
      </trkpt>
      <trkpt lat="41.706526" lon="45.324135">
        <ele>621.7</ele>
        <time>2024-12-07T20:32:52.424000Z</time>
      </trkpt>
      <trkpt lat="41.706431" lon="45.324356">
        <ele>621.4</ele>
        <time>2024-12-07T20:32:58.773000Z</time>
      </trkpt>
      <trkpt lat="41.706369" lon="45.324503">
        <ele>621.3</ele>
        <time>2024-12-07T20:33:02.950000Z</time>
      </trkpt>
      <trkpt lat="41.70626" lon="45.324757">
        <ele>621</ele>
        <time>2024-12-07T20:33:10.129000Z</time>
      </trkpt>
      <trkpt lat="41.705695" lon="45.325437">
        <ele>619.7</ele>
        <time>2024-12-07T20:33:34.570000Z</time>
      </trkpt>
      <trkpt lat="41.705547" lon="45.325615">
        <ele>619.4</ele>
        <time>2024-12-07T20:33:40.907000Z</time>
      </trkpt>
      <trkpt lat="41.705096" lon="45.326009">
        <ele>618.4</ele>
        <time>2024-12-07T20:33:58.070000Z</time>
      </trkpt>
      <trkpt lat="41.704775" lon="45.326377">
        <ele>617.6</ele>
        <time>2024-12-07T20:34:11.538000Z</time>
      </trkpt>
      <trkpt lat="41.704546" lon="45.327367">
        <ele>616.5</ele>
        <time>2024-12-07T20:34:36.703000Z</time>
      </trkpt>
      <trkpt lat="41.704671" lon="45.328217">
        <ele>615.9</ele>
        <time>2024-12-07T20:34:58.797000Z</time>
      </trkpt>
      <trkpt lat="41.704913" lon="45.328909">
        <ele>615.8</ele>
        <time>2024-12-07T20:35:19.673000Z</time>
      </trkpt>
      <trkpt lat="41.705196" lon="45.329282">
        <ele>616.2</ele>
        <time>2024-12-07T20:35:35.845000Z</time>
      </trkpt>
      <trkpt lat="41.705314" lon="45.329393">
        <ele>616.4</ele>
        <time>2024-12-07T20:35:42.112000Z</time>
      </trkpt>
      <trkpt lat="41.705425" lon="45.32918">
        <ele>616.8</ele>
        <time>2024-12-07T20:35:45.701000Z</time>
      </trkpt>
      <trkpt lat="41.705471" lon="45.329211">
        <ele>616.9</ele>
        <time>2024-12-07T20:35:46.656000Z</time>
      </trkpt>
      <trkpt lat="41.705521" lon="45.329242">
        <ele>617.1</ele>
        <time>2024-12-07T20:35:47.676000Z</time>
      </trkpt>
      <trkpt lat="41.705574" lon="45.329273">
        <ele>617.2</ele>
        <time>2024-12-07T20:35:48.747000Z</time>
      </trkpt>
      <trkpt lat="41.705621" lon="45.3293">
        <ele>617.4</ele>
        <time>2024-12-07T20:35:49.696000Z</time>
      </trkpt>
      <trkpt lat="41.70567" lon="45.329323">
        <ele>617.5</ele>
        <time>2024-12-07T20:35:50.659000Z</time>
      </trkpt>
      <trkpt lat="41.705719" lon="45.329346">
        <ele>617.6</ele>
        <time>2024-12-07T20:35:51.621000Z</time>
      </trkpt>
      <trkpt lat="41.705769" lon="45.329366">
        <ele>617.8</ele>
        <time>2024-12-07T20:35:52.589000Z</time>
      </trkpt>
      <trkpt lat="41.705815" lon="45.329382">
        <ele>617.9</ele>
        <time>2024-12-07T20:35:53.470000Z</time>
      </trkpt>
      <trkpt lat="41.705864" lon="45.329397">
        <ele>618.1</ele>
        <time>2024-12-07T20:35:54.401000Z</time>
      </trkpt>
      <trkpt lat="41.705924" lon="45.329412">
        <ele>618.3</ele>
        <time>2024-12-07T20:35:55.533000Z</time>
      </trkpt>
      <trkpt lat="41.705965" lon="45.329421">
        <ele>618.4</ele>
        <time>2024-12-07T20:35:56.303000Z</time>
      </trkpt>
      <trkpt lat="41.706013" lon="45.329428">
        <ele>618.6</ele>
        <time>2024-12-07T20:35:57.199000Z</time>
      </trkpt>
      <trkpt lat="41.706063" lon="45.329433">
        <ele>618.8</ele>
        <time>2024-12-07T20:35:58.128000Z</time>
      </trkpt>
      <trkpt lat="41.706116" lon="45.32943">
        <ele>618.9</ele>
        <time>2024-12-07T20:35:59.112000Z</time>
      </trkpt>
      <trkpt lat="41.706169" lon="45.329423">
        <ele>619.1</ele>
        <time>2024-12-07T20:36:00.099000Z</time>
      </trkpt>
      <trkpt lat="41.706222" lon="45.329419">
        <ele>619.3</ele>
        <time>2024-12-07T20:36:01.083000Z</time>
      </trkpt>
      <trkpt lat="41.706276" lon="45.329415">
        <ele>619.5</ele>
        <time>2024-12-07T20:36:02.087000Z</time>
      </trkpt>
      <trkpt lat="41.706329" lon="45.329408">
        <ele>619.7</ele>
        <time>2024-12-07T20:36:03.074000Z</time>
      </trkpt>
      <trkpt lat="41.706382" lon="45.329397">
        <ele>619.9</ele>
        <time>2024-12-07T20:36:04.068000Z</time>
      </trkpt>
      <trkpt lat="41.706436" lon="45.329382">
        <ele>620.1</ele>
        <time>2024-12-07T20:36:05.090000Z</time>
      </trkpt>
      <trkpt lat="41.706492" lon="45.329364">
        <ele>620.3</ele>
        <time>2024-12-07T20:36:06.160000Z</time>
      </trkpt>
      <trkpt lat="41.706546" lon="45.329341">
        <ele>620.5</ele>
        <time>2024-12-07T20:36:07.210000Z</time>
      </trkpt>
      <trkpt lat="41.7066" lon="45.329315">
        <ele>620.8</ele>
        <time>2024-12-07T20:36:08.274000Z</time>
      </trkpt>
      <trkpt lat="41.706653" lon="45.329285">
        <ele>621</ele>
        <time>2024-12-07T20:36:09.340000Z</time>
      </trkpt>
      <trkpt lat="41.706707" lon="45.329251">
        <ele>621.2</ele>
        <time>2024-12-07T20:36:10.448000Z</time>
      </trkpt>
      <trkpt lat="41.706757" lon="45.329217">
        <ele>621.5</ele>
        <time>2024-12-07T20:36:11.488000Z</time>
      </trkpt>
      <trkpt lat="41.70681" lon="45.32918">
        <ele>621.7</ele>
        <time>2024-12-07T20:36:12.595000Z</time>
      </trkpt>
      <trkpt lat="41.70686" lon="45.329135">
        <ele>622</ele>
        <time>2024-12-07T20:36:13.713000Z</time>
      </trkpt>
      <trkpt lat="41.706909" lon="45.329086">
        <ele>622.2</ele>
        <time>2024-12-07T20:36:14.848000Z</time>
      </trkpt>
      <trkpt lat="41.706962" lon="45.329037">
        <ele>622.5</ele>
        <time>2024-12-07T20:36:16.041000Z</time>
      </trkpt>
      <trkpt lat="41.707012" lon="45.328984">
        <ele>622.7</ele>
        <time>2024-12-07T20:36:17.223000Z</time>
      </trkpt>
      <trkpt lat="41.707065" lon="45.328927">
        <ele>623</ele>
        <time>2024-12-07T20:36:18.485000Z</time>
      </trkpt>
      <trkpt lat="41.707115" lon="45.32887">
        <ele>623.2</ele>
        <time>2024-12-07T20:36:19.702000Z</time>
      </trkpt>
      <trkpt lat="41.707168" lon="45.328813">
        <ele>623.5</ele>
        <time>2024-12-07T20:36:20.963000Z</time>
      </trkpt>
      <trkpt lat="41.707218" lon="45.328755">
        <ele>623.8</ele>
        <time>2024-12-07T20:36:22.189000Z</time>
      </trkpt>
      <trkpt lat="41.707271" lon="45.328695">
        <ele>624</ele>
        <time>2024-12-07T20:36:23.475000Z</time>
      </trkpt>
      <trkpt lat="41.707338" lon="45.328627">
        <ele>624.4</ele>
        <time>2024-12-07T20:36:25.035000Z</time>
      </trkpt>
      <trkpt lat="41.707387" lon="45.328581">
        <ele>624.6</ele>
        <time>2024-12-07T20:36:26.143000Z</time>
      </trkpt>
      <trkpt lat="41.707443" lon="45.328529">
        <ele>624.9</ele>
        <time>2024-12-07T20:36:27.407000Z</time>
      </trkpt>
      <trkpt lat="41.707503" lon="45.328486">
        <ele>625.1</ele>
        <time>2024-12-07T20:36:28.669000Z</time>
      </trkpt>
      <trkpt lat="41.707567" lon="45.328447">
        <ele>625.4</ele>
        <time>2024-12-07T20:36:29.973000Z</time>
      </trkpt>
      <trkpt lat="41.707632" lon="45.328412">
        <ele>625.6</ele>
        <time>2024-12-07T20:36:31.272000Z</time>
      </trkpt>
      <trkpt lat="41.707697" lon="45.328378">
        <ele>625.9</ele>
        <time>2024-12-07T20:36:32.566000Z</time>
      </trkpt>
      <trkpt lat="41.707765" lon="45.328347">
        <ele>626.2</ele>
        <time>2024-12-07T20:36:33.898000Z</time>
      </trkpt>
      <trkpt lat="41.707834" lon="45.328316">
        <ele>626.4</ele>
        <time>2024-12-07T20:36:35.247000Z</time>
      </trkpt>
      <trkpt lat="41.707902" lon="45.328289">
        <ele>626.7</ele>
        <time>2024-12-07T20:36:36.562000Z</time>
      </trkpt>
      <trkpt lat="41.707974" lon="45.328262">
        <ele>626.9</ele>
        <time>2024-12-07T20:36:37.948000Z</time>
      </trkpt>
      <trkpt lat="41.708044" lon="45.328236">
        <ele>627.2</ele>
        <time>2024-12-07T20:36:39.296000Z</time>
      </trkpt>
      <trkpt lat="41.708115" lon="45.328209">
        <ele>627.5</ele>
        <time>2024-12-07T20:36:40.665000Z</time>
      </trkpt>
      <trkpt lat="41.708188" lon="45.328182">
        <ele>627.8</ele>
        <time>2024-12-07T20:36:42.069000Z</time>
      </trkpt>
      <trkpt lat="41.708257" lon="45.328153">
        <ele>628</ele>
        <time>2024-12-07T20:36:43.410000Z</time>
      </trkpt>
      <trkpt lat="41.708329" lon="45.328119">
        <ele>628.3</ele>
        <time>2024-12-07T20:36:44.825000Z</time>
      </trkpt>
      <trkpt lat="41.708398" lon="45.328084">
        <ele>628.5</ele>
        <time>2024-12-07T20:36:46.193000Z</time>
      </trkpt>
      <trkpt lat="41.70847" lon="45.328047">
        <ele>628.8</ele>
        <time>2024-12-07T20:36:47.623000Z</time>
      </trkpt>
      <trkpt lat="41.708539" lon="45.328002">
        <ele>629</ele>
        <time>2024-12-07T20:36:49.045000Z</time>
      </trkpt>
      <trkpt lat="41.708605" lon="45.327956">
        <ele>629.3</ele>
        <time>2024-12-07T20:36:50.426000Z</time>
      </trkpt>
      <trkpt lat="41.708667" lon="45.327904">
        <ele>629.5</ele>
        <time>2024-12-07T20:36:51.781000Z</time>
      </trkpt>
      <trkpt lat="41.708731" lon="45.327847">
        <ele>629.8</ele>
        <time>2024-12-07T20:36:53.206000Z</time>
      </trkpt>
      <trkpt lat="41.708789" lon="45.327784">
        <ele>630</ele>
        <time>2024-12-07T20:36:54.591000Z</time>
      </trkpt>
      <trkpt lat="41.708846" lon="45.327716">
        <ele>630.2</ele>
        <time>2024-12-07T20:36:56.005000Z</time>
      </trkpt>
      <trkpt lat="41.708904" lon="45.327646">
        <ele>630.4</ele>
        <time>2024-12-07T20:36:57.453000Z</time>
      </trkpt>
      <trkpt lat="41.708954" lon="45.327575">
        <ele>630.5</ele>
        <time>2024-12-07T20:36:58.803000Z</time>
      </trkpt>
      <trkpt lat="41.709" lon="45.327499">
        <ele>630.6</ele>
        <time>2024-12-07T20:37:00.157000Z</time>
      </trkpt>
      <trkpt lat="41.709043" lon="45.32742">
        <ele>630.8</ele>
        <time>2024-12-07T20:37:01.510000Z</time>
      </trkpt>
      <trkpt lat="41.709079" lon="45.327336">
        <ele>630.9</ele>
        <time>2024-12-07T20:37:02.850000Z</time>
      </trkpt>
      <trkpt lat="41.709116" lon="45.327253">
        <ele>631</ele>
        <time>2024-12-07T20:37:04.188000Z</time>
      </trkpt>
      <trkpt lat="41.709158" lon="45.327171">
        <ele>631.1</ele>
        <time>2024-12-07T20:37:05.563000Z</time>
      </trkpt>
      <trkpt lat="41.709196" lon="45.327091">
        <ele>631.2</ele>
        <time>2024-12-07T20:37:06.876000Z</time>
      </trkpt>
      <trkpt lat="41.709241" lon="45.327015">
        <ele>631.3</ele>
        <time>2024-12-07T20:37:08.218000Z</time>
      </trkpt>
      <trkpt lat="41.709287" lon="45.326942">
        <ele>631.4</ele>
        <time>2024-12-07T20:37:09.540000Z</time>
      </trkpt>
      <trkpt lat="41.709329" lon="45.326869">
        <ele>631.5</ele>
        <time>2024-12-07T20:37:10.814000Z</time>
      </trkpt>
      <trkpt lat="41.709361" lon="45.32679">
        <ele>631.5</ele>
        <time>2024-12-07T20:37:12.058000Z</time>
      </trkpt>
      <trkpt lat="41.709372" lon="45.326707">
        <ele>631.5</ele>
        <time>2024-12-07T20:37:13.224000Z</time>
      </trkpt>
      <trkpt lat="41.709367" lon="45.32662">
        <ele>631.5</ele>
        <time>2024-12-07T20:37:14.431000Z</time>
      </trkpt>
      <trkpt lat="41.709343" lon="45.326551">
        <ele>631.5</ele>
        <time>2024-12-07T20:37:15.485000Z</time>
      </trkpt>
      <trkpt lat="41.709297" lon="45.326513">
        <ele>631.5</ele>
        <time>2024-12-07T20:37:16.487000Z</time>
      </trkpt>
      <trkpt lat="41.709237" lon="45.326501">
        <ele>631.5</ele>
        <time>2024-12-07T20:37:17.610000Z</time>
      </trkpt>
      <trkpt lat="41.709186" lon="45.326503">
        <ele>631.5</ele>
        <time>2024-12-07T20:37:18.556000Z</time>
      </trkpt>
      <trkpt lat="41.709156" lon="45.326504">
        <ele>631.5</ele>
        <time>2024-12-07T20:37:19.113000Z</time>
      </trkpt>
      <trkpt lat="41.709139" lon="45.32651">
        <ele>631.5</ele>
        <time>2024-12-07T20:37:19.439000Z</time>
      </trkpt>
      <trkpt lat="41.709127" lon="45.326515">
        <ele>631.5</ele>
        <time>2024-12-07T20:37:19.671000Z</time>
      </trkpt>
      <trkpt lat="41.709116" lon="45.326528">
        <ele>631.5</ele>
        <time>2024-12-07T20:37:19.943000Z</time>
      </trkpt>
      <trkpt lat="41.709108" lon="45.326553">
        <ele>631.5</ele>
        <time>2024-12-07T20:37:20.320000Z</time>
      </trkpt>
      <trkpt lat="41.7091" lon="45.326583">
        <ele>631.4</ele>
        <time>2024-12-07T20:37:20.760000Z</time>
      </trkpt>
      <trkpt lat="41.709102" lon="45.326627">
        <ele>631.4</ele>
        <time>2024-12-07T20:37:21.370000Z</time>
      </trkpt>
      <trkpt lat="41.709106" lon="45.326679">
        <ele>631.4</ele>
        <time>2024-12-07T20:37:22.094000Z</time>
      </trkpt>
      <trkpt lat="41.70911" lon="45.326719">
        <ele>631.3</ele>
        <time>2024-12-07T20:37:22.652000Z</time>
      </trkpt>
      <trkpt lat="41.709117" lon="45.326774">
        <ele>631.3</ele>
        <time>2024-12-07T20:37:23.423000Z</time>
      </trkpt>
      <trkpt lat="41.709118" lon="45.326838">
        <ele>631.2</ele>
        <time>2024-12-07T20:37:24.310000Z</time>
      </trkpt>
      <trkpt lat="41.709108" lon="45.326916">
        <ele>631.1</ele>
        <time>2024-12-07T20:37:25.404000Z</time>
      </trkpt>
      <trkpt lat="41.70909" lon="45.326996">
        <ele>631</ele>
        <time>2024-12-07T20:37:26.561000Z</time>
      </trkpt>
      <trkpt lat="41.709061" lon="45.327082">
        <ele>630.9</ele>
        <time>2024-12-07T20:37:27.867000Z</time>
      </trkpt>
      <trkpt lat="41.709021" lon="45.32717">
        <ele>630.7</ele>
        <time>2024-12-07T20:37:29.292000Z</time>
      </trkpt>
      <trkpt lat="41.708979" lon="45.327258">
        <ele>630.6</ele>
        <time>2024-12-07T20:37:30.737000Z</time>
      </trkpt>
      <trkpt lat="41.708931" lon="45.327349">
        <ele>630.4</ele>
        <time>2024-12-07T20:37:32.279000Z</time>
      </trkpt>
      <trkpt lat="41.708878" lon="45.32744">
        <ele>630.2</ele>
        <time>2024-12-07T20:37:33.876000Z</time>
      </trkpt>
      <trkpt lat="41.708821" lon="45.327529">
        <ele>629.9</ele>
        <time>2024-12-07T20:37:35.499000Z</time>
      </trkpt>
      <trkpt lat="41.708764" lon="45.32761">
        <ele>629.7</ele>
        <time>2024-12-07T20:37:37.039000Z</time>
      </trkpt>
      <trkpt lat="41.708707" lon="45.32768">
        <ele>629.5</ele>
        <time>2024-12-07T20:37:38.473000Z</time>
      </trkpt>
      <trkpt lat="41.708646" lon="45.327742">
        <ele>629.3</ele>
        <time>2024-12-07T20:37:39.893000Z</time>
      </trkpt>
      <trkpt lat="41.708579" lon="45.327803">
        <ele>629</ele>
        <time>2024-12-07T20:37:41.396000Z</time>
      </trkpt>
      <trkpt lat="41.708526" lon="45.327841">
        <ele>628.9</ele>
        <time>2024-12-07T20:37:42.509000Z</time>
      </trkpt>
      <trkpt lat="41.708467" lon="45.327882">
        <ele>628.7</ele>
        <time>2024-12-07T20:37:43.742000Z</time>
      </trkpt>
      <trkpt lat="41.708393" lon="45.327928">
        <ele>628.4</ele>
        <time>2024-12-07T20:37:45.255000Z</time>
      </trkpt>
      <trkpt lat="41.708336" lon="45.327954">
        <ele>628.2</ele>
        <time>2024-12-07T20:37:46.371000Z</time>
      </trkpt>
      <trkpt lat="41.708273" lon="45.32798">
        <ele>628</ele>
        <time>2024-12-07T20:37:47.592000Z</time>
      </trkpt>
      <trkpt lat="41.708205" lon="45.328003">
        <ele>627.8</ele>
        <time>2024-12-07T20:37:48.894000Z</time>
      </trkpt>
      <trkpt lat="41.708133" lon="45.32802">
        <ele>627.5</ele>
        <time>2024-12-07T20:37:50.249000Z</time>
      </trkpt>
      <trkpt lat="41.70806" lon="45.328032">
        <ele>627.3</ele>
        <time>2024-12-07T20:37:51.613000Z</time>
      </trkpt>
      <trkpt lat="41.707985" lon="45.32804">
        <ele>627</ele>
        <time>2024-12-07T20:37:53.007000Z</time>
      </trkpt>
      <trkpt lat="41.707905" lon="45.328041">
        <ele>626.7</ele>
        <time>2024-12-07T20:37:54.491000Z</time>
      </trkpt>
      <trkpt lat="41.707826" lon="45.328035">
        <ele>626.4</ele>
        <time>2024-12-07T20:37:55.958000Z</time>
      </trkpt>
      <trkpt lat="41.707745" lon="45.328024">
        <ele>626.2</ele>
        <time>2024-12-07T20:37:57.468000Z</time>
      </trkpt>
      <trkpt lat="41.707668" lon="45.328002">
        <ele>625.9</ele>
        <time>2024-12-07T20:37:58.927000Z</time>
      </trkpt>
      <trkpt lat="41.707585" lon="45.327973">
        <ele>625.6</ele>
        <time>2024-12-07T20:38:00.517000Z</time>
      </trkpt>
      <trkpt lat="41.707508" lon="45.327936">
        <ele>625.4</ele>
        <time>2024-12-07T20:38:02.034000Z</time>
      </trkpt>
      <trkpt lat="41.707428" lon="45.327891">
        <ele>625.1</ele>
        <time>2024-12-07T20:38:03.643000Z</time>
      </trkpt>
      <trkpt lat="41.707351" lon="45.327839">
        <ele>624.9</ele>
        <time>2024-12-07T20:38:05.241000Z</time>
      </trkpt>
      <trkpt lat="41.707272" lon="45.327779">
        <ele>624.6</ele>
        <time>2024-12-07T20:38:06.925000Z</time>
      </trkpt>
      <trkpt lat="41.707199" lon="45.327709">
        <ele>624.4</ele>
        <time>2024-12-07T20:38:08.590000Z</time>
      </trkpt>
      <trkpt lat="41.707128" lon="45.327629">
        <ele>624.2</ele>
        <time>2024-12-07T20:38:10.309000Z</time>
      </trkpt>
      <trkpt lat="41.707057" lon="45.327533">
        <ele>624</ele>
        <time>2024-12-07T20:38:12.179000Z</time>
      </trkpt>
      <trkpt lat="41.706995" lon="45.327431">
        <ele>623.9</ele>
        <time>2024-12-07T20:38:13.999000Z</time>
      </trkpt>
      <trkpt lat="41.706937" lon="45.327321">
        <ele>623.7</ele>
        <time>2024-12-07T20:38:15.862000Z</time>
      </trkpt>
      <trkpt lat="41.706889" lon="45.327204">
        <ele>623.6</ele>
        <time>2024-12-07T20:38:17.709000Z</time>
      </trkpt>
      <trkpt lat="41.706843" lon="45.327079">
        <ele>623.4</ele>
        <time>2024-12-07T20:38:19.638000Z</time>
      </trkpt>
      <trkpt lat="41.706807" lon="45.326947">
        <ele>623.3</ele>
        <time>2024-12-07T20:38:21.582000Z</time>
      </trkpt>
      <trkpt lat="41.70678" lon="45.32681">
        <ele>623.3</ele>
        <time>2024-12-07T20:38:23.542000Z</time>
      </trkpt>
      <trkpt lat="41.706759" lon="45.32667">
        <ele>623.2</ele>
        <time>2024-12-07T20:38:25.518000Z</time>
      </trkpt>
      <trkpt lat="41.706747" lon="45.326529">
        <ele>623.2</ele>
        <time>2024-12-07T20:38:27.482000Z</time>
      </trkpt>
      <trkpt lat="41.706742" lon="45.32638">
        <ele>623.1</ele>
        <time>2024-12-07T20:38:29.545000Z</time>
      </trkpt>
      <trkpt lat="41.706741" lon="45.326235">
        <ele>623.1</ele>
        <time>2024-12-07T20:38:31.551000Z</time>
      </trkpt>
      <trkpt lat="41.706745" lon="45.326094">
        <ele>623.1</ele>
        <time>2024-12-07T20:38:33.504000Z</time>
      </trkpt>
      <trkpt lat="41.706745" lon="45.325953">
        <ele>623.1</ele>
        <time>2024-12-07T20:38:35.455000Z</time>
      </trkpt>
      <trkpt lat="41.706748" lon="45.325811">
        <ele>623.1</ele>
        <time>2024-12-07T20:38:37.420000Z</time>
      </trkpt>
      <trkpt lat="41.706752" lon="45.325677">
        <ele>623.1</ele>
        <time>2024-12-07T20:38:39.276000Z</time>
      </trkpt>
      <trkpt lat="41.706965" lon="45.325599">
        <ele>623.2</ele>
        <time>2024-12-07T20:38:43.369000Z</time>
      </trkpt>
      <trkpt lat="41.706912" lon="45.325313">
        <ele>623.4</ele>
        <time>2024-12-07T20:38:47.446000Z</time>
      </trkpt>
      <trkpt lat="41.706937" lon="45.324994">
        <ele>623.5</ele>
        <time>2024-12-07T20:38:51.885000Z</time>
      </trkpt>
      <trkpt lat="41.706937" lon="45.324994">
        <ele>623.5</ele>
        <time>2024-12-07T20:38:51.892000Z</time>
      </trkpt>
      <trkpt lat="41.706952" lon="45.324812">
        <ele>623.6</ele>
        <time>2024-12-07T20:38:54.975000Z</time>
      </trkpt>
      <trkpt lat="41.706974" lon="45.324532">
        <ele>623.7</ele>
        <time>2024-12-07T20:38:59.725000Z</time>
      </trkpt>
      <trkpt lat="41.707037" lon="45.32393">
        <ele>624</ele>
        <time>2024-12-07T20:39:10.022000Z</time>
      </trkpt>
      <trkpt lat="41.707185" lon="45.321904">
        <ele>624.8</ele>
        <time>2024-12-07T20:39:43.902000Z</time>
      </trkpt>
      <trkpt lat="41.707126" lon="45.320873">
        <ele>624.5</ele>
        <time>2024-12-07T20:39:58.420000Z</time>
      </trkpt>
      <trkpt lat="41.70707" lon="45.319895">
        <ele>623.8</ele>
        <time>2024-12-07T20:40:11.172000Z</time>
      </trkpt>
      <trkpt lat="41.706856" lon="45.317445">
        <ele>622</ele>
        <time>2024-12-07T20:40:43.246000Z</time>
      </trkpt>
      <trkpt lat="41.706342" lon="45.315314">
        <ele>620.2</ele>
        <time>2024-12-07T20:41:12.121000Z</time>
      </trkpt>
      <trkpt lat="41.706342" lon="45.315314">
        <ele>620.2</ele>
        <time>2024-12-07T20:41:12.127000Z</time>
      </trkpt>
      <trkpt lat="41.70609" lon="45.315448">
        <ele>620.1</ele>
        <time>2024-12-07T20:41:17.153000Z</time>
      </trkpt>
      <trkpt lat="41.706038" lon="45.315273">
        <ele>620</ele>
        <time>2024-12-07T20:41:19.759000Z</time>
      </trkpt>
      <trkpt lat="41.705996" lon="45.315147">
        <ele>620</ele>
        <time>2024-12-07T20:41:21.668000Z</time>
      </trkpt>
      <trkpt lat="41.705954" lon="45.315018">
        <ele>619.9</ele>
        <time>2024-12-07T20:41:23.615000Z</time>
      </trkpt>
      <trkpt lat="41.705912" lon="45.314884">
        <ele>619.9</ele>
        <time>2024-12-07T20:41:25.626000Z</time>
      </trkpt>
      <trkpt lat="41.705873" lon="45.314752">
        <ele>619.9</ele>
        <time>2024-12-07T20:41:27.590000Z</time>
      </trkpt>
      <trkpt lat="41.705829" lon="45.314624">
        <ele>619.8</ele>
        <time>2024-12-07T20:41:29.540000Z</time>
      </trkpt>
      <trkpt lat="41.705777" lon="45.314492">
        <ele>619.8</ele>
        <time>2024-12-07T20:41:31.605000Z</time>
      </trkpt>
      <trkpt lat="41.70573" lon="45.314362">
        <ele>619.7</ele>
        <time>2024-12-07T20:41:33.603000Z</time>
      </trkpt>
      <trkpt lat="41.705684" lon="45.314232">
        <ele>619.7</ele>
        <time>2024-12-07T20:41:35.594000Z</time>
      </trkpt>
      <trkpt lat="41.705638" lon="45.314099">
        <ele>619.7</ele>
        <time>2024-12-07T20:41:37.621000Z</time>
      </trkpt>
      <trkpt lat="41.705589" lon="45.313969">
        <ele>619.7</ele>
        <time>2024-12-07T20:41:39.637000Z</time>
      </trkpt>
      <trkpt lat="41.705539" lon="45.313836">
        <ele>619.6</ele>
        <time>2024-12-07T20:41:41.697000Z</time>
      </trkpt>
      <trkpt lat="41.705493" lon="45.313706">
        <ele>619.6</ele>
        <time>2024-12-07T20:41:43.687000Z</time>
      </trkpt>
      <trkpt lat="41.705444" lon="45.313573">
        <ele>619.5</ele>
        <time>2024-12-07T20:41:45.740000Z</time>
      </trkpt>
      <trkpt lat="41.705394" lon="45.313433">
        <ele>619.5</ele>
        <time>2024-12-07T20:41:47.887000Z</time>
      </trkpt>
      <trkpt lat="41.705345" lon="45.313295">
        <ele>619.4</ele>
        <time>2024-12-07T20:41:50.002000Z</time>
      </trkpt>
      <trkpt lat="41.705299" lon="45.313154">
        <ele>619.4</ele>
        <time>2024-12-07T20:41:52.131000Z</time>
      </trkpt>
      <trkpt lat="41.705253" lon="45.313013">
        <ele>619.3</ele>
        <time>2024-12-07T20:41:54.259000Z</time>
      </trkpt>
      <trkpt lat="41.705204" lon="45.312875">
        <ele>619.3</ele>
        <time>2024-12-07T20:41:56.373000Z</time>
      </trkpt>
      <trkpt lat="41.705154" lon="45.312741">
        <ele>619.2</ele>
        <time>2024-12-07T20:41:58.446000Z</time>
      </trkpt>
      <trkpt lat="41.705105" lon="45.312608">
        <ele>619.2</ele>
        <time>2024-12-07T20:42:00.499000Z</time>
      </trkpt>
      <trkpt lat="41.705058" lon="45.312471">
        <ele>619.1</ele>
        <time>2024-12-07T20:42:02.584000Z</time>
      </trkpt>
      <trkpt lat="41.705003" lon="45.312311">
        <ele>619.1</ele>
        <time>2024-12-07T20:42:05.021000Z</time>
      </trkpt>
      <trkpt lat="41.704965" lon="45.312192">
        <ele>619</ele>
        <time>2024-12-07T20:42:06.812000Z</time>
      </trkpt>
      <trkpt lat="41.704921" lon="45.312062">
        <ele>619</ele>
        <time>2024-12-07T20:42:08.787000Z</time>
      </trkpt>
      <trkpt lat="41.704875" lon="45.311928">
        <ele>618.9</ele>
        <time>2024-12-07T20:42:10.828000Z</time>
      </trkpt>
      <trkpt lat="41.704833" lon="45.311795">
        <ele>618.8</ele>
        <time>2024-12-07T20:42:12.826000Z</time>
      </trkpt>
      <trkpt lat="41.704791" lon="45.311662">
        <ele>618.7</ele>
        <time>2024-12-07T20:42:14.824000Z</time>
      </trkpt>
      <trkpt lat="41.70475" lon="45.31153">
        <ele>618.7</ele>
        <time>2024-12-07T20:42:16.802000Z</time>
      </trkpt>
      <trkpt lat="41.704707" lon="45.311389">
        <ele>618.5</ele>
        <time>2024-12-07T20:42:18.910000Z</time>
      </trkpt>
      <trkpt lat="41.704668" lon="45.311254">
        <ele>618.4</ele>
        <time>2024-12-07T20:42:20.913000Z</time>
      </trkpt>
      <trkpt lat="41.70463" lon="45.31112">
        <ele>618.1</ele>
        <time>2024-12-07T20:42:22.896000Z</time>
      </trkpt>
      <trkpt lat="41.704592" lon="45.310987">
        <ele>617.9</ele>
        <time>2024-12-07T20:42:24.867000Z</time>
      </trkpt>
      <trkpt lat="41.704557" lon="45.310853">
        <ele>617.6</ele>
        <time>2024-12-07T20:42:26.832000Z</time>
      </trkpt>
      <trkpt lat="41.704522" lon="45.310716">
        <ele>617.4</ele>
        <time>2024-12-07T20:42:28.835000Z</time>
      </trkpt>
      <trkpt lat="41.704491" lon="45.310578">
        <ele>617.1</ele>
        <time>2024-12-07T20:42:30.830000Z</time>
      </trkpt>
      <trkpt lat="41.704458" lon="45.310445">
        <ele>616.8</ele>
        <time>2024-12-07T20:42:32.769000Z</time>
      </trkpt>
      <trkpt lat="41.704423" lon="45.310312">
        <ele>616.6</ele>
        <time>2024-12-07T20:42:34.722000Z</time>
      </trkpt>
      <trkpt lat="41.704392" lon="45.310181">
        <ele>616.3</ele>
        <time>2024-12-07T20:42:36.623000Z</time>
      </trkpt>
      <trkpt lat="41.704362" lon="45.310048">
        <ele>616</ele>
        <time>2024-12-07T20:42:38.547000Z</time>
      </trkpt>
      <trkpt lat="41.704331" lon="45.309911">
        <ele>615.8</ele>
        <time>2024-12-07T20:42:40.527000Z</time>
      </trkpt>
      <trkpt lat="41.704304" lon="45.309777">
        <ele>615.6</ele>
        <time>2024-12-07T20:42:42.448000Z</time>
      </trkpt>
      <trkpt lat="41.704277" lon="45.309644">
        <ele>615.4</ele>
        <time>2024-12-07T20:42:44.356000Z</time>
      </trkpt>
      <trkpt lat="41.704251" lon="45.30951">
        <ele>615.2</ele>
        <time>2024-12-07T20:42:46.271000Z</time>
      </trkpt>
      <trkpt lat="41.704224" lon="45.309377">
        <ele>615.1</ele>
        <time>2024-12-07T20:42:48.178000Z</time>
      </trkpt>
      <trkpt lat="41.7042" lon="45.309246">
        <ele>615</ele>
        <time>2024-12-07T20:42:50.045000Z</time>
      </trkpt>
      <trkpt lat="41.704178" lon="45.309117">
        <ele>614.9</ele>
        <time>2024-12-07T20:42:51.876000Z</time>
      </trkpt>
      <trkpt lat="41.704155" lon="45.308987">
        <ele>614.8</ele>
        <time>2024-12-07T20:42:53.724000Z</time>
      </trkpt>
      <trkpt lat="41.704132" lon="45.30886">
        <ele>614.8</ele>
        <time>2024-12-07T20:42:55.532000Z</time>
      </trkpt>
      <trkpt lat="41.704112" lon="45.308731">
        <ele>614.8</ele>
        <time>2024-12-07T20:42:57.355000Z</time>
      </trkpt>
      <trkpt lat="41.704093" lon="45.308608">
        <ele>614.8</ele>
        <time>2024-12-07T20:42:59.094000Z</time>
      </trkpt>
      <trkpt lat="41.704074" lon="45.308486">
        <ele>614.9</ele>
        <time>2024-12-07T20:43:00.817000Z</time>
      </trkpt>
      <trkpt lat="41.704058" lon="45.308364">
        <ele>615</ele>
        <time>2024-12-07T20:43:02.532000Z</time>
      </trkpt>
      <trkpt lat="41.70404" lon="45.308242">
        <ele>615.2</ele>
        <time>2024-12-07T20:43:04.253000Z</time>
      </trkpt>
      <trkpt lat="41.704024" lon="45.308123">
        <ele>615.5</ele>
        <time>2024-12-07T20:43:05.926000Z</time>
      </trkpt>
      <trkpt lat="41.704009" lon="45.308005">
        <ele>615.8</ele>
        <time>2024-12-07T20:43:07.584000Z</time>
      </trkpt>
      <trkpt lat="41.703993" lon="45.307886">
        <ele>616.1</ele>
        <time>2024-12-07T20:43:09.257000Z</time>
      </trkpt>
      <trkpt lat="41.703981" lon="45.307768">
        <ele>616.5</ele>
        <time>2024-12-07T20:43:10.906000Z</time>
      </trkpt>
      <trkpt lat="41.703966" lon="45.307653">
        <ele>616.9</ele>
        <time>2024-12-07T20:43:12.523000Z</time>
      </trkpt>
      <trkpt lat="41.703954" lon="45.307535">
        <ele>617.4</ele>
        <time>2024-12-07T20:43:14.173000Z</time>
      </trkpt>
      <trkpt lat="41.70394" lon="45.30742">
        <ele>617.9</ele>
        <time>2024-12-07T20:43:15.787000Z</time>
      </trkpt>
      <trkpt lat="41.703928" lon="45.307306">
        <ele>618.5</ele>
        <time>2024-12-07T20:43:17.383000Z</time>
      </trkpt>
      <trkpt lat="41.703916" lon="45.307192">
        <ele>619</ele>
        <time>2024-12-07T20:43:18.978000Z</time>
      </trkpt>
      <trkpt lat="41.703905" lon="45.307078">
        <ele>619.6</ele>
        <time>2024-12-07T20:43:20.572000Z</time>
      </trkpt>
      <trkpt lat="41.703893" lon="45.306969">
        <ele>620.2</ele>
        <time>2024-12-07T20:43:22.100000Z</time>
      </trkpt>
      <trkpt lat="41.703885" lon="45.30686">
        <ele>620.9</ele>
        <time>2024-12-07T20:43:23.619000Z</time>
      </trkpt>
      <trkpt lat="41.703878" lon="45.306749">
        <ele>621.5</ele>
        <time>2024-12-07T20:43:25.163000Z</time>
      </trkpt>
      <trkpt lat="41.703867" lon="45.306638">
        <ele>622.1</ele>
        <time>2024-12-07T20:43:26.717000Z</time>
      </trkpt>
      <trkpt lat="41.703862" lon="45.306531">
        <ele>622.8</ele>
        <time>2024-12-07T20:43:28.204000Z</time>
      </trkpt>
      <trkpt lat="41.703852" lon="45.306421">
        <ele>623.5</ele>
        <time>2024-12-07T20:43:29.742000Z</time>
      </trkpt>
      <trkpt lat="41.703843" lon="45.30631">
        <ele>624.2</ele>
        <time>2024-12-07T20:43:31.292000Z</time>
      </trkpt>
      <trkpt lat="41.703839" lon="45.3062">
        <ele>624.9</ele>
        <time>2024-12-07T20:43:32.820000Z</time>
      </trkpt>
      <trkpt lat="41.703832" lon="45.306086">
        <ele>625.7</ele>
        <time>2024-12-07T20:43:34.407000Z</time>
      </trkpt>
      <trkpt lat="41.703827" lon="45.305977">
        <ele>626.4</ele>
        <time>2024-12-07T20:43:35.923000Z</time>
      </trkpt>
      <trkpt lat="41.703824" lon="45.305864">
        <ele>627</ele>
        <time>2024-12-07T20:43:37.491000Z</time>
      </trkpt>
      <trkpt lat="41.70382" lon="45.305753">
        <ele>627.7</ele>
        <time>2024-12-07T20:43:39.032000Z</time>
      </trkpt>
      <trkpt lat="41.703816" lon="45.305645">
        <ele>628.3</ele>
        <time>2024-12-07T20:43:40.533000Z</time>
      </trkpt>
      <trkpt lat="41.703812" lon="45.305535">
        <ele>628.9</ele>
        <time>2024-12-07T20:43:42.059000Z</time>
      </trkpt>
      <trkpt lat="41.703808" lon="45.305428">
        <ele>629.5</ele>
        <time>2024-12-07T20:43:43.546000Z</time>
      </trkpt>
      <trkpt lat="41.703805" lon="45.305321">
        <ele>630.1</ele>
        <time>2024-12-07T20:43:45.030000Z</time>
      </trkpt>
      <trkpt lat="41.703804" lon="45.305215">
        <ele>630.6</ele>
        <time>2024-12-07T20:43:46.499000Z</time>
      </trkpt>
      <trkpt lat="41.703804" lon="45.305108">
        <ele>631.1</ele>
        <time>2024-12-07T20:43:47.982000Z</time>
      </trkpt>
      <trkpt lat="41.703804" lon="45.305001">
        <ele>631.6</ele>
        <time>2024-12-07T20:43:49.465000Z</time>
      </trkpt>
      <trkpt lat="41.703801" lon="45.304891">
        <ele>632</ele>
        <time>2024-12-07T20:43:50.989000Z</time>
      </trkpt>
      <trkpt lat="41.7038" lon="45.304781">
        <ele>632.5</ele>
        <time>2024-12-07T20:43:52.513000Z</time>
      </trkpt>
      <trkpt lat="41.7038" lon="45.30467">
        <ele>632.8</ele>
        <time>2024-12-07T20:43:54.050000Z</time>
      </trkpt>
      <trkpt lat="41.703803" lon="45.304559">
        <ele>633.2</ele>
        <time>2024-12-07T20:43:55.588000Z</time>
      </trkpt>
      <trkpt lat="41.703807" lon="45.304448">
        <ele>633.4</ele>
        <time>2024-12-07T20:43:57.126000Z</time>
      </trkpt>
      <trkpt lat="41.703811" lon="45.304341">
        <ele>633.7</ele>
        <time>2024-12-07T20:43:58.609000Z</time>
      </trkpt>
      <trkpt lat="41.703812" lon="45.304231">
        <ele>633.8</ele>
        <time>2024-12-07T20:44:00.131000Z</time>
      </trkpt>
      <trkpt lat="41.703815" lon="45.30412">
        <ele>633.9</ele>
        <time>2024-12-07T20:44:01.669000Z</time>
      </trkpt>
      <trkpt lat="41.703822" lon="45.304003">
        <ele>634</ele>
        <time>2024-12-07T20:44:03.292000Z</time>
      </trkpt>
      <trkpt lat="41.703826" lon="45.303885">
        <ele>634</ele>
        <time>2024-12-07T20:44:04.926000Z</time>
      </trkpt>
      <trkpt lat="41.70383" lon="45.303773">
        <ele>634</ele>
        <time>2024-12-07T20:44:06.478000Z</time>
      </trkpt>
      <trkpt lat="41.703831" lon="45.303656">
        <ele>634</ele>
        <time>2024-12-07T20:44:08.097000Z</time>
      </trkpt>
      <trkpt lat="41.703834" lon="45.303541">
        <ele>633.9</ele>
        <time>2024-12-07T20:44:09.689000Z</time>
      </trkpt>
      <trkpt lat="41.703838" lon="45.30343">
        <ele>633.9</ele>
        <time>2024-12-07T20:44:11.227000Z</time>
      </trkpt>
      <trkpt lat="41.703845" lon="45.303316">
        <ele>633.8</ele>
        <time>2024-12-07T20:44:12.810000Z</time>
      </trkpt>
      <trkpt lat="41.703849" lon="45.303201">
        <ele>633.8</ele>
        <time>2024-12-07T20:44:14.403000Z</time>
      </trkpt>
      <trkpt lat="41.703859" lon="45.303087">
        <ele>633.8</ele>
        <time>2024-12-07T20:44:15.991000Z</time>
      </trkpt>
      <trkpt lat="41.703868" lon="45.302966">
        <ele>633.7</ele>
        <time>2024-12-07T20:44:17.673000Z</time>
      </trkpt>
      <trkpt lat="41.703875" lon="45.302847">
        <ele>633.7</ele>
        <time>2024-12-07T20:44:19.325000Z</time>
      </trkpt>
      <trkpt lat="41.703886" lon="45.302729">
        <ele>633.6</ele>
        <time>2024-12-07T20:44:20.970000Z</time>
      </trkpt>
      <trkpt lat="41.703898" lon="45.302611">
        <ele>633.5</ele>
        <time>2024-12-07T20:44:22.618000Z</time>
      </trkpt>
      <trkpt lat="41.703912" lon="45.302487">
        <ele>633.4</ele>
        <time>2024-12-07T20:44:24.353000Z</time>
      </trkpt>
      <trkpt lat="41.703928" lon="45.302363">
        <ele>633.3</ele>
        <time>2024-12-07T20:44:26.094000Z</time>
      </trkpt>
      <trkpt lat="41.70394" lon="45.302238">
        <ele>633.1</ele>
        <time>2024-12-07T20:44:27.839000Z</time>
      </trkpt>
      <trkpt lat="41.703954" lon="45.302116">
        <ele>633</ele>
        <time>2024-12-07T20:44:29.546000Z</time>
      </trkpt>
      <trkpt lat="41.70397" lon="45.30199">
        <ele>632.8</ele>
        <time>2024-12-07T20:44:31.315000Z</time>
      </trkpt>
      <trkpt lat="41.703985" lon="45.301868">
        <ele>632.6</ele>
        <time>2024-12-07T20:44:33.026000Z</time>
      </trkpt>
      <trkpt lat="41.703997" lon="45.301745">
        <ele>632.4</ele>
        <time>2024-12-07T20:44:34.742000Z</time>
      </trkpt>
      <trkpt lat="41.704012" lon="45.301627">
        <ele>632.2</ele>
        <time>2024-12-07T20:44:36.399000Z</time>
      </trkpt>
      <trkpt lat="41.704027" lon="45.301503">
        <ele>631.9</ele>
        <time>2024-12-07T20:44:38.139000Z</time>
      </trkpt>
      <trkpt lat="41.704039" lon="45.30138">
        <ele>631.6</ele>
        <time>2024-12-07T20:44:39.855000Z</time>
      </trkpt>
      <trkpt lat="41.704053" lon="45.301255">
        <ele>631.2</ele>
        <time>2024-12-07T20:44:41.605000Z</time>
      </trkpt>
      <trkpt lat="41.704069" lon="45.301122">
        <ele>630.8</ele>
        <time>2024-12-07T20:44:43.470000Z</time>
      </trkpt>
      <trkpt lat="41.704084" lon="45.300992">
        <ele>630.6</ele>
        <time>2024-12-07T20:44:45.291000Z</time>
      </trkpt>
      <trkpt lat="41.704099" lon="45.300842">
        <ele>630.4</ele>
        <time>2024-12-07T20:44:47.385000Z</time>
      </trkpt>
      <trkpt lat="41.704114" lon="45.300732">
        <ele>630.2</ele>
        <time>2024-12-07T20:44:48.932000Z</time>
      </trkpt>
      <trkpt lat="41.70413" lon="45.300606">
        <ele>630.1</ele>
        <time>2024-12-07T20:44:50.701000Z</time>
      </trkpt>
      <trkpt lat="41.704142" lon="45.300479">
        <ele>629.7</ele>
        <time>2024-12-07T20:44:52.473000Z</time>
      </trkpt>
      <trkpt lat="41.704153" lon="45.300353">
        <ele>629.4</ele>
        <time>2024-12-07T20:44:54.229000Z</time>
      </trkpt>
      <trkpt lat="41.704168" lon="45.300227">
        <ele>629.1</ele>
        <time>2024-12-07T20:44:55.995000Z</time>
      </trkpt>
      <trkpt lat="41.704186" lon="45.300075">
        <ele>628.5</ele>
        <time>2024-12-07T20:44:58.127000Z</time>
      </trkpt>
      <trkpt lat="41.704199" lon="45.299955">
        <ele>628.1</ele>
        <time>2024-12-07T20:44:59.806000Z</time>
      </trkpt>
      <trkpt lat="41.70421" lon="45.299822">
        <ele>627.5</ele>
        <time>2024-12-07T20:45:01.660000Z</time>
      </trkpt>
      <trkpt lat="41.704222" lon="45.299687">
        <ele>626.9</ele>
        <time>2024-12-07T20:45:03.544000Z</time>
      </trkpt>
      <trkpt lat="41.704233" lon="45.299551">
        <ele>626.4</ele>
        <time>2024-12-07T20:45:05.439000Z</time>
      </trkpt>
      <trkpt lat="41.704245" lon="45.299413">
        <ele>625.9</ele>
        <time>2024-12-07T20:45:07.362000Z</time>
      </trkpt>
      <trkpt lat="41.70425" lon="45.299276">
        <ele>625.4</ele>
        <time>2024-12-07T20:45:09.263000Z</time>
      </trkpt>
      <trkpt lat="41.704257" lon="45.299142">
        <ele>625.1</ele>
        <time>2024-12-07T20:45:11.121000Z</time>
      </trkpt>
      <trkpt lat="41.704268" lon="45.299006">
        <ele>624.8</ele>
        <time>2024-12-07T20:45:13.015000Z</time>
      </trkpt>
      <trkpt lat="41.704273" lon="45.298864">
        <ele>624.4</ele>
        <time>2024-12-07T20:45:14.983000Z</time>
      </trkpt>
      <trkpt lat="41.70428" lon="45.298727">
        <ele>624.1</ele>
        <time>2024-12-07T20:45:16.884000Z</time>
      </trkpt>
      <trkpt lat="41.704287" lon="45.29859">
        <ele>623.8</ele>
        <time>2024-12-07T20:45:18.784000Z</time>
      </trkpt>
      <trkpt lat="41.704288" lon="45.298452">
        <ele>623.5</ele>
        <time>2024-12-07T20:45:20.694000Z</time>
      </trkpt>
      <trkpt lat="41.704292" lon="45.29832">
        <ele>623.4</ele>
        <time>2024-12-07T20:45:22.522000Z</time>
      </trkpt>
      <trkpt lat="41.704292" lon="45.298179">
        <ele>623.4</ele>
        <time>2024-12-07T20:45:24.473000Z</time>
      </trkpt>
      <trkpt lat="41.704292" lon="45.298043">
        <ele>623.2</ele>
        <time>2024-12-07T20:45:26.355000Z</time>
      </trkpt>
      <trkpt lat="41.704292" lon="45.29791">
        <ele>623.1</ele>
        <time>2024-12-07T20:45:28.196000Z</time>
      </trkpt>
      <trkpt lat="41.704289" lon="45.297779">
        <ele>623</ele>
        <time>2024-12-07T20:45:30.010000Z</time>
      </trkpt>
      <trkpt lat="41.704285" lon="45.297646">
        <ele>622.7</ele>
        <time>2024-12-07T20:45:31.851000Z</time>
      </trkpt>
      <trkpt lat="41.704281" lon="45.297516">
        <ele>622.6</ele>
        <time>2024-12-07T20:45:33.651000Z</time>
      </trkpt>
      <trkpt lat="41.704274" lon="45.297383">
        <ele>622.4</ele>
        <time>2024-12-07T20:45:35.497000Z</time>
      </trkpt>
      <trkpt lat="41.704267" lon="45.297249">
        <ele>622.2</ele>
        <time>2024-12-07T20:45:37.356000Z</time>
      </trkpt>
      <trkpt lat="41.704259" lon="45.297096">
        <ele>622.1</ele>
        <time>2024-12-07T20:45:39.478000Z</time>
      </trkpt>
      <trkpt lat="41.704251" lon="45.296982">
        <ele>622</ele>
        <time>2024-12-07T20:45:41.062000Z</time>
      </trkpt>
      <trkpt lat="41.704244" lon="45.296856">
        <ele>622</ele>
        <time>2024-12-07T20:45:42.810000Z</time>
      </trkpt>
      <trkpt lat="41.704233" lon="45.296723">
        <ele>622</ele>
        <time>2024-12-07T20:45:44.662000Z</time>
      </trkpt>
      <trkpt lat="41.704222" lon="45.296589">
        <ele>622</ele>
        <time>2024-12-07T20:45:46.527000Z</time>
      </trkpt>
      <trkpt lat="41.70421" lon="45.296457">
        <ele>622</ele>
        <time>2024-12-07T20:45:48.367000Z</time>
      </trkpt>
      <trkpt lat="41.704195" lon="45.296326">
        <ele>622</ele>
        <time>2024-12-07T20:45:50.201000Z</time>
      </trkpt>
      <trkpt lat="41.70418" lon="45.296193">
        <ele>621.8</ele>
        <time>2024-12-07T20:45:52.062000Z</time>
      </trkpt>
      <trkpt lat="41.704165" lon="45.296062">
        <ele>621.7</ele>
        <time>2024-12-07T20:45:53.896000Z</time>
      </trkpt>
      <trkpt lat="41.704146" lon="45.295929">
        <ele>621.6</ele>
        <time>2024-12-07T20:45:55.769000Z</time>
      </trkpt>
      <trkpt lat="41.704131" lon="45.295797">
        <ele>621.5</ele>
        <time>2024-12-07T20:45:57.617000Z</time>
      </trkpt>
      <trkpt lat="41.704109" lon="45.295666">
        <ele>621.5</ele>
        <time>2024-12-07T20:45:59.475000Z</time>
      </trkpt>
      <trkpt lat="41.704092" lon="45.295536">
        <ele>621.5</ele>
        <time>2024-12-07T20:46:01.301000Z</time>
      </trkpt>
      <trkpt lat="41.704067" lon="45.295384">
        <ele>621.6</ele>
        <time>2024-12-07T20:46:03.454000Z</time>
      </trkpt>
      <trkpt lat="41.70405" lon="45.295276">
        <ele>621.6</ele>
        <time>2024-12-07T20:46:04.982000Z</time>
      </trkpt>
      <trkpt lat="41.704025" lon="45.295154">
        <ele>621.7</ele>
        <time>2024-12-07T20:46:06.732000Z</time>
      </trkpt>
      <trkpt lat="41.704005" lon="45.295025">
        <ele>621.7</ele>
        <time>2024-12-07T20:46:08.555000Z</time>
      </trkpt>
      <trkpt lat="41.703986" lon="45.294895">
        <ele>621.8</ele>
        <time>2024-12-07T20:46:10.388000Z</time>
      </trkpt>
      <trkpt lat="41.703961" lon="45.294743">
        <ele>621.9</ele>
        <time>2024-12-07T20:46:12.542000Z</time>
      </trkpt>
      <trkpt lat="41.703944" lon="45.294632">
        <ele>622</ele>
        <time>2024-12-07T20:46:14.109000Z</time>
      </trkpt>
      <trkpt lat="41.703925" lon="45.294503">
        <ele>622.1</ele>
        <time>2024-12-07T20:46:15.929000Z</time>
      </trkpt>
      <trkpt lat="41.703906" lon="45.294376">
        <ele>622.2</ele>
        <time>2024-12-07T20:46:17.721000Z</time>
      </trkpt>
      <trkpt lat="41.703887" lon="45.294247">
        <ele>622.4</ele>
        <time>2024-12-07T20:46:19.540000Z</time>
      </trkpt>
      <trkpt lat="41.703865" lon="45.294117">
        <ele>622.5</ele>
        <time>2024-12-07T20:46:21.385000Z</time>
      </trkpt>
      <trkpt lat="41.703845" lon="45.293988">
        <ele>622.7</ele>
        <time>2024-12-07T20:46:23.208000Z</time>
      </trkpt>
      <trkpt lat="41.703826" lon="45.293857">
        <ele>622.9</ele>
        <time>2024-12-07T20:46:25.055000Z</time>
      </trkpt>
      <trkpt lat="41.703807" lon="45.293731">
        <ele>623.1</ele>
        <time>2024-12-07T20:46:26.834000Z</time>
      </trkpt>
      <trkpt lat="41.703788" lon="45.293606">
        <ele>623.3</ele>
        <time>2024-12-07T20:46:28.598000Z</time>
      </trkpt>
      <trkpt lat="41.703769" lon="45.293453">
        <ele>623.5</ele>
        <time>2024-12-07T20:46:30.746000Z</time>
      </trkpt>
      <trkpt lat="41.703756" lon="45.293343">
        <ele>623.7</ele>
        <time>2024-12-07T20:46:32.286000Z</time>
      </trkpt>
      <trkpt lat="41.703745" lon="45.293221">
        <ele>624</ele>
        <time>2024-12-07T20:46:33.988000Z</time>
      </trkpt>
      <trkpt lat="41.70373" lon="45.293091">
        <ele>624.3</ele>
        <time>2024-12-07T20:46:35.809000Z</time>
      </trkpt>
      <trkpt lat="41.703718" lon="45.292965">
        <ele>624.6</ele>
        <time>2024-12-07T20:46:37.567000Z</time>
      </trkpt>
      <trkpt lat="41.703707" lon="45.292838">
        <ele>624.9</ele>
        <time>2024-12-07T20:46:39.336000Z</time>
      </trkpt>
      <trkpt lat="41.703695" lon="45.292713">
        <ele>625.2</ele>
        <time>2024-12-07T20:46:41.080000Z</time>
      </trkpt>
      <trkpt lat="41.703687" lon="45.292586">
        <ele>625.5</ele>
        <time>2024-12-07T20:46:42.846000Z</time>
      </trkpt>
      <trkpt lat="41.703679" lon="45.29246">
        <ele>625.8</ele>
        <time>2024-12-07T20:46:44.596000Z</time>
      </trkpt>
      <trkpt lat="41.703668" lon="45.292315">
        <ele>626.1</ele>
        <time>2024-12-07T20:46:46.613000Z</time>
      </trkpt>
      <trkpt lat="41.703667" lon="45.292209">
        <ele>626.4</ele>
        <time>2024-12-07T20:46:48.080000Z</time>
      </trkpt>
      <trkpt lat="41.70366" lon="45.292087">
        <ele>626.6</ele>
        <time>2024-12-07T20:46:49.774000Z</time>
      </trkpt>
      <trkpt lat="41.703656" lon="45.291945">
        <ele>626.9</ele>
        <time>2024-12-07T20:46:51.740000Z</time>
      </trkpt>
      <trkpt lat="41.703652" lon="45.291839">
        <ele>627.1</ele>
        <time>2024-12-07T20:46:53.210000Z</time>
      </trkpt>
      <trkpt lat="41.703648" lon="45.291721">
        <ele>627.3</ele>
        <time>2024-12-07T20:46:54.843000Z</time>
      </trkpt>
      <trkpt lat="41.703641" lon="45.291598">
        <ele>627.5</ele>
        <time>2024-12-07T20:46:56.551000Z</time>
      </trkpt>
      <trkpt lat="41.70364" lon="45.291453">
        <ele>627.8</ele>
        <time>2024-12-07T20:46:58.558000Z</time>
      </trkpt>
      <trkpt lat="41.703643" lon="45.291343">
        <ele>628</ele>
        <time>2024-12-07T20:47:00.081000Z</time>
      </trkpt>
      <trkpt lat="41.703647" lon="45.291228">
        <ele>628.2</ele>
        <time>2024-12-07T20:47:01.674000Z</time>
      </trkpt>
      <trkpt lat="41.703648" lon="45.291106">
        <ele>628.4</ele>
        <time>2024-12-07T20:47:03.363000Z</time>
      </trkpt>
      <trkpt lat="41.703651" lon="45.290987">
        <ele>628.6</ele>
        <time>2024-12-07T20:47:05.010000Z</time>
      </trkpt>
      <trkpt lat="41.703658" lon="45.290866">
        <ele>628.7</ele>
        <time>2024-12-07T20:47:06.690000Z</time>
      </trkpt>
      <trkpt lat="41.703666" lon="45.290744">
        <ele>628.9</ele>
        <time>2024-12-07T20:47:08.384000Z</time>
      </trkpt>
      <trkpt lat="41.70367" lon="45.290625">
        <ele>629.1</ele>
        <time>2024-12-07T20:47:10.033000Z</time>
      </trkpt>
      <trkpt lat="41.703674" lon="45.290507">
        <ele>629.3</ele>
        <time>2024-12-07T20:47:11.668000Z</time>
      </trkpt>
      <trkpt lat="41.703681" lon="45.290392">
        <ele>629.5</ele>
        <time>2024-12-07T20:47:13.265000Z</time>
      </trkpt>
      <trkpt lat="41.703692" lon="45.290254">
        <ele>629.7</ele>
        <time>2024-12-07T20:47:15.185000Z</time>
      </trkpt>
      <trkpt lat="41.703703" lon="45.290136">
        <ele>629.9</ele>
        <time>2024-12-07T20:47:16.831000Z</time>
      </trkpt>
      <trkpt lat="41.703711" lon="45.290041">
        <ele>630</ele>
        <time>2024-12-07T20:47:18.154000Z</time>
      </trkpt>
      <trkpt lat="41.703722" lon="45.289931">
        <ele>630.2</ele>
        <time>2024-12-07T20:47:19.690000Z</time>
      </trkpt>
      <trkpt lat="41.703734" lon="45.289816">
        <ele>630.3</ele>
        <time>2024-12-07T20:47:21.297000Z</time>
      </trkpt>
      <trkpt lat="41.703745" lon="45.289705">
        <ele>630.5</ele>
        <time>2024-12-07T20:47:22.846000Z</time>
      </trkpt>
      <trkpt lat="41.70376" lon="45.289578">
        <ele>630.6</ele>
        <time>2024-12-07T20:47:24.625000Z</time>
      </trkpt>
      <trkpt lat="41.703772" lon="45.289481">
        <ele>630.8</ele>
        <time>2024-12-07T20:47:25.986000Z</time>
      </trkpt>
      <trkpt lat="41.703786" lon="45.289373">
        <ele>630.9</ele>
        <time>2024-12-07T20:47:27.503000Z</time>
      </trkpt>
      <trkpt lat="41.703805" lon="45.289242">
        <ele>631.1</ele>
        <time>2024-12-07T20:47:29.349000Z</time>
      </trkpt>
      <trkpt lat="41.703818" lon="45.289148">
        <ele>631.2</ele>
        <time>2024-12-07T20:47:30.672000Z</time>
      </trkpt>
      <trkpt lat="41.703836" lon="45.289041">
        <ele>631.4</ele>
        <time>2024-12-07T20:47:32.190000Z</time>
      </trkpt>
      <trkpt lat="41.703855" lon="45.28893">
        <ele>631.6</ele>
        <time>2024-12-07T20:47:33.766000Z</time>
      </trkpt>
      <trkpt lat="41.703873" lon="45.288824">
        <ele>631.7</ele>
        <time>2024-12-07T20:47:35.271000Z</time>
      </trkpt>
      <trkpt lat="41.703896" lon="45.288713">
        <ele>631.9</ele>
        <time>2024-12-07T20:47:36.864000Z</time>
      </trkpt>
      <trkpt lat="41.703916" lon="45.288602">
        <ele>632.2</ele>
        <time>2024-12-07T20:47:38.446000Z</time>
      </trkpt>
      <trkpt lat="41.703935" lon="45.288494">
        <ele>632.4</ele>
        <time>2024-12-07T20:47:39.981000Z</time>
      </trkpt>
      <trkpt lat="41.703954" lon="45.288384">
        <ele>632.6</ele>
        <time>2024-12-07T20:47:41.543000Z</time>
      </trkpt>
      <trkpt lat="41.703976" lon="45.288281">
        <ele>632.8</ele>
        <time>2024-12-07T20:47:43.026000Z</time>
      </trkpt>
      <trkpt lat="41.703999" lon="45.288172">
        <ele>633</ele>
        <time>2024-12-07T20:47:44.594000Z</time>
      </trkpt>
      <trkpt lat="41.704025" lon="45.28806">
        <ele>633.3</ele>
        <time>2024-12-07T20:47:46.217000Z</time>
      </trkpt>
      <trkpt lat="41.704049" lon="45.287953">
        <ele>633.5</ele>
        <time>2024-12-07T20:47:47.763000Z</time>
      </trkpt>
      <trkpt lat="41.704075" lon="45.287853">
        <ele>633.7</ele>
        <time>2024-12-07T20:47:49.229000Z</time>
      </trkpt>
      <trkpt lat="41.704098" lon="45.287754">
        <ele>633.9</ele>
        <time>2024-12-07T20:47:50.664000Z</time>
      </trkpt>
      <trkpt lat="41.704124" lon="45.287654">
        <ele>634.1</ele>
        <time>2024-12-07T20:47:52.130000Z</time>
      </trkpt>
      <trkpt lat="41.704151" lon="45.287552">
        <ele>634.2</ele>
        <time>2024-12-07T20:47:53.627000Z</time>
      </trkpt>
      <trkpt lat="41.704178" lon="45.287456">
        <ele>634.4</ele>
        <time>2024-12-07T20:47:55.046000Z</time>
      </trkpt>
      <trkpt lat="41.704204" lon="45.287353">
        <ele>634.4</ele>
        <time>2024-12-07T20:47:56.551000Z</time>
      </trkpt>
      <trkpt lat="41.704231" lon="45.287254">
        <ele>634.4</ele>
        <time>2024-12-07T20:47:58.010000Z</time>
      </trkpt>
      <trkpt lat="41.704264" lon="45.287139">
        <ele>634.4</ele>
        <time>2024-12-07T20:47:59.714000Z</time>
      </trkpt>
      <trkpt lat="41.704292" lon="45.287053">
        <ele>634.4</ele>
        <time>2024-12-07T20:48:01.012000Z</time>
      </trkpt>
      <trkpt lat="41.704319" lon="45.286956">
        <ele>634.5</ele>
        <time>2024-12-07T20:48:02.444000Z</time>
      </trkpt>
      <trkpt lat="41.704349" lon="45.286841">
        <ele>634.6</ele>
        <time>2024-12-07T20:48:04.130000Z</time>
      </trkpt>
      <trkpt lat="41.704376" lon="45.286755">
        <ele>634.7</ele>
        <time>2024-12-07T20:48:05.421000Z</time>
      </trkpt>
      <trkpt lat="41.704406" lon="45.286662">
        <ele>634.8</ele>
        <time>2024-12-07T20:48:06.823000Z</time>
      </trkpt>
      <trkpt lat="41.704437" lon="45.286563">
        <ele>634.8</ele>
        <time>2024-12-07T20:48:08.308000Z</time>
      </trkpt>
      <trkpt lat="41.70447" lon="45.286465">
        <ele>634.9</ele>
        <time>2024-12-07T20:48:09.796000Z</time>
      </trkpt>
      <trkpt lat="41.704505" lon="45.286365">
        <ele>635</ele>
        <time>2024-12-07T20:48:11.324000Z</time>
      </trkpt>
      <trkpt lat="41.704536" lon="45.286269">
        <ele>635.1</ele>
        <time>2024-12-07T20:48:12.771000Z</time>
      </trkpt>
      <trkpt lat="41.704566" lon="45.28617">
        <ele>635.1</ele>
        <time>2024-12-07T20:48:14.249000Z</time>
      </trkpt>
      <trkpt lat="41.7046" lon="45.286075">
        <ele>635.3</ele>
        <time>2024-12-07T20:48:15.707000Z</time>
      </trkpt>
      <trkpt lat="41.704628" lon="45.285982">
        <ele>635.3</ele>
        <time>2024-12-07T20:48:17.094000Z</time>
      </trkpt>
      <trkpt lat="41.704658" lon="45.285888">
        <ele>635.5</ele>
        <time>2024-12-07T20:48:18.510000Z</time>
      </trkpt>
      <trkpt lat="41.704688" lon="45.285796">
        <ele>635.6</ele>
        <time>2024-12-07T20:48:19.898000Z</time>
      </trkpt>
      <trkpt lat="41.704716" lon="45.285704">
        <ele>635.7</ele>
        <time>2024-12-07T20:48:21.273000Z</time>
      </trkpt>
      <trkpt lat="41.704742" lon="45.285609">
        <ele>635.8</ele>
        <time>2024-12-07T20:48:22.673000Z</time>
      </trkpt>
      <trkpt lat="41.704772" lon="45.285514">
        <ele>635.9</ele>
        <time>2024-12-07T20:48:24.101000Z</time>
      </trkpt>
      <trkpt lat="41.704799" lon="45.285418">
        <ele>636</ele>
        <time>2024-12-07T20:48:25.520000Z</time>
      </trkpt>
      <trkpt lat="41.704826" lon="45.285326">
        <ele>636.1</ele>
        <time>2024-12-07T20:48:26.888000Z</time>
      </trkpt>
      <trkpt lat="41.704853" lon="45.285235">
        <ele>636.2</ele>
        <time>2024-12-07T20:48:28.242000Z</time>
      </trkpt>
      <trkpt lat="41.704883" lon="45.28514">
        <ele>636.4</ele>
        <time>2024-12-07T20:48:29.670000Z</time>
      </trkpt>
      <trkpt lat="41.704907" lon="45.285041">
        <ele>636.5</ele>
        <time>2024-12-07T20:48:31.111000Z</time>
      </trkpt>
      <trkpt lat="41.704936" lon="45.284945">
        <ele>636.6</ele>
        <time>2024-12-07T20:48:32.543000Z</time>
      </trkpt>
      <trkpt lat="41.704964" lon="45.284847">
        <ele>636.7</ele>
        <time>2024-12-07T20:48:33.995000Z</time>
      </trkpt>
      <trkpt lat="41.70499" lon="45.284751">
        <ele>636.9</ele>
        <time>2024-12-07T20:48:35.409000Z</time>
      </trkpt>
      <trkpt lat="41.705017" lon="45.284652">
        <ele>637.1</ele>
        <time>2024-12-07T20:48:36.868000Z</time>
      </trkpt>
      <trkpt lat="41.705044" lon="45.284553">
        <ele>637.4</ele>
        <time>2024-12-07T20:48:38.326000Z</time>
      </trkpt>
      <trkpt lat="41.70507" lon="45.284457">
        <ele>637.7</ele>
        <time>2024-12-07T20:48:39.740000Z</time>
      </trkpt>
      <trkpt lat="41.705094" lon="45.284358">
        <ele>638.1</ele>
        <time>2024-12-07T20:48:41.182000Z</time>
      </trkpt>
      <trkpt lat="41.705117" lon="45.28426">
        <ele>638.4</ele>
        <time>2024-12-07T20:48:42.605000Z</time>
      </trkpt>
      <trkpt lat="41.705136" lon="45.284157">
        <ele>638.7</ele>
        <time>2024-12-07T20:48:44.073000Z</time>
      </trkpt>
      <trkpt lat="41.705165" lon="45.284041">
        <ele>639</ele>
        <time>2024-12-07T20:48:45.766000Z</time>
      </trkpt>
      <trkpt lat="41.705183" lon="45.283955">
        <ele>639.2</ele>
        <time>2024-12-07T20:48:47.003000Z</time>
      </trkpt>
      <trkpt lat="41.705204" lon="45.283856">
        <ele>639.5</ele>
        <time>2024-12-07T20:48:48.428000Z</time>
      </trkpt>
      <trkpt lat="41.705224" lon="45.283756">
        <ele>639.7</ele>
        <time>2024-12-07T20:48:49.861000Z</time>
      </trkpt>
      <trkpt lat="41.705246" lon="45.283637">
        <ele>639.9</ele>
        <time>2024-12-07T20:48:51.556000Z</time>
      </trkpt>
      <trkpt lat="41.705263" lon="45.283547">
        <ele>640.1</ele>
        <time>2024-12-07T20:48:52.842000Z</time>
      </trkpt>
      <trkpt lat="41.705285" lon="45.283447">
        <ele>640.3</ele>
        <time>2024-12-07T20:48:54.284000Z</time>
      </trkpt>
      <trkpt lat="41.705301" lon="45.283344">
        <ele>640.4</ele>
        <time>2024-12-07T20:48:55.740000Z</time>
      </trkpt>
      <trkpt lat="41.70532" lon="45.283241">
        <ele>640.5</ele>
        <time>2024-12-07T20:48:57.208000Z</time>
      </trkpt>
      <trkpt lat="41.705339" lon="45.283138">
        <ele>640.6</ele>
        <time>2024-12-07T20:48:58.677000Z</time>
      </trkpt>
      <trkpt lat="41.705361" lon="45.283015">
        <ele>640.7</ele>
        <time>2024-12-07T20:49:00.426000Z</time>
      </trkpt>
      <trkpt lat="41.705374" lon="45.282925">
        <ele>640.7</ele>
        <time>2024-12-07T20:49:01.695000Z</time>
      </trkpt>
      <trkpt lat="41.705389" lon="45.282825">
        <ele>640.7</ele>
        <time>2024-12-07T20:49:03.106000Z</time>
      </trkpt>
      <trkpt lat="41.705404" lon="45.282723">
        <ele>640.7</ele>
        <time>2024-12-07T20:49:04.544000Z</time>
      </trkpt>
      <trkpt lat="41.705419" lon="45.282607">
        <ele>640.8</ele>
        <time>2024-12-07T20:49:06.173000Z</time>
      </trkpt>
      <trkpt lat="41.705434" lon="45.28251">
        <ele>640.8</ele>
        <time>2024-12-07T20:49:07.544000Z</time>
      </trkpt>
      <trkpt lat="41.705447" lon="45.282409">
        <ele>640.8</ele>
        <time>2024-12-07T20:49:08.962000Z</time>
      </trkpt>
      <trkpt lat="41.705461" lon="45.282303">
        <ele>640.9</ele>
        <time>2024-12-07T20:49:10.452000Z</time>
      </trkpt>
      <trkpt lat="41.705476" lon="45.2822">
        <ele>641</ele>
        <time>2024-12-07T20:49:11.903000Z</time>
      </trkpt>
      <trkpt lat="41.705488" lon="45.282096">
        <ele>641</ele>
        <time>2024-12-07T20:49:13.359000Z</time>
      </trkpt>
      <trkpt lat="41.705497" lon="45.281991">
        <ele>641.1</ele>
        <time>2024-12-07T20:49:14.822000Z</time>
      </trkpt>
      <trkpt lat="41.705508" lon="45.281884">
        <ele>641.1</ele>
        <time>2024-12-07T20:49:16.315000Z</time>
      </trkpt>
      <trkpt lat="41.705516" lon="45.281757">
        <ele>641.2</ele>
        <time>2024-12-07T20:49:18.080000Z</time>
      </trkpt>
      <trkpt lat="41.705527" lon="45.28166">
        <ele>641.2</ele>
        <time>2024-12-07T20:49:19.437000Z</time>
      </trkpt>
      <trkpt lat="41.705535" lon="45.281556">
        <ele>641.2</ele>
        <time>2024-12-07T20:49:20.884000Z</time>
      </trkpt>
      <trkpt lat="41.705542" lon="45.281445">
        <ele>641.1</ele>
        <time>2024-12-07T20:49:22.425000Z</time>
      </trkpt>
      <trkpt lat="41.705553" lon="45.281335">
        <ele>641.1</ele>
        <time>2024-12-07T20:49:23.960000Z</time>
      </trkpt>
      <trkpt lat="41.705561" lon="45.281228">
        <ele>641</ele>
        <time>2024-12-07T20:49:25.448000Z</time>
      </trkpt>
      <trkpt lat="41.705572" lon="45.281098">
        <ele>641</ele>
        <time>2024-12-07T20:49:27.259000Z</time>
      </trkpt>
      <trkpt lat="41.705577" lon="45.281003">
        <ele>640.9</ele>
        <time>2024-12-07T20:49:28.576000Z</time>
      </trkpt>
      <trkpt lat="41.705578" lon="45.280896">
        <ele>640.9</ele>
        <time>2024-12-07T20:49:30.057000Z</time>
      </trkpt>
      <trkpt lat="41.705581" lon="45.280766">
        <ele>640.9</ele>
        <time>2024-12-07T20:49:31.856000Z</time>
      </trkpt>
      <trkpt lat="41.705588" lon="45.28065">
        <ele>640.9</ele>
        <time>2024-12-07T20:49:33.467000Z</time>
      </trkpt>
      <trkpt lat="41.705593" lon="45.280554">
        <ele>641</ele>
        <time>2024-12-07T20:49:34.798000Z</time>
      </trkpt>
      <trkpt lat="41.705593" lon="45.280443">
        <ele>641</ele>
        <time>2024-12-07T20:49:36.333000Z</time>
      </trkpt>
      <trkpt lat="41.7056" lon="45.280305">
        <ele>641</ele>
        <time>2024-12-07T20:49:38.248000Z</time>
      </trkpt>
      <trkpt lat="41.705604" lon="45.28021">
        <ele>641</ele>
        <time>2024-12-07T20:49:39.564000Z</time>
      </trkpt>
      <trkpt lat="41.705605" lon="45.280099">
        <ele>641</ele>
        <time>2024-12-07T20:49:41.099000Z</time>
      </trkpt>
      <trkpt lat="41.705601" lon="45.279986">
        <ele>641</ele>
        <time>2024-12-07T20:49:42.664000Z</time>
      </trkpt>
      <trkpt lat="41.705597" lon="45.279868">
        <ele>641</ele>
        <time>2024-12-07T20:49:44.299000Z</time>
      </trkpt>
      <trkpt lat="41.705597" lon="45.279754">
        <ele>641</ele>
        <time>2024-12-07T20:49:45.876000Z</time>
      </trkpt>
      <trkpt lat="41.705597" lon="45.27962">
        <ele>640.8</ele>
        <time>2024-12-07T20:49:47.731000Z</time>
      </trkpt>
      <trkpt lat="41.705594" lon="45.27952">
        <ele>640.7</ele>
        <time>2024-12-07T20:49:49.116000Z</time>
      </trkpt>
      <trkpt lat="41.705593" lon="45.279406">
        <ele>640.4</ele>
        <time>2024-12-07T20:49:50.693000Z</time>
      </trkpt>
      <trkpt lat="41.70559" lon="45.279288">
        <ele>640.1</ele>
        <time>2024-12-07T20:49:52.328000Z</time>
      </trkpt>
      <trkpt lat="41.705586" lon="45.27917">
        <ele>639.8</ele>
        <time>2024-12-07T20:49:53.964000Z</time>
      </trkpt>
      <trkpt lat="41.705582" lon="45.279051">
        <ele>639.4</ele>
        <time>2024-12-07T20:49:55.612000Z</time>
      </trkpt>
      <trkpt lat="41.705582" lon="45.278933">
        <ele>639</ele>
        <time>2024-12-07T20:49:57.246000Z</time>
      </trkpt>
      <trkpt lat="41.705575" lon="45.278815">
        <ele>638.6</ele>
        <time>2024-12-07T20:49:58.885000Z</time>
      </trkpt>
      <trkpt lat="41.705571" lon="45.2787">
        <ele>638.2</ele>
        <time>2024-12-07T20:50:00.479000Z</time>
      </trkpt>
      <trkpt lat="41.705561" lon="45.27856">
        <ele>637.8</ele>
        <time>2024-12-07T20:50:02.427000Z</time>
      </trkpt>
      <trkpt lat="41.705553" lon="45.278456">
        <ele>637.4</ele>
        <time>2024-12-07T20:50:03.875000Z</time>
      </trkpt>
      <trkpt lat="41.705545" lon="45.278338">
        <ele>637.1</ele>
        <time>2024-12-07T20:50:05.515000Z</time>
      </trkpt>
      <trkpt lat="41.705534" lon="45.278197">
        <ele>636.6</ele>
        <time>2024-12-07T20:50:07.478000Z</time>
      </trkpt>
      <trkpt lat="41.705526" lon="45.278094">
        <ele>636.2</ele>
        <time>2024-12-07T20:50:08.912000Z</time>
      </trkpt>
      <trkpt lat="41.705515" lon="45.277973">
        <ele>635.8</ele>
        <time>2024-12-07T20:50:10.600000Z</time>
      </trkpt>
      <trkpt lat="41.705503" lon="45.277847">
        <ele>635.3</ele>
        <time>2024-12-07T20:50:12.360000Z</time>
      </trkpt>
      <trkpt lat="41.705492" lon="45.277725">
        <ele>634.8</ele>
        <time>2024-12-07T20:50:14.062000Z</time>
      </trkpt>
      <trkpt lat="41.705478" lon="45.277605">
        <ele>634.3</ele>
        <time>2024-12-07T20:50:15.744000Z</time>
      </trkpt>
      <trkpt lat="41.705459" lon="45.277478">
        <ele>633.8</ele>
        <time>2024-12-07T20:50:17.538000Z</time>
      </trkpt>
      <trkpt lat="41.70544" lon="45.277351">
        <ele>633.4</ele>
        <time>2024-12-07T20:50:19.332000Z</time>
      </trkpt>
      <trkpt lat="41.705424" lon="45.277223">
        <ele>632.9</ele>
        <time>2024-12-07T20:50:21.129000Z</time>
      </trkpt>
      <trkpt lat="41.705402" lon="45.27707">
        <ele>632.3</ele>
        <time>2024-12-07T20:50:23.288000Z</time>
      </trkpt>
      <trkpt lat="41.705384" lon="45.276943">
        <ele>631.8</ele>
        <time>2024-12-07T20:50:25.078000Z</time>
      </trkpt>
      <trkpt lat="41.705367" lon="45.27682">
        <ele>631.4</ele>
        <time>2024-12-07T20:50:26.810000Z</time>
      </trkpt>
      <trkpt lat="41.705348" lon="45.276688">
        <ele>631</ele>
        <time>2024-12-07T20:50:28.671000Z</time>
      </trkpt>
      <trkpt lat="41.705329" lon="45.276555">
        <ele>630.7</ele>
        <time>2024-12-07T20:50:30.546000Z</time>
      </trkpt>
      <trkpt lat="41.705307" lon="45.276421">
        <ele>630.4</ele>
        <time>2024-12-07T20:50:32.445000Z</time>
      </trkpt>
      <trkpt lat="41.70528" lon="45.27626">
        <ele>630.1</ele>
        <time>2024-12-07T20:50:34.727000Z</time>
      </trkpt>
      <trkpt lat="41.705257" lon="45.276143">
        <ele>630</ele>
        <time>2024-12-07T20:50:36.402000Z</time>
      </trkpt>
      <trkpt lat="41.705234" lon="45.27601">
        <ele>629.8</ele>
        <time>2024-12-07T20:50:38.291000Z</time>
      </trkpt>
      <trkpt lat="41.705211" lon="45.275843">
        <ele>629.6</ele>
        <time>2024-12-07T20:50:40.641000Z</time>
      </trkpt>
      <trkpt lat="41.705195" lon="45.275724">
        <ele>629.5</ele>
        <time>2024-12-07T20:50:42.314000Z</time>
      </trkpt>
      <trkpt lat="41.705177" lon="45.275585">
        <ele>629.4</ele>
        <time>2024-12-07T20:50:44.266000Z</time>
      </trkpt>
      <trkpt lat="41.705151" lon="45.275439">
        <ele>629.2</ele>
        <time>2024-12-07T20:50:46.343000Z</time>
      </trkpt>
      <trkpt lat="41.705131" lon="45.275297">
        <ele>629.1</ele>
        <time>2024-12-07T20:50:48.342000Z</time>
      </trkpt>
      <trkpt lat="41.705109" lon="45.275153">
        <ele>629.1</ele>
        <time>2024-12-07T20:50:50.376000Z</time>
      </trkpt>
      <trkpt lat="41.705082" lon="45.274978">
        <ele>629</ele>
        <time>2024-12-07T20:50:52.848000Z</time>
      </trkpt>
      <trkpt lat="41.705065" lon="45.274851">
        <ele>629</ele>
        <time>2024-12-07T20:50:54.633000Z</time>
      </trkpt>
      <trkpt lat="41.705047" lon="45.27471">
        <ele>629</ele>
        <time>2024-12-07T20:50:56.613000Z</time>
      </trkpt>
      <trkpt lat="41.705028" lon="45.274566">
        <ele>629</ele>
        <time>2024-12-07T20:50:58.637000Z</time>
      </trkpt>
      <trkpt lat="41.705009" lon="45.274421">
        <ele>629</ele>
        <time>2024-12-07T20:51:00.672000Z</time>
      </trkpt>
      <trkpt lat="41.70499" lon="45.274275">
        <ele>629</ele>
        <time>2024-12-07T20:51:02.723000Z</time>
      </trkpt>
      <trkpt lat="41.704974" lon="45.274124">
        <ele>629</ele>
        <time>2024-12-07T20:51:04.834000Z</time>
      </trkpt>
      <trkpt lat="41.704959" lon="45.273974">
        <ele>629.1</ele>
        <time>2024-12-07T20:51:06.927000Z</time>
      </trkpt>
      <trkpt lat="41.704943" lon="45.273823">
        <ele>629.2</ele>
        <time>2024-12-07T20:51:09.038000Z</time>
      </trkpt>
      <trkpt lat="41.704928" lon="45.273651">
        <ele>629.2</ele>
        <time>2024-12-07T20:51:11.434000Z</time>
      </trkpt>
      <trkpt lat="41.704916" lon="45.273523">
        <ele>629.3</ele>
        <time>2024-12-07T20:51:13.219000Z</time>
      </trkpt>
      <trkpt lat="41.704905" lon="45.273378">
        <ele>629.4</ele>
        <time>2024-12-07T20:51:15.235000Z</time>
      </trkpt>
      <trkpt lat="41.704893" lon="45.273208">
        <ele>629.4</ele>
        <time>2024-12-07T20:51:17.598000Z</time>
      </trkpt>
      <trkpt lat="41.704882" lon="45.273055">
        <ele>629.3</ele>
        <time>2024-12-07T20:51:19.724000Z</time>
      </trkpt>
      <trkpt lat="41.704877" lon="45.272932">
        <ele>629.2</ele>
        <time>2024-12-07T20:51:21.429000Z</time>
      </trkpt>
      <trkpt lat="41.70487" lon="45.272785">
        <ele>629.1</ele>
        <time>2024-12-07T20:51:23.468000Z</time>
      </trkpt>
      <trkpt lat="41.704859" lon="45.272606">
        <ele>628.9</ele>
        <time>2024-12-07T20:51:25.952000Z</time>
      </trkpt>
      <trkpt lat="41.704854" lon="45.272473">
        <ele>628.7</ele>
        <time>2024-12-07T20:51:27.795000Z</time>
      </trkpt>
      <trkpt lat="41.70485" lon="45.272326">
        <ele>628.6</ele>
        <time>2024-12-07T20:51:29.831000Z</time>
      </trkpt>
      <trkpt lat="41.704843" lon="45.272173">
        <ele>628.5</ele>
        <time>2024-12-07T20:51:31.951000Z</time>
      </trkpt>
      <trkpt lat="41.704842" lon="45.272026">
        <ele>628.5</ele>
        <time>2024-12-07T20:51:33.986000Z</time>
      </trkpt>
      <trkpt lat="41.704838" lon="45.271873">
        <ele>628.3</ele>
        <time>2024-12-07T20:51:36.104000Z</time>
      </trkpt>
      <trkpt lat="41.704835" lon="45.271698">
        <ele>628.2</ele>
        <time>2024-12-07T20:51:38.526000Z</time>
      </trkpt>
      <trkpt lat="41.704831" lon="45.271575">
        <ele>628.1</ele>
        <time>2024-12-07T20:51:40.230000Z</time>
      </trkpt>
      <trkpt lat="41.70483" lon="45.271436">
        <ele>628</ele>
        <time>2024-12-07T20:51:42.153000Z</time>
      </trkpt>
      <trkpt lat="41.704827" lon="45.271297">
        <ele>627.9</ele>
        <time>2024-12-07T20:51:44.077000Z</time>
      </trkpt>
      <trkpt lat="41.704826" lon="45.271154">
        <ele>627.8</ele>
        <time>2024-12-07T20:51:46.055000Z</time>
      </trkpt>
      <trkpt lat="41.704826" lon="45.271011">
        <ele>627.7</ele>
        <time>2024-12-07T20:51:48.034000Z</time>
      </trkpt>
      <trkpt lat="41.704826" lon="45.270862">
        <ele>627.5</ele>
        <time>2024-12-07T20:51:50.096000Z</time>
      </trkpt>
      <trkpt lat="41.704826" lon="45.270712">
        <ele>627.3</ele>
        <time>2024-12-07T20:51:52.172000Z</time>
      </trkpt>
      <trkpt lat="41.704826" lon="45.270567">
        <ele>627.2</ele>
        <time>2024-12-07T20:51:54.177000Z</time>
      </trkpt>
      <trkpt lat="41.70483" lon="45.27042">
        <ele>627</ele>
        <time>2024-12-07T20:51:56.213000Z</time>
      </trkpt>
      <trkpt lat="41.70483" lon="45.270271">
        <ele>626.9</ele>
        <time>2024-12-07T20:51:58.275000Z</time>
      </trkpt>
      <trkpt lat="41.70483" lon="45.270118">
        <ele>626.9</ele>
        <time>2024-12-07T20:52:00.392000Z</time>
      </trkpt>
      <trkpt lat="41.704833" lon="45.269963">
        <ele>626.9</ele>
        <time>2024-12-07T20:52:02.537000Z</time>
      </trkpt>
      <trkpt lat="41.70484" lon="45.26981">
        <ele>627</ele>
        <time>2024-12-07T20:52:04.658000Z</time>
      </trkpt>
      <trkpt lat="41.704851" lon="45.269624">
        <ele>627.1</ele>
        <time>2024-12-07T20:52:07.240000Z</time>
      </trkpt>
      <trkpt lat="41.704856" lon="45.269489">
        <ele>627.2</ele>
        <time>2024-12-07T20:52:09.109000Z</time>
      </trkpt>
      <trkpt lat="41.704857" lon="45.269337">
        <ele>627.3</ele>
        <time>2024-12-07T20:52:11.213000Z</time>
      </trkpt>
      <trkpt lat="41.70486" lon="45.269181">
        <ele>627.4</ele>
        <time>2024-12-07T20:52:13.372000Z</time>
      </trkpt>
      <trkpt lat="41.704861" lon="45.268998">
        <ele>627.4</ele>
        <time>2024-12-07T20:52:15.904000Z</time>
      </trkpt>
      <trkpt lat="41.704861" lon="45.268867">
        <ele>627.5</ele>
        <time>2024-12-07T20:52:17.717000Z</time>
      </trkpt>
      <trkpt lat="41.704861" lon="45.268721">
        <ele>627.6</ele>
        <time>2024-12-07T20:52:19.737000Z</time>
      </trkpt>
      <trkpt lat="41.704857" lon="45.26855">
        <ele>627.8</ele>
        <time>2024-12-07T20:52:22.104000Z</time>
      </trkpt>
      <trkpt lat="41.704857" lon="45.268424">
        <ele>627.9</ele>
        <time>2024-12-07T20:52:23.847000Z</time>
      </trkpt>
      <trkpt lat="41.704857" lon="45.268286">
        <ele>628</ele>
        <time>2024-12-07T20:52:25.758000Z</time>
      </trkpt>
      <trkpt lat="41.704854" lon="45.268141">
        <ele>628.1</ele>
        <time>2024-12-07T20:52:27.765000Z</time>
      </trkpt>
      <trkpt lat="41.704847" lon="45.268">
        <ele>628.2</ele>
        <time>2024-12-07T20:52:29.720000Z</time>
      </trkpt>
      <trkpt lat="41.704842" lon="45.267858">
        <ele>628.4</ele>
        <time>2024-12-07T20:52:31.687000Z</time>
      </trkpt>
      <trkpt lat="41.704832" lon="45.267694">
        <ele>628.6</ele>
        <time>2024-12-07T20:52:33.964000Z</time>
      </trkpt>
      <trkpt lat="41.704827" lon="45.267572">
        <ele>628.7</ele>
        <time>2024-12-07T20:52:35.654000Z</time>
      </trkpt>
      <trkpt lat="41.704817" lon="45.267435">
        <ele>628.8</ele>
        <time>2024-12-07T20:52:37.559000Z</time>
      </trkpt>
      <trkpt lat="41.704805" lon="45.267271">
        <ele>628.9</ele>
        <time>2024-12-07T20:52:39.839000Z</time>
      </trkpt>
      <trkpt lat="41.70479" lon="45.267125">
        <ele>628.9</ele>
        <time>2024-12-07T20:52:41.878000Z</time>
      </trkpt>
      <trkpt lat="41.704778" lon="45.266988">
        <ele>628.9</ele>
        <time>2024-12-07T20:52:43.787000Z</time>
      </trkpt>
      <trkpt lat="41.704764" lon="45.266847">
        <ele>628.9</ele>
        <time>2024-12-07T20:52:45.755000Z</time>
      </trkpt>
      <trkpt lat="41.704752" lon="45.266712">
        <ele>628.9</ele>
        <time>2024-12-07T20:52:47.635000Z</time>
      </trkpt>
      <trkpt lat="41.704734" lon="45.266575">
        <ele>629</ele>
        <time>2024-12-07T20:52:49.561000Z</time>
      </trkpt>
      <trkpt lat="41.704718" lon="45.266443">
        <ele>629</ele>
        <time>2024-12-07T20:52:51.411000Z</time>
      </trkpt>
      <trkpt lat="41.704706" lon="45.266332">
        <ele>629</ele>
        <time>2024-12-07T20:52:52.963000Z</time>
      </trkpt>
      <trkpt lat="41.704688" lon="45.266199">
        <ele>629.1</ele>
        <time>2024-12-07T20:52:54.833000Z</time>
      </trkpt>
      <trkpt lat="41.704669" lon="45.266042">
        <ele>629.2</ele>
        <time>2024-12-07T20:52:57.034000Z</time>
      </trkpt>
      <trkpt lat="41.70465" lon="45.265904">
        <ele>629.2</ele>
        <time>2024-12-07T20:52:58.975000Z</time>
      </trkpt>
      <trkpt lat="41.704634" lon="45.265793">
        <ele>629.2</ele>
        <time>2024-12-07T20:53:00.539000Z</time>
      </trkpt>
      <trkpt lat="41.704612" lon="45.265663">
        <ele>629.2</ele>
        <time>2024-12-07T20:53:02.383000Z</time>
      </trkpt>
      <trkpt lat="41.704593" lon="45.265533">
        <ele>629.1</ele>
        <time>2024-12-07T20:53:04.216000Z</time>
      </trkpt>
      <trkpt lat="41.704567" lon="45.265377">
        <ele>629.1</ele>
        <time>2024-12-07T20:53:06.429000Z</time>
      </trkpt>
      <trkpt lat="41.70454" lon="45.265243">
        <ele>629</ele>
        <time>2024-12-07T20:53:08.348000Z</time>
      </trkpt>
      <trkpt lat="41.70452" lon="45.265137">
        <ele>629</ele>
        <time>2024-12-07T20:53:09.861000Z</time>
      </trkpt>
      <trkpt lat="41.704498" lon="45.265008">
        <ele>628.9</ele>
        <time>2024-12-07T20:53:11.692000Z</time>
      </trkpt>
      <trkpt lat="41.704475" lon="45.264877">
        <ele>628.8</ele>
        <time>2024-12-07T20:53:13.554000Z</time>
      </trkpt>
      <trkpt lat="41.704442" lon="45.264721">
        <ele>628.7</ele>
        <time>2024-12-07T20:53:15.798000Z</time>
      </trkpt>
      <trkpt lat="41.704414" lon="45.264587">
        <ele>628.6</ele>
        <time>2024-12-07T20:53:17.723000Z</time>
      </trkpt>
      <trkpt lat="41.704388" lon="45.264457">
        <ele>628.5</ele>
        <time>2024-12-07T20:53:19.585000Z</time>
      </trkpt>
      <trkpt lat="41.704368" lon="45.264351">
        <ele>628.5</ele>
        <time>2024-12-07T20:53:21.098000Z</time>
      </trkpt>
      <trkpt lat="41.704336" lon="45.264206">
        <ele>628.5</ele>
        <time>2024-12-07T20:53:23.190000Z</time>
      </trkpt>
      <trkpt lat="41.704308" lon="45.264073">
        <ele>628.6</ele>
        <time>2024-12-07T20:53:25.102000Z</time>
      </trkpt>
      <trkpt lat="41.704287" lon="45.263965">
        <ele>628.7</ele>
        <time>2024-12-07T20:53:26.646000Z</time>
      </trkpt>
      <trkpt lat="41.704262" lon="45.263843">
        <ele>628.8</ele>
        <time>2024-12-07T20:53:28.397000Z</time>
      </trkpt>
      <trkpt lat="41.704229" lon="45.263691">
        <ele>628.9</ele>
        <time>2024-12-07T20:53:30.587000Z</time>
      </trkpt>
      <trkpt lat="41.704201" lon="45.263557">
        <ele>629</ele>
        <time>2024-12-07T20:53:32.512000Z</time>
      </trkpt>
      <trkpt lat="41.704174" lon="45.263428">
        <ele>629</ele>
        <time>2024-12-07T20:53:34.366000Z</time>
      </trkpt>
      <trkpt lat="41.704154" lon="45.263321">
        <ele>629.1</ele>
        <time>2024-12-07T20:53:35.893000Z</time>
      </trkpt>
      <trkpt lat="41.704128" lon="45.263194">
        <ele>629.1</ele>
        <time>2024-12-07T20:53:37.714000Z</time>
      </trkpt>
      <trkpt lat="41.704095" lon="45.263045">
        <ele>629.2</ele>
        <time>2024-12-07T20:53:39.864000Z</time>
      </trkpt>
      <trkpt lat="41.704071" lon="45.262917">
        <ele>629.3</ele>
        <time>2024-12-07T20:53:41.691000Z</time>
      </trkpt>
      <trkpt lat="41.704048" lon="45.262814">
        <ele>629.4</ele>
        <time>2024-12-07T20:53:43.178000Z</time>
      </trkpt>
      <trkpt lat="41.704022" lon="45.262668">
        <ele>629.5</ele>
        <time>2024-12-07T20:53:45.255000Z</time>
      </trkpt>
      <trkpt lat="41.703998" lon="45.262538">
        <ele>629.6</ele>
        <time>2024-12-07T20:53:47.108000Z</time>
      </trkpt>
      <trkpt lat="41.703978" lon="45.262435">
        <ele>629.7</ele>
        <time>2024-12-07T20:53:48.581000Z</time>
      </trkpt>
      <trkpt lat="41.703956" lon="45.262314">
        <ele>629.8</ele>
        <time>2024-12-07T20:53:50.304000Z</time>
      </trkpt>
      <trkpt lat="41.703933" lon="45.262187">
        <ele>629.9</ele>
        <time>2024-12-07T20:53:52.113000Z</time>
      </trkpt>
      <trkpt lat="41.70391" lon="45.262065">
        <ele>629.9</ele>
        <time>2024-12-07T20:53:53.853000Z</time>
      </trkpt>
      <trkpt lat="41.703887" lon="45.261923">
        <ele>630.1</ele>
        <time>2024-12-07T20:53:55.863000Z</time>
      </trkpt>
      <trkpt lat="41.703868" lon="45.261798">
        <ele>630.1</ele>
        <time>2024-12-07T20:53:57.629000Z</time>
      </trkpt>
      <trkpt lat="41.703849" lon="45.261702">
        <ele>630.2</ele>
        <time>2024-12-07T20:53:59.003000Z</time>
      </trkpt>
      <trkpt lat="41.703823" lon="45.261565">
        <ele>630.3</ele>
        <time>2024-12-07T20:54:00.959000Z</time>
      </trkpt>
      <trkpt lat="41.703806" lon="45.261443">
        <ele>630.4</ele>
        <time>2024-12-07T20:54:02.676000Z</time>
      </trkpt>
      <trkpt lat="41.703794" lon="45.26134">
        <ele>630.5</ele>
        <time>2024-12-07T20:54:04.119000Z</time>
      </trkpt>
      <trkpt lat="41.703776" lon="45.261199">
        <ele>630.7</ele>
        <time>2024-12-07T20:54:06.098000Z</time>
      </trkpt>
      <trkpt lat="41.703767" lon="45.261096">
        <ele>630.7</ele>
        <time>2024-12-07T20:54:07.533000Z</time>
      </trkpt>
      <trkpt lat="41.703753" lon="45.260981">
        <ele>630.8</ele>
        <time>2024-12-07T20:54:09.145000Z</time>
      </trkpt>
      <trkpt lat="41.703738" lon="45.26084">
        <ele>630.8</ele>
        <time>2024-12-07T20:54:11.116000Z</time>
      </trkpt>
      <trkpt lat="41.703729" lon="45.260734">
        <ele>630.9</ele>
        <time>2024-12-07T20:54:12.592000Z</time>
      </trkpt>
      <trkpt lat="41.703718" lon="45.260618">
        <ele>630.9</ele>
        <time>2024-12-07T20:54:14.210000Z</time>
      </trkpt>
      <trkpt lat="41.703707" lon="45.260481">
        <ele>631</ele>
        <time>2024-12-07T20:54:16.116000Z</time>
      </trkpt>
      <trkpt lat="41.703698" lon="45.260382">
        <ele>631</ele>
        <time>2024-12-07T20:54:17.496000Z</time>
      </trkpt>
      <trkpt lat="41.703691" lon="45.260268">
        <ele>631</ele>
        <time>2024-12-07T20:54:19.079000Z</time>
      </trkpt>
      <trkpt lat="41.703683" lon="45.260153">
        <ele>631.1</ele>
        <time>2024-12-07T20:54:20.677000Z</time>
      </trkpt>
      <trkpt lat="41.703675" lon="45.260018">
        <ele>631.1</ele>
        <time>2024-12-07T20:54:22.551000Z</time>
      </trkpt>
      <trkpt lat="41.703668" lon="45.259917">
        <ele>631.2</ele>
        <time>2024-12-07T20:54:23.955000Z</time>
      </trkpt>
      <trkpt lat="41.703663" lon="45.259805">
        <ele>631.2</ele>
        <time>2024-12-07T20:54:25.507000Z</time>
      </trkpt>
      <trkpt lat="41.703656" lon="45.259687">
        <ele>631.2</ele>
        <time>2024-12-07T20:54:27.145000Z</time>
      </trkpt>
      <trkpt lat="41.703652" lon="45.259573">
        <ele>631.3</ele>
        <time>2024-12-07T20:54:28.724000Z</time>
      </trkpt>
      <trkpt lat="41.703648" lon="45.259458">
        <ele>631.3</ele>
        <time>2024-12-07T20:54:30.317000Z</time>
      </trkpt>
      <trkpt lat="41.703648" lon="45.25934">
        <ele>631.3</ele>
        <time>2024-12-07T20:54:31.950000Z</time>
      </trkpt>
      <trkpt lat="41.703644" lon="45.259229">
        <ele>631.4</ele>
        <time>2024-12-07T20:54:33.487000Z</time>
      </trkpt>
      <trkpt lat="41.703641" lon="45.259118">
        <ele>631.4</ele>
        <time>2024-12-07T20:54:35.023000Z</time>
      </trkpt>
      <trkpt lat="41.70364" lon="45.259004">
        <ele>631.4</ele>
        <time>2024-12-07T20:54:36.601000Z</time>
      </trkpt>
      <trkpt lat="41.703637" lon="45.258893">
        <ele>631.5</ele>
        <time>2024-12-07T20:54:38.138000Z</time>
      </trkpt>
      <trkpt lat="41.703636" lon="45.258779">
        <ele>631.5</ele>
        <time>2024-12-07T20:54:39.716000Z</time>
      </trkpt>
      <trkpt lat="41.703633" lon="45.258664">
        <ele>631.6</ele>
        <time>2024-12-07T20:54:41.308000Z</time>
      </trkpt>
      <trkpt lat="41.703632" lon="45.258531">
        <ele>631.6</ele>
        <time>2024-12-07T20:54:43.149000Z</time>
      </trkpt>
      <trkpt lat="41.703632" lon="45.258429">
        <ele>631.6</ele>
        <time>2024-12-07T20:54:44.559000Z</time>
      </trkpt>
      <trkpt lat="41.703636" lon="45.258298">
        <ele>631.7</ele>
        <time>2024-12-07T20:54:46.373000Z</time>
      </trkpt>
      <trkpt lat="41.703639" lon="45.258181">
        <ele>631.7</ele>
        <time>2024-12-07T20:54:47.993000Z</time>
      </trkpt>
      <trkpt lat="41.703643" lon="45.258086">
        <ele>631.7</ele>
        <time>2024-12-07T20:54:49.310000Z</time>
      </trkpt>
      <trkpt lat="41.703647" lon="45.257974">
        <ele>631.8</ele>
        <time>2024-12-07T20:54:50.862000Z</time>
      </trkpt>
      <trkpt lat="41.703654" lon="45.25786">
        <ele>631.8</ele>
        <time>2024-12-07T20:54:52.444000Z</time>
      </trkpt>
      <trkpt lat="41.703658" lon="45.257746">
        <ele>631.8</ele>
        <time>2024-12-07T20:54:54.023000Z</time>
      </trkpt>
      <trkpt lat="41.703666" lon="45.257608">
        <ele>631.9</ele>
        <time>2024-12-07T20:54:55.938000Z</time>
      </trkpt>
      <trkpt lat="41.70367" lon="45.257506">
        <ele>632</ele>
        <time>2024-12-07T20:54:57.351000Z</time>
      </trkpt>
      <trkpt lat="41.703677" lon="45.257395">
        <ele>632</ele>
        <time>2024-12-07T20:54:58.893000Z</time>
      </trkpt>
      <trkpt lat="41.703688" lon="45.257257">
        <ele>632.1</ele>
        <time>2024-12-07T20:55:00.813000Z</time>
      </trkpt>
      <trkpt lat="41.703696" lon="45.257158">
        <ele>632.2</ele>
        <time>2024-12-07T20:55:02.191000Z</time>
      </trkpt>
      <trkpt lat="41.703704" lon="45.257044">
        <ele>632.2</ele>
        <time>2024-12-07T20:55:03.775000Z</time>
      </trkpt>
      <trkpt lat="41.703718" lon="45.256906">
        <ele>632.3</ele>
        <time>2024-12-07T20:55:05.703000Z</time>
      </trkpt>
      <trkpt lat="41.70373" lon="45.256807">
        <ele>632.4</ele>
        <time>2024-12-07T20:55:07.091000Z</time>
      </trkpt>
      <trkpt lat="41.703738" lon="45.256696">
        <ele>632.4</ele>
        <time>2024-12-07T20:55:08.633000Z</time>
      </trkpt>
      <trkpt lat="41.703752" lon="45.256559">
        <ele>632.5</ele>
        <time>2024-12-07T20:55:10.546000Z</time>
      </trkpt>
      <trkpt lat="41.703764" lon="45.256463">
        <ele>632.6</ele>
        <time>2024-12-07T20:55:11.894000Z</time>
      </trkpt>
      <trkpt lat="41.703776" lon="45.256353">
        <ele>632.7</ele>
        <time>2024-12-07T20:55:13.431000Z</time>
      </trkpt>
      <trkpt lat="41.70379" lon="45.256219">
        <ele>632.8</ele>
        <time>2024-12-07T20:55:15.304000Z</time>
      </trkpt>
      <trkpt lat="41.703806" lon="45.256101">
        <ele>632.9</ele>
        <time>2024-12-07T20:55:16.964000Z</time>
      </trkpt>
      <trkpt lat="41.703821" lon="45.255991">
        <ele>632.9</ele>
        <time>2024-12-07T20:55:18.510000Z</time>
      </trkpt>
      <trkpt lat="41.703836" lon="45.255877">
        <ele>633</ele>
        <time>2024-12-07T20:55:20.112000Z</time>
      </trkpt>
      <trkpt lat="41.703848" lon="45.255769">
        <ele>633.1</ele>
        <time>2024-12-07T20:55:21.622000Z</time>
      </trkpt>
      <trkpt lat="41.703863" lon="45.255652">
        <ele>633.2</ele>
        <time>2024-12-07T20:55:23.265000Z</time>
      </trkpt>
      <trkpt lat="41.703878" lon="45.255537">
        <ele>633.3</ele>
        <time>2024-12-07T20:55:24.880000Z</time>
      </trkpt>
      <trkpt lat="41.70389" lon="45.255445">
        <ele>633.4</ele>
        <time>2024-12-07T20:55:26.173000Z</time>
      </trkpt>
      <trkpt lat="41.703901" lon="45.255318">
        <ele>633.5</ele>
        <time>2024-12-07T20:55:27.942000Z</time>
      </trkpt>
      <trkpt lat="41.703916" lon="45.255204">
        <ele>633.6</ele>
        <time>2024-12-07T20:55:29.544000Z</time>
      </trkpt>
      <trkpt lat="41.703928" lon="45.25511">
        <ele>633.7</ele>
        <time>2024-12-07T20:55:30.864000Z</time>
      </trkpt>
      <trkpt lat="41.703943" lon="45.255002">
        <ele>633.9</ele>
        <time>2024-12-07T20:55:32.384000Z</time>
      </trkpt>
      <trkpt lat="41.703955" lon="45.254891">
        <ele>634</ele>
        <time>2024-12-07T20:55:33.935000Z</time>
      </trkpt>
      <trkpt lat="41.70397" lon="45.254778">
        <ele>634.2</ele>
        <time>2024-12-07T20:55:35.525000Z</time>
      </trkpt>
      <trkpt lat="41.703985" lon="45.254666">
        <ele>634.3</ele>
        <time>2024-12-07T20:55:37.099000Z</time>
      </trkpt>
      <trkpt lat="41.704003" lon="45.254536">
        <ele>634.5</ele>
        <time>2024-12-07T20:55:38.929000Z</time>
      </trkpt>
      <trkpt lat="41.704019" lon="45.254419">
        <ele>634.6</ele>
        <time>2024-12-07T20:55:40.574000Z</time>
      </trkpt>
      <trkpt lat="41.704031" lon="45.254328">
        <ele>634.7</ele>
        <time>2024-12-07T20:55:41.853000Z</time>
      </trkpt>
      <trkpt lat="41.704043" lon="45.254217">
        <ele>634.8</ele>
        <time>2024-12-07T20:55:43.405000Z</time>
      </trkpt>
      <trkpt lat="41.704057" lon="45.254083">
        <ele>635</ele>
        <time>2024-12-07T20:55:45.277000Z</time>
      </trkpt>
      <trkpt lat="41.704073" lon="45.253981">
        <ele>635.2</ele>
        <time>2024-12-07T20:55:46.719000Z</time>
      </trkpt>
      <trkpt lat="41.704088" lon="45.253866">
        <ele>635.3</ele>
        <time>2024-12-07T20:55:48.335000Z</time>
      </trkpt>
      <trkpt lat="41.704103" lon="45.253725">
        <ele>635.5</ele>
        <time>2024-12-07T20:55:50.305000Z</time>
      </trkpt>
      <trkpt lat="41.704118" lon="45.253603">
        <ele>635.7</ele>
        <time>2024-12-07T20:55:52.017000Z</time>
      </trkpt>
      <trkpt lat="41.70413" lon="45.253485">
        <ele>635.9</ele>
        <time>2024-12-07T20:55:53.665000Z</time>
      </trkpt>
      <trkpt lat="41.704142" lon="45.253383">
        <ele>636.1</ele>
        <time>2024-12-07T20:55:55.095000Z</time>
      </trkpt>
      <trkpt lat="41.704153" lon="45.253247">
        <ele>636.3</ele>
        <time>2024-12-07T20:55:56.987000Z</time>
      </trkpt>
      <trkpt lat="41.704165" lon="45.253123">
        <ele>636.6</ele>
        <time>2024-12-07T20:55:58.717000Z</time>
      </trkpt>
      <trkpt lat="41.70417" lon="45.253024">
        <ele>636.7</ele>
        <time>2024-12-07T20:56:00.091000Z</time>
      </trkpt>
      <trkpt lat="41.70418" lon="45.252909">
        <ele>636.9</ele>
        <time>2024-12-07T20:56:01.693000Z</time>
      </trkpt>
      <trkpt lat="41.704191" lon="45.252791">
        <ele>637.1</ele>
        <time>2024-12-07T20:56:03.338000Z</time>
      </trkpt>
      <trkpt lat="41.7042" lon="45.252669">
        <ele>637.4</ele>
        <time>2024-12-07T20:56:05.036000Z</time>
      </trkpt>
      <trkpt lat="41.704207" lon="45.252546">
        <ele>637.6</ele>
        <time>2024-12-07T20:56:06.742000Z</time>
      </trkpt>
      <trkpt lat="41.704215" lon="45.252424">
        <ele>637.8</ele>
        <time>2024-12-07T20:56:08.438000Z</time>
      </trkpt>
      <trkpt lat="41.704219" lon="45.252306">
        <ele>638</ele>
        <time>2024-12-07T20:56:10.073000Z</time>
      </trkpt>
      <trkpt lat="41.704226" lon="45.252185">
        <ele>638.2</ele>
        <time>2024-12-07T20:56:11.751000Z</time>
      </trkpt>
      <trkpt lat="41.704234" lon="45.252045">
        <ele>638.4</ele>
        <time>2024-12-07T20:56:13.695000Z</time>
      </trkpt>
      <trkpt lat="41.704238" lon="45.251921">
        <ele>638.6</ele>
        <time>2024-12-07T20:56:15.412000Z</time>
      </trkpt>
      <trkpt lat="41.704242" lon="45.251799">
        <ele>638.7</ele>
        <time>2024-12-07T20:56:17.102000Z</time>
      </trkpt>
      <trkpt lat="41.704246" lon="45.251677">
        <ele>638.9</ele>
        <time>2024-12-07T20:56:18.792000Z</time>
      </trkpt>
      <trkpt lat="41.704246" lon="45.251575">
        <ele>639.1</ele>
        <time>2024-12-07T20:56:20.204000Z</time>
      </trkpt>
      <trkpt lat="41.704246" lon="45.251433">
        <ele>639.3</ele>
        <time>2024-12-07T20:56:22.169000Z</time>
      </trkpt>
      <trkpt lat="41.704246" lon="45.25133">
        <ele>639.4</ele>
        <time>2024-12-07T20:56:23.594000Z</time>
      </trkpt>
      <trkpt lat="41.704246" lon="45.251215">
        <ele>639.6</ele>
        <time>2024-12-07T20:56:25.186000Z</time>
      </trkpt>
      <trkpt lat="41.704243" lon="45.25107">
        <ele>639.8</ele>
        <time>2024-12-07T20:56:27.193000Z</time>
      </trkpt>
      <trkpt lat="41.704239" lon="45.250948">
        <ele>640</ele>
        <time>2024-12-07T20:56:28.882000Z</time>
      </trkpt>
      <trkpt lat="41.704236" lon="45.250849">
        <ele>640.1</ele>
        <time>2024-12-07T20:56:30.253000Z</time>
      </trkpt>
      <trkpt lat="41.704232" lon="45.250734">
        <ele>640.3</ele>
        <time>2024-12-07T20:56:31.846000Z</time>
      </trkpt>
      <trkpt lat="41.704228" lon="45.2506">
        <ele>640.5</ele>
        <time>2024-12-07T20:56:33.703000Z</time>
      </trkpt>
      <trkpt lat="41.704224" lon="45.250502">
        <ele>640.6</ele>
        <time>2024-12-07T20:56:35.060000Z</time>
      </trkpt>
      <trkpt lat="41.70422" lon="45.25039">
        <ele>640.7</ele>
        <time>2024-12-07T20:56:36.612000Z</time>
      </trkpt>
      <trkpt lat="41.70421" lon="45.250256">
        <ele>640.8</ele>
        <time>2024-12-07T20:56:38.476000Z</time>
      </trkpt>
      <trkpt lat="41.704205" lon="45.250158">
        <ele>640.9</ele>
        <time>2024-12-07T20:56:39.834000Z</time>
      </trkpt>
      <trkpt lat="41.704198" lon="45.25005">
        <ele>641</ele>
        <time>2024-12-07T20:56:41.335000Z</time>
      </trkpt>
      <trkpt lat="41.704194" lon="45.249933">
        <ele>641.1</ele>
        <time>2024-12-07T20:56:42.956000Z</time>
      </trkpt>
      <trkpt lat="41.704183" lon="45.249818">
        <ele>641.2</ele>
        <time>2024-12-07T20:56:44.560000Z</time>
      </trkpt>
      <trkpt lat="41.704175" lon="45.249701">
        <ele>641.3</ele>
        <time>2024-12-07T20:56:46.186000Z</time>
      </trkpt>
      <trkpt lat="41.704168" lon="45.249586">
        <ele>641.4</ele>
        <time>2024-12-07T20:56:47.782000Z</time>
      </trkpt>
      <trkpt lat="41.704157" lon="45.249451">
        <ele>641.5</ele>
        <time>2024-12-07T20:56:49.661000Z</time>
      </trkpt>
      <trkpt lat="41.704145" lon="45.249334">
        <ele>641.6</ele>
        <time>2024-12-07T20:56:51.295000Z</time>
      </trkpt>
      <trkpt lat="41.704137" lon="45.249242">
        <ele>641.7</ele>
        <time>2024-12-07T20:56:52.577000Z</time>
      </trkpt>
      <trkpt lat="41.704126" lon="45.249134">
        <ele>641.8</ele>
        <time>2024-12-07T20:56:54.085000Z</time>
      </trkpt>
      <trkpt lat="41.704111" lon="45.249007">
        <ele>642</ele>
        <time>2024-12-07T20:56:55.864000Z</time>
      </trkpt>
      <trkpt lat="41.704099" lon="45.248914">
        <ele>642.1</ele>
        <time>2024-12-07T20:56:57.170000Z</time>
      </trkpt>
      <trkpt lat="41.704085" lon="45.2488">
        <ele>642.2</ele>
        <time>2024-12-07T20:56:58.769000Z</time>
      </trkpt>
      <trkpt lat="41.704073" lon="45.248683">
        <ele>642.3</ele>
        <time>2024-12-07T20:57:00.403000Z</time>
      </trkpt>
      <trkpt lat="41.704059" lon="45.24855">
        <ele>642.4</ele>
        <time>2024-12-07T20:57:02.261000Z</time>
      </trkpt>
      <trkpt lat="41.704049" lon="45.248443">
        <ele>642.5</ele>
        <time>2024-12-07T20:57:03.754000Z</time>
      </trkpt>
      <trkpt lat="41.704038" lon="45.248327">
        <ele>642.6</ele>
        <time>2024-12-07T20:57:05.372000Z</time>
      </trkpt>
      <trkpt lat="41.70403" lon="45.248212">
        <ele>642.7</ele>
        <time>2024-12-07T20:57:06.970000Z</time>
      </trkpt>
      <trkpt lat="41.704023" lon="45.248101">
        <ele>642.8</ele>
        <time>2024-12-07T20:57:08.511000Z</time>
      </trkpt>
      <trkpt lat="41.704015" lon="45.24799">
        <ele>642.9</ele>
        <time>2024-12-07T20:57:10.055000Z</time>
      </trkpt>
      <trkpt lat="41.704011" lon="45.24786">
        <ele>643.1</ele>
        <time>2024-12-07T20:57:11.855000Z</time>
      </trkpt>
      <trkpt lat="41.704003" lon="45.247762">
        <ele>643.2</ele>
        <time>2024-12-07T20:57:13.219000Z</time>
      </trkpt>
      <trkpt lat="41.703993" lon="45.247651">
        <ele>643.3</ele>
        <time>2024-12-07T20:57:14.766000Z</time>
      </trkpt>
      <trkpt lat="41.703981" lon="45.247534">
        <ele>643.4</ele>
        <time>2024-12-07T20:57:16.400000Z</time>
      </trkpt>
      <trkpt lat="41.70397" lon="45.247419">
        <ele>643.4</ele>
        <time>2024-12-07T20:57:18.004000Z</time>
      </trkpt>
      <trkpt lat="41.703958" lon="45.247304">
        <ele>643.6</ele>
        <time>2024-12-07T20:57:19.611000Z</time>
      </trkpt>
      <trkpt lat="41.703947" lon="45.247189">
        <ele>643.7</ele>
        <time>2024-12-07T20:57:21.215000Z</time>
      </trkpt>
      <trkpt lat="41.703939" lon="45.247072">
        <ele>643.8</ele>
        <time>2024-12-07T20:57:22.841000Z</time>
      </trkpt>
      <trkpt lat="41.703928" lon="45.246961">
        <ele>643.9</ele>
        <time>2024-12-07T20:57:24.390000Z</time>
      </trkpt>
      <trkpt lat="41.703916" lon="45.246831">
        <ele>644</ele>
        <time>2024-12-07T20:57:26.203000Z</time>
      </trkpt>
      <trkpt lat="41.703908" lon="45.246736">
        <ele>644.1</ele>
        <time>2024-12-07T20:57:27.525000Z</time>
      </trkpt>
      <trkpt lat="41.703897" lon="45.246629">
        <ele>644.2</ele>
        <time>2024-12-07T20:57:29.020000Z</time>
      </trkpt>
      <trkpt lat="41.703886" lon="45.246515">
        <ele>644.3</ele>
        <time>2024-12-07T20:57:30.611000Z</time>
      </trkpt>
      <trkpt lat="41.703874" lon="45.246387">
        <ele>644.4</ele>
        <time>2024-12-07T20:57:32.395000Z</time>
      </trkpt>
      <trkpt lat="41.703866" lon="45.246297">
        <ele>644.5</ele>
        <time>2024-12-07T20:57:33.650000Z</time>
      </trkpt>
      <trkpt lat="41.703855" lon="45.246193">
        <ele>644.6</ele>
        <time>2024-12-07T20:57:35.104000Z</time>
      </trkpt>
      <trkpt lat="41.703844" lon="45.246063">
        <ele>644.7</ele>
        <time>2024-12-07T20:57:36.914000Z</time>
      </trkpt>
      <trkpt lat="41.703836" lon="45.245969">
        <ele>644.8</ele>
        <time>2024-12-07T20:57:38.223000Z</time>
      </trkpt>
      <trkpt lat="41.703828" lon="45.245862">
        <ele>644.9</ele>
        <time>2024-12-07T20:57:39.711000Z</time>
      </trkpt>
      <trkpt lat="41.70382" lon="45.245754">
        <ele>645</ele>
        <time>2024-12-07T20:57:41.212000Z</time>
      </trkpt>
      <trkpt lat="41.703813" lon="45.245644">
        <ele>645.1</ele>
        <time>2024-12-07T20:57:42.739000Z</time>
      </trkpt>
      <trkpt lat="41.703802" lon="45.245533">
        <ele>645.2</ele>
        <time>2024-12-07T20:57:44.290000Z</time>
      </trkpt>
      <trkpt lat="41.703787" lon="45.245403">
        <ele>645.3</ele>
        <time>2024-12-07T20:57:46.110000Z</time>
      </trkpt>
      <trkpt lat="41.703778" lon="45.245309">
        <ele>645.4</ele>
        <time>2024-12-07T20:57:47.421000Z</time>
      </trkpt>
      <trkpt lat="41.703767" lon="45.245197">
        <ele>645.5</ele>
        <time>2024-12-07T20:57:48.984000Z</time>
      </trkpt>
      <trkpt lat="41.703759" lon="45.245084">
        <ele>645.6</ele>
        <time>2024-12-07T20:57:50.554000Z</time>
      </trkpt>
      <trkpt lat="41.703748" lon="45.24497">
        <ele>645.7</ele>
        <time>2024-12-07T20:57:52.146000Z</time>
      </trkpt>
      <trkpt lat="41.70374" lon="45.244858">
        <ele>645.9</ele>
        <time>2024-12-07T20:57:53.702000Z</time>
      </trkpt>
      <trkpt lat="41.703729" lon="45.244747">
        <ele>646</ele>
        <time>2024-12-07T20:57:55.251000Z</time>
      </trkpt>
      <trkpt lat="41.703718" lon="45.244634">
        <ele>646.1</ele>
        <time>2024-12-07T20:57:56.828000Z</time>
      </trkpt>
      <trkpt lat="41.703703" lon="45.244522">
        <ele>646.3</ele>
        <time>2024-12-07T20:57:58.403000Z</time>
      </trkpt>
      <trkpt lat="41.703691" lon="45.244399">
        <ele>646.4</ele>
        <time>2024-12-07T20:58:00.120000Z</time>
      </trkpt>
      <trkpt lat="41.70368" lon="45.244305">
        <ele>646.6</ele>
        <time>2024-12-07T20:58:01.436000Z</time>
      </trkpt>
      <trkpt lat="41.703672" lon="45.244195">
        <ele>646.7</ele>
        <time>2024-12-07T20:58:02.966000Z</time>
      </trkpt>
      <trkpt lat="41.703661" lon="45.244065">
        <ele>646.9</ele>
        <time>2024-12-07T20:58:04.777000Z</time>
      </trkpt>
      <trkpt lat="41.703649" lon="45.243947">
        <ele>647.1</ele>
        <time>2024-12-07T20:58:06.424000Z</time>
      </trkpt>
      <trkpt lat="41.703641" lon="45.243853">
        <ele>647.2</ele>
        <time>2024-12-07T20:58:07.733000Z</time>
      </trkpt>
      <trkpt lat="41.703633" lon="45.243748">
        <ele>647.3</ele>
        <time>2024-12-07T20:58:09.194000Z</time>
      </trkpt>
      <trkpt lat="41.703623" lon="45.243615">
        <ele>647.5</ele>
        <time>2024-12-07T20:58:11.043000Z</time>
      </trkpt>
      <trkpt lat="41.703614" lon="45.24352">
        <ele>647.6</ele>
        <time>2024-12-07T20:58:12.369000Z</time>
      </trkpt>
      <trkpt lat="41.703604" lon="45.243413">
        <ele>647.7</ele>
        <time>2024-12-07T20:58:13.861000Z</time>
      </trkpt>
      <trkpt lat="41.703592" lon="45.243302">
        <ele>647.8</ele>
        <time>2024-12-07T20:58:15.413000Z</time>
      </trkpt>
      <trkpt lat="41.703581" lon="45.243188">
        <ele>648</ele>
        <time>2024-12-07T20:58:17.004000Z</time>
      </trkpt>
      <trkpt lat="41.703569" lon="45.243077">
        <ele>648.1</ele>
        <time>2024-12-07T20:58:18.556000Z</time>
      </trkpt>
      <trkpt lat="41.703554" lon="45.242943">
        <ele>648.3</ele>
        <time>2024-12-07T20:58:20.431000Z</time>
      </trkpt>
      <trkpt lat="41.703546" lon="45.242849">
        <ele>648.4</ele>
        <time>2024-12-07T20:58:21.740000Z</time>
      </trkpt>
      <trkpt lat="41.703535" lon="45.242744">
        <ele>648.6</ele>
        <time>2024-12-07T20:58:23.207000Z</time>
      </trkpt>
      <trkpt lat="41.703527" lon="45.242634">
        <ele>648.7</ele>
        <time>2024-12-07T20:58:24.736000Z</time>
      </trkpt>
      <trkpt lat="41.703516" lon="45.242523">
        <ele>648.9</ele>
        <time>2024-12-07T20:58:26.285000Z</time>
      </trkpt>
      <trkpt lat="41.703504" lon="45.242413">
        <ele>649</ele>
        <time>2024-12-07T20:58:27.825000Z</time>
      </trkpt>
      <trkpt lat="41.703496" lon="45.242305">
        <ele>649.1</ele>
        <time>2024-12-07T20:58:29.326000Z</time>
      </trkpt>
      <trkpt lat="41.703489" lon="45.242199">
        <ele>649.3</ele>
        <time>2024-12-07T20:58:30.799000Z</time>
      </trkpt>
      <trkpt lat="41.703478" lon="45.242093">
        <ele>649.4</ele>
        <time>2024-12-07T20:58:32.280000Z</time>
      </trkpt>
      <trkpt lat="41.703466" lon="45.241966">
        <ele>649.5</ele>
        <time>2024-12-07T20:58:34.051000Z</time>
      </trkpt>
      <trkpt lat="41.703458" lon="45.241872">
        <ele>649.7</ele>
        <time>2024-12-07T20:58:35.360000Z</time>
      </trkpt>
      <trkpt lat="41.70345" lon="45.241768">
        <ele>649.8</ele>
        <time>2024-12-07T20:58:36.807000Z</time>
      </trkpt>
      <trkpt lat="41.703439" lon="45.241641">
        <ele>650</ele>
        <time>2024-12-07T20:58:38.576000Z</time>
      </trkpt>
      <trkpt lat="41.703435" lon="45.241551">
        <ele>650.1</ele>
        <time>2024-12-07T20:58:39.824000Z</time>
      </trkpt>
      <trkpt lat="41.703427" lon="45.241447">
        <ele>650.2</ele>
        <time>2024-12-07T20:58:41.271000Z</time>
      </trkpt>
      <trkpt lat="41.70342" lon="45.241341">
        <ele>650.4</ele>
        <time>2024-12-07T20:58:42.743000Z</time>
      </trkpt>
      <trkpt lat="41.703412" lon="45.241234">
        <ele>650.5</ele>
        <time>2024-12-07T20:58:44.231000Z</time>
      </trkpt>
      <trkpt lat="41.703405" lon="45.241123">
        <ele>650.6</ele>
        <time>2024-12-07T20:58:45.772000Z</time>
      </trkpt>
      <trkpt lat="41.703397" lon="45.240997">
        <ele>650.7</ele>
        <time>2024-12-07T20:58:47.522000Z</time>
      </trkpt>
      <trkpt lat="41.703393" lon="45.24091">
        <ele>650.8</ele>
        <time>2024-12-07T20:58:48.728000Z</time>
      </trkpt>
      <trkpt lat="41.703385" lon="45.240807">
        <ele>651</ele>
        <time>2024-12-07T20:58:50.161000Z</time>
      </trkpt>
      <trkpt lat="41.703381" lon="45.240696">
        <ele>651.2</ele>
        <time>2024-12-07T20:58:51.699000Z</time>
      </trkpt>
      <trkpt lat="41.703377" lon="45.24057">
        <ele>651.4</ele>
        <time>2024-12-07T20:58:53.445000Z</time>
      </trkpt>
      <trkpt lat="41.703377" lon="45.240479">
        <ele>651.5</ele>
        <time>2024-12-07T20:58:54.704000Z</time>
      </trkpt>
      <trkpt lat="41.703374" lon="45.240376">
        <ele>651.7</ele>
        <time>2024-12-07T20:58:56.130000Z</time>
      </trkpt>
      <trkpt lat="41.70337" lon="45.240269">
        <ele>651.9</ele>
        <time>2024-12-07T20:58:57.614000Z</time>
      </trkpt>
      <trkpt lat="41.703369" lon="45.240162">
        <ele>652.1</ele>
        <time>2024-12-07T20:58:59.094000Z</time>
      </trkpt>
      <trkpt lat="41.703369" lon="45.240055">
        <ele>652.2</ele>
        <time>2024-12-07T20:59:00.575000Z</time>
      </trkpt>
      <trkpt lat="41.703369" lon="45.239948">
        <ele>652.4</ele>
        <time>2024-12-07T20:59:02.055000Z</time>
      </trkpt>
      <trkpt lat="41.703369" lon="45.239841">
        <ele>652.6</ele>
        <time>2024-12-07T20:59:03.536000Z</time>
      </trkpt>
      <trkpt lat="41.703372" lon="45.239715">
        <ele>652.8</ele>
        <time>2024-12-07T20:59:05.281000Z</time>
      </trkpt>
      <trkpt lat="41.703373" lon="45.239625">
        <ele>653</ele>
        <time>2024-12-07T20:59:06.527000Z</time>
      </trkpt>
      <trkpt lat="41.703373" lon="45.239521">
        <ele>653.2</ele>
        <time>2024-12-07T20:59:07.967000Z</time>
      </trkpt>
      <trkpt lat="41.703376" lon="45.239414">
        <ele>653.4</ele>
        <time>2024-12-07T20:59:09.448000Z</time>
      </trkpt>
      <trkpt lat="41.703377" lon="45.239311">
        <ele>653.6</ele>
        <time>2024-12-07T20:59:10.874000Z</time>
      </trkpt>
      <trkpt lat="41.70338" lon="45.239208">
        <ele>653.8</ele>
        <time>2024-12-07T20:59:12.300000Z</time>
      </trkpt>
      <trkpt lat="41.703384" lon="45.239088">
        <ele>654.1</ele>
        <time>2024-12-07T20:59:13.963000Z</time>
      </trkpt>
      <trkpt lat="41.703388" lon="45.238999">
        <ele>654.2</ele>
        <time>2024-12-07T20:59:15.196000Z</time>
      </trkpt>
      <trkpt lat="41.703391" lon="45.238896">
        <ele>654.4</ele>
        <time>2024-12-07T20:59:16.623000Z</time>
      </trkpt>
      <trkpt lat="41.703402" lon="45.238777">
        <ele>654.7</ele>
        <time>2024-12-07T20:59:18.283000Z</time>
      </trkpt>
      <trkpt lat="41.703407" lon="45.238666">
        <ele>654.8</ele>
        <time>2024-12-07T20:59:19.822000Z</time>
      </trkpt>
      <trkpt lat="41.703414" lon="45.23858">
        <ele>655</ele>
        <time>2024-12-07T20:59:21.019000Z</time>
      </trkpt>
      <trkpt lat="41.703418" lon="45.238476">
        <ele>655.2</ele>
        <time>2024-12-07T20:59:22.460000Z</time>
      </trkpt>
      <trkpt lat="41.703429" lon="45.238355">
        <ele>655.4</ele>
        <time>2024-12-07T20:59:24.148000Z</time>
      </trkpt>
      <trkpt lat="41.703433" lon="45.238263">
        <ele>655.5</ele>
        <time>2024-12-07T20:59:25.422000Z</time>
      </trkpt>
      <trkpt lat="41.703444" lon="45.238163">
        <ele>655.7</ele>
        <time>2024-12-07T20:59:26.821000Z</time>
      </trkpt>
      <trkpt lat="41.703455" lon="45.238063">
        <ele>655.9</ele>
        <time>2024-12-07T20:59:28.220000Z</time>
      </trkpt>
      <trkpt lat="41.703467" lon="45.23796">
        <ele>656</ele>
        <time>2024-12-07T20:59:29.663000Z</time>
      </trkpt>
      <trkpt lat="41.703478" lon="45.237854">
        <ele>656.2</ele>
        <time>2024-12-07T20:59:31.144000Z</time>
      </trkpt>
      <trkpt lat="41.703493" lon="45.237751">
        <ele>656.3</ele>
        <time>2024-12-07T20:59:32.597000Z</time>
      </trkpt>
      <trkpt lat="41.703505" lon="45.237645">
        <ele>656.5</ele>
        <time>2024-12-07T20:59:34.080000Z</time>
      </trkpt>
      <trkpt lat="41.70352" lon="45.237538">
        <ele>656.6</ele>
        <time>2024-12-07T20:59:35.587000Z</time>
      </trkpt>
      <trkpt lat="41.703535" lon="45.237427">
        <ele>656.8</ele>
        <time>2024-12-07T20:59:37.147000Z</time>
      </trkpt>
      <trkpt lat="41.70355" lon="45.23732">
        <ele>656.9</ele>
        <time>2024-12-07T20:59:38.654000Z</time>
      </trkpt>
      <trkpt lat="41.703569" lon="45.237193">
        <ele>657</ele>
        <time>2024-12-07T20:59:40.447000Z</time>
      </trkpt>
      <trkpt lat="41.703584" lon="45.237097">
        <ele>657.1</ele>
        <time>2024-12-07T20:59:41.803000Z</time>
      </trkpt>
      <trkpt lat="41.703596" lon="45.236995">
        <ele>657.2</ele>
        <time>2024-12-07T20:59:43.232000Z</time>
      </trkpt>
      <trkpt lat="41.703611" lon="45.236886">
        <ele>657.3</ele>
        <time>2024-12-07T20:59:44.765000Z</time>
      </trkpt>
      <trkpt lat="41.703626" lon="45.236759">
        <ele>657.4</ele>
        <time>2024-12-07T20:59:46.545000Z</time>
      </trkpt>
      <trkpt lat="41.703638" lon="45.236665">
        <ele>657.4</ele>
        <time>2024-12-07T20:59:47.864000Z</time>
      </trkpt>
      <trkpt lat="41.703653" lon="45.236558">
        <ele>657.4</ele>
        <time>2024-12-07T20:59:49.371000Z</time>
      </trkpt>
      <trkpt lat="41.703675" lon="45.236428">
        <ele>657.5</ele>
        <time>2024-12-07T20:59:51.215000Z</time>
      </trkpt>
      <trkpt lat="41.703691" lon="45.236336">
        <ele>657.5</ele>
        <time>2024-12-07T20:59:52.522000Z</time>
      </trkpt>
      <trkpt lat="41.70371" lon="45.236233">
        <ele>657.5</ele>
        <time>2024-12-07T20:59:53.990000Z</time>
      </trkpt>
      <trkpt lat="41.703729" lon="45.236126">
        <ele>657.5</ele>
        <time>2024-12-07T20:59:55.513000Z</time>
      </trkpt>
      <trkpt lat="41.703748" lon="45.236016">
        <ele>657.5</ele>
        <time>2024-12-07T20:59:57.074000Z</time>
      </trkpt>
      <trkpt lat="41.703773" lon="45.235909">
        <ele>657.5</ele>
        <time>2024-12-07T20:59:58.626000Z</time>
      </trkpt>
      <trkpt lat="41.703797" lon="45.235801">
        <ele>657.5</ele>
        <time>2024-12-07T21:00:00.185000Z</time>
      </trkpt>
      <trkpt lat="41.70382" lon="45.235695">
        <ele>657.5</ele>
        <time>2024-12-07T21:00:01.712000Z</time>
      </trkpt>
      <trkpt lat="41.703839" lon="45.235585">
        <ele>657.4</ele>
        <time>2024-12-07T21:00:03.274000Z</time>
      </trkpt>
      <trkpt lat="41.703865" lon="45.235481">
        <ele>657.4</ele>
        <time>2024-12-07T21:00:04.792000Z</time>
      </trkpt>
      <trkpt lat="41.703888" lon="45.235378">
        <ele>657.4</ele>
        <time>2024-12-07T21:00:06.280000Z</time>
      </trkpt>
      <trkpt lat="41.703911" lon="45.235272">
        <ele>657.4</ele>
        <time>2024-12-07T21:00:07.806000Z</time>
      </trkpt>
      <trkpt lat="41.703934" lon="45.235168">
        <ele>657.5</ele>
        <time>2024-12-07T21:00:09.307000Z</time>
      </trkpt>
      <trkpt lat="41.703957" lon="45.235065">
        <ele>657.5</ele>
        <time>2024-12-07T21:00:10.795000Z</time>
      </trkpt>
      <trkpt lat="41.70398" lon="45.234962">
        <ele>657.5</ele>
        <time>2024-12-07T21:00:12.282000Z</time>
      </trkpt>
      <trkpt lat="41.704006" lon="45.234855">
        <ele>657.5</ele>
        <time>2024-12-07T21:00:13.839000Z</time>
      </trkpt>
      <trkpt lat="41.704036" lon="45.234752">
        <ele>657.6</ele>
        <time>2024-12-07T21:00:15.369000Z</time>
      </trkpt>
      <trkpt lat="41.704063" lon="45.234652">
        <ele>657.6</ele>
        <time>2024-12-07T21:00:16.840000Z</time>
      </trkpt>
      <trkpt lat="41.704093" lon="45.23455">
        <ele>657.6</ele>
        <time>2024-12-07T21:00:18.357000Z</time>
      </trkpt>
      <trkpt lat="41.704124" lon="45.234434">
        <ele>657.7</ele>
        <time>2024-12-07T21:00:20.062000Z</time>
      </trkpt>
      <trkpt lat="41.704151" lon="45.234348">
        <ele>657.7</ele>
        <time>2024-12-07T21:00:21.353000Z</time>
      </trkpt>
      <trkpt lat="41.704178" lon="45.234249">
        <ele>657.8</ele>
        <time>2024-12-07T21:00:22.811000Z</time>
      </trkpt>
      <trkpt lat="41.704205" lon="45.234149">
        <ele>657.8</ele>
        <time>2024-12-07T21:00:24.282000Z</time>
      </trkpt>
      <trkpt lat="41.704234" lon="45.234047">
        <ele>657.9</ele>
        <time>2024-12-07T21:00:25.793000Z</time>
      </trkpt>
      <trkpt lat="41.704265" lon="45.233947">
        <ele>658</ele>
        <time>2024-12-07T21:00:27.290000Z</time>
      </trkpt>
      <trkpt lat="41.704302" lon="45.233834">
        <ele>658.1</ele>
        <time>2024-12-07T21:00:28.998000Z</time>
      </trkpt>
      <trkpt lat="41.704327" lon="45.233753">
        <ele>658.2</ele>
        <time>2024-12-07T21:00:30.211000Z</time>
      </trkpt>
      <trkpt lat="41.704357" lon="45.233657">
        <ele>658.2</ele>
        <time>2024-12-07T21:00:31.651000Z</time>
      </trkpt>
      <trkpt lat="41.704387" lon="45.233558">
        <ele>658.4</ele>
        <time>2024-12-07T21:00:33.129000Z</time>
      </trkpt>
      <trkpt lat="41.704417" lon="45.233462">
        <ele>658.4</ele>
        <time>2024-12-07T21:00:34.569000Z</time>
      </trkpt>
      <trkpt lat="41.704448" lon="45.233367">
        <ele>658.6</ele>
        <time>2024-12-07T21:00:36.004000Z</time>
      </trkpt>
      <trkpt lat="41.704479" lon="45.233271">
        <ele>658.7</ele>
        <time>2024-12-07T21:00:37.451000Z</time>
      </trkpt>
      <trkpt lat="41.704509" lon="45.233176">
        <ele>658.8</ele>
        <time>2024-12-07T21:00:38.878000Z</time>
      </trkpt>
      <trkpt lat="41.70454" lon="45.233083">
        <ele>658.9</ele>
        <time>2024-12-07T21:00:40.288000Z</time>
      </trkpt>
      <trkpt lat="41.704567" lon="45.232992">
        <ele>659.1</ele>
        <time>2024-12-07T21:00:41.643000Z</time>
      </trkpt>
      <trkpt lat="41.704594" lon="45.2329">
        <ele>659.2</ele>
        <time>2024-12-07T21:00:43.011000Z</time>
      </trkpt>
      <trkpt lat="41.704624" lon="45.232812">
        <ele>659.3</ele>
        <time>2024-12-07T21:00:44.349000Z</time>
      </trkpt>
      <trkpt lat="41.704657" lon="45.232702">
        <ele>659.5</ele>
        <time>2024-12-07T21:00:45.990000Z</time>
      </trkpt>
      <trkpt lat="41.704682" lon="45.232624">
        <ele>659.6</ele>
        <time>2024-12-07T21:00:47.164000Z</time>
      </trkpt>
      <trkpt lat="41.704711" lon="45.232535">
        <ele>659.7</ele>
        <time>2024-12-07T21:00:48.508000Z</time>
      </trkpt>
      <trkpt lat="41.704742" lon="45.232443">
        <ele>659.8</ele>
        <time>2024-12-07T21:00:49.904000Z</time>
      </trkpt>
      <trkpt lat="41.704776" lon="45.232331">
        <ele>660</ele>
        <time>2024-12-07T21:00:51.578000Z</time>
      </trkpt>
      <trkpt lat="41.704807" lon="45.232237">
        <ele>660.1</ele>
        <time>2024-12-07T21:00:53Z</time>
      </trkpt>
      <trkpt lat="41.704834" lon="45.232148">
        <ele>660.3</ele>
        <time>2024-12-07T21:00:54.330000Z</time>
      </trkpt>
      <trkpt lat="41.704857" lon="45.232074">
        <ele>660.4</ele>
        <time>2024-12-07T21:00:55.439000Z</time>
      </trkpt>
      <trkpt lat="41.70489" lon="45.231985">
        <ele>660.5</ele>
        <time>2024-12-07T21:00:56.814000Z</time>
      </trkpt>
      <trkpt lat="41.704924" lon="45.23188">
        <ele>660.7</ele>
        <time>2024-12-07T21:00:58.397000Z</time>
      </trkpt>
      <trkpt lat="41.704955" lon="45.231787">
        <ele>660.8</ele>
        <time>2024-12-07T21:00:59.807000Z</time>
      </trkpt>
      <trkpt lat="41.704979" lon="45.231712">
        <ele>660.9</ele>
        <time>2024-12-07T21:01:00.936000Z</time>
      </trkpt>
      <trkpt lat="41.705009" lon="45.231622">
        <ele>661</ele>
        <time>2024-12-07T21:01:02.300000Z</time>
      </trkpt>
      <trkpt lat="41.705036" lon="45.231531">
        <ele>661.2</ele>
        <time>2024-12-07T21:01:03.655000Z</time>
      </trkpt>
      <trkpt lat="41.705066" lon="45.231443">
        <ele>661.3</ele>
        <time>2024-12-07T21:01:04.994000Z</time>
      </trkpt>
      <trkpt lat="41.705097" lon="45.231351">
        <ele>661.4</ele>
        <time>2024-12-07T21:01:06.391000Z</time>
      </trkpt>
      <trkpt lat="41.705124" lon="45.231259">
        <ele>661.6</ele>
        <time>2024-12-07T21:01:07.758000Z</time>
      </trkpt>
      <trkpt lat="41.705154" lon="45.231166">
        <ele>661.7</ele>
        <time>2024-12-07T21:01:09.161000Z</time>
      </trkpt>
      <trkpt lat="41.705181" lon="45.231073">
        <ele>661.8</ele>
        <time>2024-12-07T21:01:10.541000Z</time>
      </trkpt>
      <trkpt lat="41.705218" lon="45.230969">
        <ele>662</ele>
        <time>2024-12-07T21:01:12.135000Z</time>
      </trkpt>
      <trkpt lat="41.705243" lon="45.230891">
        <ele>662.1</ele>
        <time>2024-12-07T21:01:13.310000Z</time>
      </trkpt>
      <trkpt lat="41.705272" lon="45.230802">
        <ele>662.2</ele>
        <time>2024-12-07T21:01:14.653000Z</time>
      </trkpt>
      <trkpt lat="41.705303" lon="45.230708">
        <ele>662.4</ele>
        <time>2024-12-07T21:01:16.075000Z</time>
      </trkpt>
      <trkpt lat="41.705333" lon="45.230612">
        <ele>662.5</ele>
        <time>2024-12-07T21:01:17.515000Z</time>
      </trkpt>
      <trkpt lat="41.70537" lon="45.230501">
        <ele>662.6</ele>
        <time>2024-12-07T21:01:19.197000Z</time>
      </trkpt>
      <trkpt lat="41.705405" lon="45.230402">
        <ele>662.7</ele>
        <time>2024-12-07T21:01:20.714000Z</time>
      </trkpt>
      <trkpt lat="41.70543" lon="45.230323">
        <ele>662.8</ele>
        <time>2024-12-07T21:01:21.900000Z</time>
      </trkpt>
      <trkpt lat="41.705465" lon="45.230215">
        <ele>662.9</ele>
        <time>2024-12-07T21:01:23.530000Z</time>
      </trkpt>
      <trkpt lat="41.705497" lon="45.230116">
        <ele>663.1</ele>
        <time>2024-12-07T21:01:25.023000Z</time>
      </trkpt>
      <trkpt lat="41.705518" lon="45.23004">
        <ele>663.1</ele>
        <time>2024-12-07T21:01:26.143000Z</time>
      </trkpt>
      <trkpt lat="41.70555" lon="45.229933">
        <ele>663.2</ele>
        <time>2024-12-07T21:01:27.739000Z</time>
      </trkpt>
      <trkpt lat="41.705578" lon="45.229851">
        <ele>663.3</ele>
        <time>2024-12-07T21:01:28.986000Z</time>
      </trkpt>
      <trkpt lat="41.705611" lon="45.229755">
        <ele>663.4</ele>
        <time>2024-12-07T21:01:30.449000Z</time>
      </trkpt>
      <trkpt lat="41.705649" lon="45.229639">
        <ele>663.5</ele>
        <time>2024-12-07T21:01:32.202000Z</time>
      </trkpt>
      <trkpt lat="41.70568" lon="45.229537">
        <ele>663.5</ele>
        <time>2024-12-07T21:01:33.725000Z</time>
      </trkpt>
      <trkpt lat="41.705704" lon="45.229454">
        <ele>663.6</ele>
        <time>2024-12-07T21:01:34.957000Z</time>
      </trkpt>
      <trkpt lat="41.705737" lon="45.229358">
        <ele>663.7</ele>
        <time>2024-12-07T21:01:36.419000Z</time>
      </trkpt>
      <trkpt lat="41.705771" lon="45.229245">
        <ele>663.7</ele>
        <time>2024-12-07T21:01:38.105000Z</time>
      </trkpt>
      <trkpt lat="41.705799" lon="45.22916">
        <ele>663.8</ele>
        <time>2024-12-07T21:01:39.390000Z</time>
      </trkpt>
      <trkpt lat="41.705829" lon="45.229063">
        <ele>663.9</ele>
        <time>2024-12-07T21:01:40.843000Z</time>
      </trkpt>
      <trkpt lat="41.70586" lon="45.228961">
        <ele>664</ele>
        <time>2024-12-07T21:01:42.366000Z</time>
      </trkpt>
      <trkpt lat="41.705893" lon="45.228862">
        <ele>664</ele>
        <time>2024-12-07T21:01:43.866000Z</time>
      </trkpt>
      <trkpt lat="41.705934" lon="45.22874">
        <ele>664.1</ele>
        <time>2024-12-07T21:01:45.718000Z</time>
      </trkpt>
      <trkpt lat="41.70597" lon="45.22863">
        <ele>664.2</ele>
        <time>2024-12-07T21:01:47.379000Z</time>
      </trkpt>
      <trkpt lat="41.705997" lon="45.22854">
        <ele>664.3</ele>
        <time>2024-12-07T21:01:48.722000Z</time>
      </trkpt>
      <trkpt lat="41.706037" lon="45.228416">
        <ele>664.4</ele>
        <time>2024-12-07T21:01:50.590000Z</time>
      </trkpt>
      <trkpt lat="41.706063" lon="45.228326">
        <ele>664.4</ele>
        <time>2024-12-07T21:01:51.926000Z</time>
      </trkpt>
      <trkpt lat="41.706092" lon="45.228229">
        <ele>664.5</ele>
        <time>2024-12-07T21:01:53.371000Z</time>
      </trkpt>
      <trkpt lat="41.706126" lon="45.228126">
        <ele>664.6</ele>
        <time>2024-12-07T21:01:54.930000Z</time>
      </trkpt>
      <trkpt lat="41.706157" lon="45.228026">
        <ele>664.7</ele>
        <time>2024-12-07T21:01:56.428000Z</time>
      </trkpt>
      <trkpt lat="41.706191" lon="45.227927">
        <ele>664.8</ele>
        <time>2024-12-07T21:01:57.935000Z</time>
      </trkpt>
      <trkpt lat="41.706225" lon="45.227815">
        <ele>664.9</ele>
        <time>2024-12-07T21:01:59.609000Z</time>
      </trkpt>
      <trkpt lat="41.706253" lon="45.22773">
        <ele>665</ele>
        <time>2024-12-07T21:02:00.894000Z</time>
      </trkpt>
      <trkpt lat="41.70628" lon="45.227634">
        <ele>665.1</ele>
        <time>2024-12-07T21:02:02.314000Z</time>
      </trkpt>
      <trkpt lat="41.70631" lon="45.227538">
        <ele>665.2</ele>
        <time>2024-12-07T21:02:03.753000Z</time>
      </trkpt>
      <trkpt lat="41.706343" lon="45.227442">
        <ele>665.3</ele>
        <time>2024-12-07T21:02:05.217000Z</time>
      </trkpt>
      <trkpt lat="41.706375" lon="45.22734">
        <ele>665.4</ele>
        <time>2024-12-07T21:02:06.748000Z</time>
      </trkpt>
      <trkpt lat="41.706408" lon="45.227241">
        <ele>665.6</ele>
        <time>2024-12-07T21:02:08.247000Z</time>
      </trkpt>
      <trkpt lat="41.706443" lon="45.227138">
        <ele>665.7</ele>
        <time>2024-12-07T21:02:09.814000Z</time>
      </trkpt>
      <trkpt lat="41.706474" lon="45.227038">
        <ele>665.8</ele>
        <time>2024-12-07T21:02:11.312000Z</time>
      </trkpt>
      <trkpt lat="41.706504" lon="45.226939">
        <ele>666</ele>
        <time>2024-12-07T21:02:12.790000Z</time>
      </trkpt>
      <trkpt lat="41.706535" lon="45.226839">
        <ele>666.1</ele>
        <time>2024-12-07T21:02:14.289000Z</time>
      </trkpt>
      <trkpt lat="41.706569" lon="45.226744">
        <ele>666.2</ele>
        <time>2024-12-07T21:02:15.746000Z</time>
      </trkpt>
      <trkpt lat="41.706599" lon="45.226646">
        <ele>666.4</ele>
        <time>2024-12-07T21:02:17.211000Z</time>
      </trkpt>
      <trkpt lat="41.706629" lon="45.226546">
        <ele>666.5</ele>
        <time>2024-12-07T21:02:18.702000Z</time>
      </trkpt>
      <trkpt lat="41.70666" lon="45.226447">
        <ele>666.6</ele>
        <time>2024-12-07T21:02:20.189000Z</time>
      </trkpt>
      <trkpt lat="41.706694" lon="45.226345">
        <ele>666.7</ele>
        <time>2024-12-07T21:02:21.733000Z</time>
      </trkpt>
      <trkpt lat="41.706726" lon="45.226245">
        <ele>666.8</ele>
        <time>2024-12-07T21:02:23.240000Z</time>
      </trkpt>
      <trkpt lat="41.706753" lon="45.226145">
        <ele>666.9</ele>
        <time>2024-12-07T21:02:24.711000Z</time>
      </trkpt>
      <trkpt lat="41.706783" lon="45.22605">
        <ele>667.1</ele>
        <time>2024-12-07T21:02:26.138000Z</time>
      </trkpt>
      <trkpt lat="41.706816" lon="45.225938">
        <ele>667.1</ele>
        <time>2024-12-07T21:02:27.804000Z</time>
      </trkpt>
      <trkpt lat="41.706848" lon="45.22584">
        <ele>667.2</ele>
        <time>2024-12-07T21:02:29.284000Z</time>
      </trkpt>
      <trkpt lat="41.706875" lon="45.225761">
        <ele>667.3</ele>
        <time>2024-12-07T21:02:30.486000Z</time>
      </trkpt>
      <trkpt lat="41.706911" lon="45.225648">
        <ele>667.4</ele>
        <time>2024-12-07T21:02:32.186000Z</time>
      </trkpt>
      <trkpt lat="41.706943" lon="45.22555">
        <ele>667.5</ele>
        <time>2024-12-07T21:02:33.666000Z</time>
      </trkpt>
      <trkpt lat="41.706967" lon="45.225471">
        <ele>667.6</ele>
        <time>2024-12-07T21:02:34.847000Z</time>
      </trkpt>
      <trkpt lat="41.706993" lon="45.225381">
        <ele>667.7</ele>
        <time>2024-12-07T21:02:36.181000Z</time>
      </trkpt>
      <trkpt lat="41.707023" lon="45.22529">
        <ele>667.8</ele>
        <time>2024-12-07T21:02:37.558000Z</time>
      </trkpt>
      <trkpt lat="41.707057" lon="45.225179">
        <ele>667.9</ele>
        <time>2024-12-07T21:02:39.217000Z</time>
      </trkpt>
      <trkpt lat="41.707088" lon="45.225081">
        <ele>668</ele>
        <time>2024-12-07T21:02:40.691000Z</time>
      </trkpt>
      <trkpt lat="41.707118" lon="45.224982">
        <ele>668.2</ele>
        <time>2024-12-07T21:02:42.169000Z</time>
      </trkpt>
      <trkpt lat="41.707142" lon="45.224902">
        <ele>668.3</ele>
        <time>2024-12-07T21:02:43.362000Z</time>
      </trkpt>
      <trkpt lat="41.707178" lon="45.22479">
        <ele>668.4</ele>
        <time>2024-12-07T21:02:45.049000Z</time>
      </trkpt>
      <trkpt lat="41.707213" lon="45.224689">
        <ele>668.6</ele>
        <time>2024-12-07T21:02:46.590000Z</time>
      </trkpt>
      <trkpt lat="41.707238" lon="45.224606">
        <ele>668.7</ele>
        <time>2024-12-07T21:02:47.829000Z</time>
      </trkpt>
      <trkpt lat="41.707264" lon="45.224509">
        <ele>668.8</ele>
        <time>2024-12-07T21:02:49.255000Z</time>
      </trkpt>
      <trkpt lat="41.707294" lon="45.224413">
        <ele>668.9</ele>
        <time>2024-12-07T21:02:50.695000Z</time>
      </trkpt>
      <trkpt lat="41.707328" lon="45.224301">
        <ele>669.1</ele>
        <time>2024-12-07T21:02:52.367000Z</time>
      </trkpt>
      <trkpt lat="41.707356" lon="45.2242">
        <ele>669.2</ele>
        <time>2024-12-07T21:02:53.858000Z</time>
      </trkpt>
      <trkpt lat="41.707386" lon="45.2241">
        <ele>669.3</ele>
        <time>2024-12-07T21:02:55.349000Z</time>
      </trkpt>
      <trkpt lat="41.70741" lon="45.224021">
        <ele>669.4</ele>
        <time>2024-12-07T21:02:56.530000Z</time>
      </trkpt>
      <trkpt lat="41.707442" lon="45.223909">
        <ele>669.6</ele>
        <time>2024-12-07T21:02:58.189000Z</time>
      </trkpt>
      <trkpt lat="41.707467" lon="45.223826">
        <ele>669.7</ele>
        <time>2024-12-07T21:02:59.427000Z</time>
      </trkpt>
      <trkpt lat="41.707493" lon="45.223735">
        <ele>669.8</ele>
        <time>2024-12-07T21:03:00.776000Z</time>
      </trkpt>
      <trkpt lat="41.707516" lon="45.223642">
        <ele>669.9</ele>
        <time>2024-12-07T21:03:02.132000Z</time>
      </trkpt>
      <trkpt lat="41.707543" lon="45.223544">
        <ele>670</ele>
        <time>2024-12-07T21:03:03.577000Z</time>
      </trkpt>
      <trkpt lat="41.707569" lon="45.223452">
        <ele>670.1</ele>
        <time>2024-12-07T21:03:04.938000Z</time>
      </trkpt>
      <trkpt lat="41.707596" lon="45.223356">
        <ele>670.2</ele>
        <time>2024-12-07T21:03:06.358000Z</time>
      </trkpt>
      <trkpt lat="41.707626" lon="45.223265">
        <ele>670.3</ele>
        <time>2024-12-07T21:03:07.734000Z</time>
      </trkpt>
      <trkpt lat="41.707653" lon="45.223166">
        <ele>670.5</ele>
        <time>2024-12-07T21:03:09.192000Z</time>
      </trkpt>
      <trkpt lat="41.70768" lon="45.22307">
        <ele>670.6</ele>
        <time>2024-12-07T21:03:10.612000Z</time>
      </trkpt>
      <trkpt lat="41.70771" lon="45.222955">
        <ele>670.8</ele>
        <time>2024-12-07T21:03:12.298000Z</time>
      </trkpt>
      <trkpt lat="41.707731" lon="45.222873">
        <ele>670.9</ele>
        <time>2024-12-07T21:03:13.497000Z</time>
      </trkpt>
      <trkpt lat="41.707756" lon="45.22278">
        <ele>671.1</ele>
        <time>2024-12-07T21:03:14.866000Z</time>
      </trkpt>
      <trkpt lat="41.707783" lon="45.222681">
        <ele>671.2</ele>
        <time>2024-12-07T21:03:16.324000Z</time>
      </trkpt>
      <trkpt lat="41.707806" lon="45.222582">
        <ele>671.3</ele>
        <time>2024-12-07T21:03:17.758000Z</time>
      </trkpt>
      <trkpt lat="41.707832" lon="45.222467">
        <ele>671.4</ele>
        <time>2024-12-07T21:03:19.421000Z</time>
      </trkpt>
      <trkpt lat="41.707853" lon="45.222385">
        <ele>671.5</ele>
        <time>2024-12-07T21:03:20.620000Z</time>
      </trkpt>
      <trkpt lat="41.707878" lon="45.222285">
        <ele>671.6</ele>
        <time>2024-12-07T21:03:22.079000Z</time>
      </trkpt>
      <trkpt lat="41.707905" lon="45.222186">
        <ele>671.7</ele>
        <time>2024-12-07T21:03:23.537000Z</time>
      </trkpt>
      <trkpt lat="41.707935" lon="45.22207">
        <ele>671.8</ele>
        <time>2024-12-07T21:03:25.236000Z</time>
      </trkpt>
      <trkpt lat="41.707956" lon="45.221984">
        <ele>671.9</ele>
        <time>2024-12-07T21:03:26.488000Z</time>
      </trkpt>
      <trkpt lat="41.707978" lon="45.221888">
        <ele>671.9</ele>
        <time>2024-12-07T21:03:27.878000Z</time>
      </trkpt>
      <trkpt lat="41.708004" lon="45.221772">
        <ele>672</ele>
        <time>2024-12-07T21:03:29.552000Z</time>
      </trkpt>
      <trkpt lat="41.708024" lon="45.221684">
        <ele>672</ele>
        <time>2024-12-07T21:03:30.825000Z</time>
      </trkpt>
      <trkpt lat="41.708047" lon="45.221583">
        <ele>672.1</ele>
        <time>2024-12-07T21:03:32.286000Z</time>
      </trkpt>
      <trkpt lat="41.708073" lon="45.22148">
        <ele>672.1</ele>
        <time>2024-12-07T21:03:33.791000Z</time>
      </trkpt>
      <trkpt lat="41.708093" lon="45.221381">
        <ele>672.2</ele>
        <time>2024-12-07T21:03:35.210000Z</time>
      </trkpt>
      <trkpt lat="41.708115" lon="45.221278">
        <ele>672.3</ele>
        <time>2024-12-07T21:03:36.692000Z</time>
      </trkpt>
      <trkpt lat="41.708135" lon="45.221178">
        <ele>672.3</ele>
        <time>2024-12-07T21:03:38.124000Z</time>
      </trkpt>
      <trkpt lat="41.708154" lon="45.22108">
        <ele>672.4</ele>
        <time>2024-12-07T21:03:39.525000Z</time>
      </trkpt>
      <trkpt lat="41.708173" lon="45.220976">
        <ele>672.5</ele>
        <time>2024-12-07T21:03:41.007000Z</time>
      </trkpt>
      <trkpt lat="41.708192" lon="45.22087">
        <ele>672.5</ele>
        <time>2024-12-07T21:03:42.515000Z</time>
      </trkpt>
      <trkpt lat="41.708214" lon="45.220767">
        <ele>672.6</ele>
        <time>2024-12-07T21:03:43.998000Z</time>
      </trkpt>
      <trkpt lat="41.708234" lon="45.220661">
        <ele>672.7</ele>
        <time>2024-12-07T21:03:45.510000Z</time>
      </trkpt>
      <trkpt lat="41.70825" lon="45.220554">
        <ele>672.7</ele>
        <time>2024-12-07T21:03:47.020000Z</time>
      </trkpt>
      <trkpt lat="41.708272" lon="45.220447">
        <ele>672.8</ele>
        <time>2024-12-07T21:03:48.555000Z</time>
      </trkpt>
      <trkpt lat="41.708291" lon="45.220344">
        <ele>672.9</ele>
        <time>2024-12-07T21:03:50.023000Z</time>
      </trkpt>
      <trkpt lat="41.70831" lon="45.220221">
        <ele>672.9</ele>
        <time>2024-12-07T21:03:51.762000Z</time>
      </trkpt>
      <trkpt lat="41.708326" lon="45.220128">
        <ele>672.9</ele>
        <time>2024-12-07T21:03:53.081000Z</time>
      </trkpt>
      <trkpt lat="41.708341" lon="45.220021">
        <ele>672.9</ele>
        <time>2024-12-07T21:03:54.588000Z</time>
      </trkpt>
      <trkpt lat="41.70836" lon="45.21989">
        <ele>673</ele>
        <time>2024-12-07T21:03:56.435000Z</time>
      </trkpt>
      <trkpt lat="41.708379" lon="45.219776">
        <ele>673</ele>
        <time>2024-12-07T21:03:58.051000Z</time>
      </trkpt>
      <trkpt lat="41.708392" lon="45.219685">
        <ele>673</ele>
        <time>2024-12-07T21:03:59.332000Z</time>
      </trkpt>
      <trkpt lat="41.708406" lon="45.219581">
        <ele>673.1</ele>
        <time>2024-12-07T21:04:00.794000Z</time>
      </trkpt>
      <trkpt lat="41.708422" lon="45.219451">
        <ele>673.1</ele>
        <time>2024-12-07T21:04:02.617000Z</time>
      </trkpt>
      <trkpt lat="41.708433" lon="45.219357">
        <ele>673.1</ele>
        <time>2024-12-07T21:04:03.934000Z</time>
      </trkpt>
      <trkpt lat="41.708448" lon="45.21925">
        <ele>673.2</ele>
        <time>2024-12-07T21:04:05.440000Z</time>
      </trkpt>
      <trkpt lat="41.708464" lon="45.219136">
        <ele>673.2</ele>
        <time>2024-12-07T21:04:07.044000Z</time>
      </trkpt>
      <trkpt lat="41.708479" lon="45.219022">
        <ele>673.2</ele>
        <time>2024-12-07T21:04:08.646000Z</time>
      </trkpt>
      <trkpt lat="41.708491" lon="45.21891">
        <ele>673.2</ele>
        <time>2024-12-07T21:04:10.211000Z</time>
      </trkpt>
      <trkpt lat="41.708502" lon="45.218803">
        <ele>673.3</ele>
        <time>2024-12-07T21:04:11.706000Z</time>
      </trkpt>
      <trkpt lat="41.708517" lon="45.218692">
        <ele>673.3</ele>
        <time>2024-12-07T21:04:13.266000Z</time>
      </trkpt>
      <trkpt lat="41.708526" lon="45.218582">
        <ele>673.3</ele>
        <time>2024-12-07T21:04:14.798000Z</time>
      </trkpt>
      <trkpt lat="41.708537" lon="45.218471">
        <ele>673.3</ele>
        <time>2024-12-07T21:04:16.347000Z</time>
      </trkpt>
      <trkpt lat="41.708545" lon="45.218358">
        <ele>673.4</ele>
        <time>2024-12-07T21:04:17.917000Z</time>
      </trkpt>
      <trkpt lat="41.708559" lon="45.218227">
        <ele>673.4</ele>
        <time>2024-12-07T21:04:19.748000Z</time>
      </trkpt>
      <trkpt lat="41.708568" lon="45.218126">
        <ele>673.4</ele>
        <time>2024-12-07T21:04:21.155000Z</time>
      </trkpt>
      <trkpt lat="41.708575" lon="45.218014">
        <ele>673.5</ele>
        <time>2024-12-07T21:04:22.710000Z</time>
      </trkpt>
      <trkpt lat="41.708586" lon="45.217881">
        <ele>673.5</ele>
        <time>2024-12-07T21:04:24.562000Z</time>
      </trkpt>
      <trkpt lat="41.708591" lon="45.217782">
        <ele>673.6</ele>
        <time>2024-12-07T21:04:25.934000Z</time>
      </trkpt>
      <trkpt lat="41.708598" lon="45.217672">
        <ele>673.6</ele>
        <time>2024-12-07T21:04:27.461000Z</time>
      </trkpt>
      <trkpt lat="41.708606" lon="45.217554">
        <ele>673.7</ele>
        <time>2024-12-07T21:04:29.101000Z</time>
      </trkpt>
      <trkpt lat="41.70861" lon="45.217442">
        <ele>673.8</ele>
        <time>2024-12-07T21:04:30.652000Z</time>
      </trkpt>
      <trkpt lat="41.708617" lon="45.217328">
        <ele>673.8</ele>
        <time>2024-12-07T21:04:32.235000Z</time>
      </trkpt>
      <trkpt lat="41.708621" lon="45.217214">
        <ele>673.9</ele>
        <time>2024-12-07T21:04:33.815000Z</time>
      </trkpt>
      <trkpt lat="41.708625" lon="45.2171">
        <ele>673.9</ele>
        <time>2024-12-07T21:04:35.394000Z</time>
      </trkpt>
      <trkpt lat="41.708632" lon="45.216985">
        <ele>674</ele>
        <time>2024-12-07T21:04:36.990000Z</time>
      </trkpt>
      <trkpt lat="41.708637" lon="45.216871">
        <ele>674.1</ele>
        <time>2024-12-07T21:04:38.570000Z</time>
      </trkpt>
      <trkpt lat="41.708644" lon="45.216736">
        <ele>674.1</ele>
        <time>2024-12-07T21:04:40.441000Z</time>
      </trkpt>
      <trkpt lat="41.708645" lon="45.216638">
        <ele>674.2</ele>
        <time>2024-12-07T21:04:41.797000Z</time>
      </trkpt>
      <trkpt lat="41.708645" lon="45.216527">
        <ele>674.2</ele>
        <time>2024-12-07T21:04:43.334000Z</time>
      </trkpt>
      <trkpt lat="41.708648" lon="45.216413">
        <ele>674.3</ele>
        <time>2024-12-07T21:04:44.912000Z</time>
      </trkpt>
      <trkpt lat="41.708649" lon="45.216298">
        <ele>674.3</ele>
        <time>2024-12-07T21:04:46.503000Z</time>
      </trkpt>
      <trkpt lat="41.708652" lon="45.216184">
        <ele>674.4</ele>
        <time>2024-12-07T21:04:48.081000Z</time>
      </trkpt>
      <trkpt lat="41.708649" lon="45.216073">
        <ele>674.4</ele>
        <time>2024-12-07T21:04:49.618000Z</time>
      </trkpt>
      <trkpt lat="41.708652" lon="45.215956">
        <ele>674.5</ele>
        <time>2024-12-07T21:04:51.237000Z</time>
      </trkpt>
      <trkpt lat="41.708649" lon="45.215824">
        <ele>674.5</ele>
        <time>2024-12-07T21:04:53.065000Z</time>
      </trkpt>
      <trkpt lat="41.708649" lon="45.215727">
        <ele>674.6</ele>
        <time>2024-12-07T21:04:54.406000Z</time>
      </trkpt>
      <trkpt lat="41.708645" lon="45.215619">
        <ele>674.6</ele>
        <time>2024-12-07T21:04:55.903000Z</time>
      </trkpt>
      <trkpt lat="41.708645" lon="45.215505">
        <ele>674.7</ele>
        <time>2024-12-07T21:04:57.480000Z</time>
      </trkpt>
      <trkpt lat="41.708645" lon="45.21539">
        <ele>674.7</ele>
        <time>2024-12-07T21:04:59.071000Z</time>
      </trkpt>
      <trkpt lat="41.708642" lon="45.215266">
        <ele>674.8</ele>
        <time>2024-12-07T21:05:00.787000Z</time>
      </trkpt>
      <trkpt lat="41.708638" lon="45.21514">
        <ele>674.8</ele>
        <time>2024-12-07T21:05:02.532000Z</time>
      </trkpt>
      <trkpt lat="41.708634" lon="45.215044">
        <ele>674.8</ele>
        <time>2024-12-07T21:05:03.863000Z</time>
      </trkpt>
      <trkpt lat="41.70863" lon="45.214936">
        <ele>674.8</ele>
        <time>2024-12-07T21:05:05.358000Z</time>
      </trkpt>
      <trkpt lat="41.708623" lon="45.214822">
        <ele>674.8</ele>
        <time>2024-12-07T21:05:06.941000Z</time>
      </trkpt>
      <trkpt lat="41.708622" lon="45.214708">
        <ele>674.9</ele>
        <time>2024-12-07T21:05:08.518000Z</time>
      </trkpt>
      <trkpt lat="41.708615" lon="45.214593">
        <ele>674.9</ele>
        <time>2024-12-07T21:05:10.114000Z</time>
      </trkpt>
      <trkpt lat="41.708608" lon="45.214478">
        <ele>674.9</ele>
        <time>2024-12-07T21:05:11.711000Z</time>
      </trkpt>
      <trkpt lat="41.708603" lon="45.214364">
        <ele>674.9</ele>
        <time>2024-12-07T21:05:13.291000Z</time>
      </trkpt>
      <trkpt lat="41.708593" lon="45.214249">
        <ele>674.9</ele>
        <time>2024-12-07T21:05:14.893000Z</time>
      </trkpt>
      <trkpt lat="41.708588" lon="45.214132">
        <ele>674.9</ele>
        <time>2024-12-07T21:05:16.514000Z</time>
      </trkpt>
      <trkpt lat="41.708578" lon="45.214017">
        <ele>675</ele>
        <time>2024-12-07T21:05:18.116000Z</time>
      </trkpt>
      <trkpt lat="41.70857" lon="45.2139">
        <ele>675</ele>
        <time>2024-12-07T21:05:19.742000Z</time>
      </trkpt>
      <trkpt lat="41.708562" lon="45.213784">
        <ele>675</ele>
        <time>2024-12-07T21:05:21.353000Z</time>
      </trkpt>
      <trkpt lat="41.708554" lon="45.213667">
        <ele>675.1</ele>
        <time>2024-12-07T21:05:22.979000Z</time>
      </trkpt>
      <trkpt lat="41.708543" lon="45.213548">
        <ele>675.1</ele>
        <time>2024-12-07T21:05:24.638000Z</time>
      </trkpt>
      <trkpt lat="41.708532" lon="45.213429">
        <ele>675.1</ele>
        <time>2024-12-07T21:05:26.296000Z</time>
      </trkpt>
      <trkpt lat="41.708521" lon="45.213311">
        <ele>675.1</ele>
        <time>2024-12-07T21:05:27.942000Z</time>
      </trkpt>
      <trkpt lat="41.708509" lon="45.213196">
        <ele>675.1</ele>
        <time>2024-12-07T21:05:29.548000Z</time>
      </trkpt>
      <trkpt lat="41.708498" lon="45.213081">
        <ele>675.1</ele>
        <time>2024-12-07T21:05:31.152000Z</time>
      </trkpt>
      <trkpt lat="41.708484" lon="45.212963">
        <ele>675.1</ele>
        <time>2024-12-07T21:05:32.806000Z</time>
      </trkpt>
      <trkpt lat="41.708471" lon="45.21284">
        <ele>675.1</ele>
        <time>2024-12-07T21:05:34.524000Z</time>
      </trkpt>
      <trkpt lat="41.708454" lon="45.212723">
        <ele>675</ele>
        <time>2024-12-07T21:05:36.173000Z</time>
      </trkpt>
      <trkpt lat="41.708438" lon="45.212602">
        <ele>675</ele>
        <time>2024-12-07T21:05:37.874000Z</time>
      </trkpt>
      <trkpt lat="41.708423" lon="45.212483">
        <ele>674.9</ele>
        <time>2024-12-07T21:05:39.544000Z</time>
      </trkpt>
      <trkpt lat="41.708408" lon="45.212361">
        <ele>674.7</ele>
        <time>2024-12-07T21:05:41.254000Z</time>
      </trkpt>
      <trkpt lat="41.708389" lon="45.212239">
        <ele>674.6</ele>
        <time>2024-12-07T21:05:42.979000Z</time>
      </trkpt>
      <trkpt lat="41.708373" lon="45.212119">
        <ele>674.4</ele>
        <time>2024-12-07T21:05:44.665000Z</time>
      </trkpt>
      <trkpt lat="41.708355" lon="45.211999">
        <ele>674.2</ele>
        <time>2024-12-07T21:05:46.359000Z</time>
      </trkpt>
      <trkpt lat="41.708336" lon="45.21188">
        <ele>674</ele>
        <time>2024-12-07T21:05:48.044000Z</time>
      </trkpt>
      <trkpt lat="41.708317" lon="45.211758">
        <ele>673.8</ele>
        <time>2024-12-07T21:05:49.767000Z</time>
      </trkpt>
      <trkpt lat="41.708294" lon="45.211636">
        <ele>673.6</ele>
        <time>2024-12-07T21:05:51.510000Z</time>
      </trkpt>
      <trkpt lat="41.708275" lon="45.211517">
        <ele>673.3</ele>
        <time>2024-12-07T21:05:53.193000Z</time>
      </trkpt>
      <trkpt lat="41.708256" lon="45.211395">
        <ele>673</ele>
        <time>2024-12-07T21:05:54.918000Z</time>
      </trkpt>
      <trkpt lat="41.708233" lon="45.211273">
        <ele>672.8</ele>
        <time>2024-12-07T21:05:56.659000Z</time>
      </trkpt>
      <trkpt lat="41.708214" lon="45.211152">
        <ele>672.5</ele>
        <time>2024-12-07T21:05:58.371000Z</time>
      </trkpt>
      <trkpt lat="41.708192" lon="45.211033">
        <ele>672.2</ele>
        <time>2024-12-07T21:06:00.068000Z</time>
      </trkpt>
      <trkpt lat="41.708165" lon="45.210914">
        <ele>671.9</ele>
        <time>2024-12-07T21:06:01.789000Z</time>
      </trkpt>
      <trkpt lat="41.708139" lon="45.210793">
        <ele>671.7</ele>
        <time>2024-12-07T21:06:03.532000Z</time>
      </trkpt>
      <trkpt lat="41.708115" lon="45.210671">
        <ele>671.4</ele>
        <time>2024-12-07T21:06:05.278000Z</time>
      </trkpt>
      <trkpt lat="41.708089" lon="45.210549">
        <ele>671.1</ele>
        <time>2024-12-07T21:06:07.034000Z</time>
      </trkpt>
      <trkpt lat="41.708066" lon="45.210427">
        <ele>670.9</ele>
        <time>2024-12-07T21:06:08.776000Z</time>
      </trkpt>
      <trkpt lat="41.70804" lon="45.210305">
        <ele>670.6</ele>
        <time>2024-12-07T21:06:10.531000Z</time>
      </trkpt>
      <trkpt lat="41.708013" lon="45.21018">
        <ele>670.3</ele>
        <time>2024-12-07T21:06:12.331000Z</time>
      </trkpt>
      <trkpt lat="41.707986" lon="45.210057">
        <ele>670.1</ele>
        <time>2024-12-07T21:06:14.106000Z</time>
      </trkpt>
      <trkpt lat="41.707955" lon="45.20993">
        <ele>669.9</ele>
        <time>2024-12-07T21:06:15.955000Z</time>
      </trkpt>
      <trkpt lat="41.707926" lon="45.209812">
        <ele>669.7</ele>
        <time>2024-12-07T21:06:17.674000Z</time>
      </trkpt>
      <trkpt lat="41.707895" lon="45.209688">
        <ele>669.5</ele>
        <time>2024-12-07T21:06:19.483000Z</time>
      </trkpt>
      <trkpt lat="41.707861" lon="45.209567">
        <ele>669.4</ele>
        <time>2024-12-07T21:06:21.273000Z</time>
      </trkpt>
      <trkpt lat="41.707829" lon="45.209441">
        <ele>669.3</ele>
        <time>2024-12-07T21:06:23.114000Z</time>
      </trkpt>
      <trkpt lat="41.707795" lon="45.209315">
        <ele>669.2</ele>
        <time>2024-12-07T21:06:24.967000Z</time>
      </trkpt>
      <trkpt lat="41.707764" lon="45.209193">
        <ele>669.2</ele>
        <time>2024-12-07T21:06:26.751000Z</time>
      </trkpt>
      <trkpt lat="41.707731" lon="45.209071">
        <ele>669.1</ele>
        <time>2024-12-07T21:06:28.546000Z</time>
      </trkpt>
      <trkpt lat="41.707696" lon="45.208945">
        <ele>669.2</ele>
        <time>2024-12-07T21:06:30.406000Z</time>
      </trkpt>
      <trkpt lat="41.707662" lon="45.208822">
        <ele>669.2</ele>
        <time>2024-12-07T21:06:32.221000Z</time>
      </trkpt>
      <trkpt lat="41.707624" lon="45.208701">
        <ele>669.2</ele>
        <time>2024-12-07T21:06:34.037000Z</time>
      </trkpt>
      <trkpt lat="41.707586" lon="45.208579">
        <ele>669.2</ele>
        <time>2024-12-07T21:06:35.866000Z</time>
      </trkpt>
      <trkpt lat="41.707551" lon="45.208453">
        <ele>669.3</ele>
        <time>2024-12-07T21:06:37.726000Z</time>
      </trkpt>
      <trkpt lat="41.70751" lon="45.208327">
        <ele>669.4</ele>
        <time>2024-12-07T21:06:39.628000Z</time>
      </trkpt>
      <trkpt lat="41.707468" lon="45.208202">
        <ele>669.4</ele>
        <time>2024-12-07T21:06:41.524000Z</time>
      </trkpt>
      <trkpt lat="41.70743" lon="45.208075">
        <ele>669.5</ele>
        <time>2024-12-07T21:06:43.417000Z</time>
      </trkpt>
      <trkpt lat="41.707388" lon="45.207949">
        <ele>669.5</ele>
        <time>2024-12-07T21:06:45.326000Z</time>
      </trkpt>
      <trkpt lat="41.707346" lon="45.207826">
        <ele>669.6</ele>
        <time>2024-12-07T21:06:47.198000Z</time>
      </trkpt>
      <trkpt lat="41.707304" lon="45.207701">
        <ele>669.7</ele>
        <time>2024-12-07T21:06:49.094000Z</time>
      </trkpt>
      <trkpt lat="41.707265" lon="45.207579">
        <ele>669.7</ele>
        <time>2024-12-07T21:06:50.931000Z</time>
      </trkpt>
      <trkpt lat="41.707224" lon="45.207453">
        <ele>669.8</ele>
        <time>2024-12-07T21:06:52.832000Z</time>
      </trkpt>
      <trkpt lat="41.707179" lon="45.207331">
        <ele>669.8</ele>
        <time>2024-12-07T21:06:54.714000Z</time>
      </trkpt>
      <trkpt lat="41.707136" lon="45.207209">
        <ele>669.9</ele>
        <time>2024-12-07T21:06:56.581000Z</time>
      </trkpt>
      <trkpt lat="41.707091" lon="45.207087">
        <ele>669.9</ele>
        <time>2024-12-07T21:06:58.464000Z</time>
      </trkpt>
      <trkpt lat="41.707214" lon="45.20704">
        <ele>670</ele>
        <time>2024-12-07T21:07:00.842000Z</time>
      </trkpt>
      <trkpt lat="41.707059" lon="45.206311">
        <ele>670.1</ele>
        <time>2024-12-07T21:07:22.288000Z</time>
      </trkpt>
      <trkpt lat="41.706979" lon="45.206225">
        <ele>670.1</ele>
        <time>2024-12-07T21:07:26.123000Z</time>
      </trkpt>
      <trkpt lat="41.706952" lon="45.206118">
        <ele>670.1</ele>
        <time>2024-12-07T21:07:29.285000Z</time>
      </trkpt>
      <trkpt lat="41.706968" lon="45.205748">
        <ele>670.1</ele>
        <time>2024-12-07T21:07:39.641000Z</time>
      </trkpt>
      <trkpt lat="41.706926" lon="45.205634">
        <ele>670.1</ele>
        <time>2024-12-07T21:07:43.203000Z</time>
      </trkpt>
      <trkpt lat="41.706702" lon="45.20535">
        <ele>670.2</ele>
        <time>2024-12-07T21:07:54.847000Z</time>
      </trkpt>
      <trkpt lat="41.706628" lon="45.205157">
        <ele>670.2</ele>
        <time>2024-12-07T21:08:00.979000Z</time>
      </trkpt>
      <trkpt lat="41.70641" lon="45.204837">
        <ele>670.3</ele>
        <time>2024-12-07T21:08:13.271000Z</time>
      </trkpt>
      <trkpt lat="41.706384" lon="45.204681">
        <ele>670.3</ele>
        <time>2024-12-07T21:08:17.847000Z</time>
      </trkpt>
      <trkpt lat="41.706062" lon="45.204117">
        <ele>670.5</ele>
        <time>2024-12-07T21:08:38.254000Z</time>
      </trkpt>
      <trkpt lat="41.704969" lon="45.201548">
        <ele>671.8</ele>
        <time>2024-12-07T21:10:05.044000Z</time>
      </trkpt>
      <trkpt lat="41.704173" lon="45.199337">
        <ele>674.1</ele>
        <time>2024-12-07T21:11:22.332000Z</time>
      </trkpt>
      <trkpt lat="41.704173" lon="45.199337">
        <ele>674.1</ele>
        <time>2024-12-07T21:11:22.335000Z</time>
      </trkpt>
      <trkpt lat="41.704004" lon="45.199446">
        <ele>674.5</ele>
        <time>2024-12-07T21:11:25.811000Z</time>
      </trkpt>
      <trkpt lat="41.703969" lon="45.199358">
        <ele>674.7</ele>
        <time>2024-12-07T21:11:27.191000Z</time>
      </trkpt>
      <trkpt lat="41.703935" lon="45.19927">
        <ele>674.8</ele>
        <time>2024-12-07T21:11:28.563000Z</time>
      </trkpt>
      <trkpt lat="41.7039" lon="45.199182">
        <ele>675</ele>
        <time>2024-12-07T21:11:29.943000Z</time>
      </trkpt>
      <trkpt lat="41.703863" lon="45.199094">
        <ele>675.2</ele>
        <time>2024-12-07T21:11:31.341000Z</time>
      </trkpt>
      <trkpt lat="41.703825" lon="45.199006">
        <ele>675.4</ele>
        <time>2024-12-07T21:11:32.747000Z</time>
      </trkpt>
      <trkpt lat="41.70379" lon="45.198922">
        <ele>675.5</ele>
        <time>2024-12-07T21:11:34.079000Z</time>
      </trkpt>
      <trkpt lat="41.703756" lon="45.198835">
        <ele>675.7</ele>
        <time>2024-12-07T21:11:35.438000Z</time>
      </trkpt>
      <trkpt lat="41.703721" lon="45.198747">
        <ele>675.9</ele>
        <time>2024-12-07T21:11:36.817000Z</time>
      </trkpt>
      <trkpt lat="41.703684" lon="45.198656">
        <ele>676.1</ele>
        <time>2024-12-07T21:11:38.251000Z</time>
      </trkpt>
      <trkpt lat="41.703646" lon="45.198568">
        <ele>676.3</ele>
        <time>2024-12-07T21:11:39.659000Z</time>
      </trkpt>
      <trkpt lat="41.703607" lon="45.19848">
        <ele>676.5</ele>
        <time>2024-12-07T21:11:41.075000Z</time>
      </trkpt>
      <trkpt lat="41.703572" lon="45.198392">
        <ele>676.7</ele>
        <time>2024-12-07T21:11:42.455000Z</time>
      </trkpt>
      <trkpt lat="41.703538" lon="45.198305">
        <ele>676.9</ele>
        <time>2024-12-07T21:11:43.814000Z</time>
      </trkpt>
      <trkpt lat="41.703501" lon="45.198214">
        <ele>677.1</ele>
        <time>2024-12-07T21:11:45.247000Z</time>
      </trkpt>
      <trkpt lat="41.703462" lon="45.198125">
        <ele>677.3</ele>
        <time>2024-12-07T21:11:46.676000Z</time>
      </trkpt>
      <trkpt lat="41.703424" lon="45.198037">
        <ele>677.5</ele>
        <time>2024-12-07T21:11:48.083000Z</time>
      </trkpt>
      <trkpt lat="41.703386" lon="45.197947">
        <ele>677.7</ele>
        <time>2024-12-07T21:11:49.514000Z</time>
      </trkpt>
      <trkpt lat="41.703351" lon="45.197858">
        <ele>677.9</ele>
        <time>2024-12-07T21:11:50.907000Z</time>
      </trkpt>
      <trkpt lat="41.703314" lon="45.197767">
        <ele>678.1</ele>
        <time>2024-12-07T21:11:52.340000Z</time>
      </trkpt>
      <trkpt lat="41.703276" lon="45.197679">
        <ele>678.3</ele>
        <time>2024-12-07T21:11:53.747000Z</time>
      </trkpt>
      <trkpt lat="41.703237" lon="45.197591">
        <ele>678.4</ele>
        <time>2024-12-07T21:11:55.163000Z</time>
      </trkpt>
      <trkpt lat="41.703199" lon="45.1975">
        <ele>678.6</ele>
        <time>2024-12-07T21:11:56.606000Z</time>
      </trkpt>
      <trkpt lat="41.703164" lon="45.197415">
        <ele>678.7</ele>
        <time>2024-12-07T21:11:57.950000Z</time>
      </trkpt>
      <trkpt lat="41.70313" lon="45.197328">
        <ele>678.8</ele>
        <time>2024-12-07T21:11:59.309000Z</time>
      </trkpt>
      <trkpt lat="41.703095" lon="45.197236">
        <ele>679</ele>
        <time>2024-12-07T21:12:00.737000Z</time>
      </trkpt>
      <trkpt lat="41.703058" lon="45.197148">
        <ele>679.1</ele>
        <time>2024-12-07T21:12:02.135000Z</time>
      </trkpt>
      <trkpt lat="41.703023" lon="45.197061">
        <ele>679.2</ele>
        <time>2024-12-07T21:12:03.502000Z</time>
      </trkpt>
      <trkpt lat="41.702986" lon="45.19697">
        <ele>679.3</ele>
        <time>2024-12-07T21:12:04.937000Z</time>
      </trkpt>
      <trkpt lat="41.702949" lon="45.196885">
        <ele>679.4</ele>
        <time>2024-12-07T21:12:06.298000Z</time>
      </trkpt>
      <trkpt lat="41.70291" lon="45.196791">
        <ele>679.5</ele>
        <time>2024-12-07T21:12:07.785000Z</time>
      </trkpt>
      <trkpt lat="41.702871" lon="45.196699">
        <ele>679.5</ele>
        <time>2024-12-07T21:12:09.250000Z</time>
      </trkpt>
      <trkpt lat="41.702836" lon="45.196607">
        <ele>679.6</ele>
        <time>2024-12-07T21:12:10.679000Z</time>
      </trkpt>
      <trkpt lat="41.702799" lon="45.196516">
        <ele>679.7</ele>
        <time>2024-12-07T21:12:12.112000Z</time>
      </trkpt>
      <trkpt lat="41.702761" lon="45.196421">
        <ele>679.7</ele>
        <time>2024-12-07T21:12:13.604000Z</time>
      </trkpt>
      <trkpt lat="41.702722" lon="45.196326">
        <ele>679.8</ele>
        <time>2024-12-07T21:12:15.103000Z</time>
      </trkpt>
      <trkpt lat="41.702681" lon="45.19623">
        <ele>679.8</ele>
        <time>2024-12-07T21:12:16.633000Z</time>
      </trkpt>
      <trkpt lat="41.702642" lon="45.196132">
        <ele>679.9</ele>
        <time>2024-12-07T21:12:18.171000Z</time>
      </trkpt>
      <trkpt lat="41.702601" lon="45.196036">
        <ele>679.9</ele>
        <time>2024-12-07T21:12:19.701000Z</time>
      </trkpt>
      <trkpt lat="41.702559" lon="45.19594">
        <ele>680</ele>
        <time>2024-12-07T21:12:21.240000Z</time>
      </trkpt>
      <trkpt lat="41.70252" lon="45.195845">
        <ele>680</ele>
        <time>2024-12-07T21:12:22.741000Z</time>
      </trkpt>
      <trkpt lat="41.702482" lon="45.195746">
        <ele>680</ele>
        <time>2024-12-07T21:12:24.281000Z</time>
      </trkpt>
      <trkpt lat="41.702444" lon="45.19565">
        <ele>680.1</ele>
        <time>2024-12-07T21:12:25.784000Z</time>
      </trkpt>
      <trkpt lat="41.702402" lon="45.195555">
        <ele>680.1</ele>
        <time>2024-12-07T21:12:27.311000Z</time>
      </trkpt>
      <trkpt lat="41.702364" lon="45.19546">
        <ele>680.2</ele>
        <time>2024-12-07T21:12:28.803000Z</time>
      </trkpt>
      <trkpt lat="41.702322" lon="45.195361">
        <ele>680.2</ele>
        <time>2024-12-07T21:12:30.379000Z</time>
      </trkpt>
      <trkpt lat="41.702284" lon="45.195265">
        <ele>680.3</ele>
        <time>2024-12-07T21:12:31.882000Z</time>
      </trkpt>
      <trkpt lat="41.70243" lon="45.195087">
        <ele>680.5</ele>
        <time>2024-12-07T21:12:35.541000Z</time>
      </trkpt>
      <trkpt lat="41.702444" lon="45.194832">
        <ele>680.6</ele>
        <time>2024-12-07T21:12:39.079000Z</time>
      </trkpt>
      <trkpt lat="41.702396" lon="45.194571">
        <ele>680.9</ele>
        <time>2024-12-07T21:12:42.799000Z</time>
      </trkpt>
      <trkpt lat="41.702396" lon="45.194571">
        <ele>680.9</ele>
        <time>2024-12-07T21:12:42.807000Z</time>
      </trkpt>
      <trkpt lat="41.701934" lon="45.194156">
        <ele>681.6</ele>
        <time>2024-12-07T21:13:06.547000Z</time>
      </trkpt>
      <trkpt lat="41.701" lon="45.191812">
        <ele>684.6</ele>
        <time>2024-12-07T21:13:58.672000Z</time>
      </trkpt>
      <trkpt lat="41.700456" lon="45.190429">
        <ele>685.4</ele>
        <time>2024-12-07T21:14:25.211000Z</time>
      </trkpt>
      <trkpt lat="41.699562" lon="45.188733">
        <ele>685.4</ele>
        <time>2024-12-07T21:14:56.656000Z</time>
      </trkpt>
      <trkpt lat="41.698777" lon="45.187336">
        <ele>685.6</ele>
        <time>2024-12-07T21:15:23.649000Z</time>
      </trkpt>
      <trkpt lat="41.696486" lon="45.184106">
        <ele>686</ele>
        <time>2024-12-07T21:16:32.820000Z</time>
      </trkpt>
      <trkpt lat="41.694732" lon="45.181872">
        <ele>686.5</ele>
        <time>2024-12-07T21:17:23.419000Z</time>
      </trkpt>
      <trkpt lat="41.693791" lon="45.180417">
        <ele>686.9</ele>
        <time>2024-12-07T21:17:54.227000Z</time>
      </trkpt>
      <trkpt lat="41.693202" lon="45.179262">
        <ele>687.2</ele>
        <time>2024-12-07T21:18:16.756000Z</time>
      </trkpt>
      <trkpt lat="41.69242" lon="45.177376">
        <ele>688.2</ele>
        <time>2024-12-07T21:18:53.104000Z</time>
      </trkpt>
      <trkpt lat="41.692261" lon="45.176893">
        <ele>688.6</ele>
        <time>2024-12-07T21:19:02.871000Z</time>
      </trkpt>
      <trkpt lat="41.691344" lon="45.173327">
        <ele>693.8</ele>
        <time>2024-12-07T21:20:20.389000Z</time>
      </trkpt>
      <trkpt lat="41.691144" lon="45.172711">
        <ele>694.4</ele>
        <time>2024-12-07T21:20:30.335000Z</time>
      </trkpt>
      <trkpt lat="41.690946" lon="45.172781">
        <ele>694.6</ele>
        <time>2024-12-07T21:20:34.132000Z</time>
      </trkpt>
      <trkpt lat="41.690914" lon="45.172685">
        <ele>694.6</ele>
        <time>2024-12-07T21:20:35.586000Z</time>
      </trkpt>
      <trkpt lat="41.690887" lon="45.172594">
        <ele>694.6</ele>
        <time>2024-12-07T21:20:36.942000Z</time>
      </trkpt>
      <trkpt lat="41.690861" lon="45.172498">
        <ele>694.7</ele>
        <time>2024-12-07T21:20:38.355000Z</time>
      </trkpt>
      <trkpt lat="41.690834" lon="45.172403">
        <ele>694.7</ele>
        <time>2024-12-07T21:20:39.762000Z</time>
      </trkpt>
      <trkpt lat="41.690807" lon="45.172308">
        <ele>694.7</ele>
        <time>2024-12-07T21:20:41.169000Z</time>
      </trkpt>
      <trkpt lat="41.69078" lon="45.172209">
        <ele>694.8</ele>
        <time>2024-12-07T21:20:42.627000Z</time>
      </trkpt>
      <trkpt lat="41.690754" lon="45.172115">
        <ele>694.8</ele>
        <time>2024-12-07T21:20:44.015000Z</time>
      </trkpt>
      <trkpt lat="41.690724" lon="45.172019">
        <ele>694.8</ele>
        <time>2024-12-07T21:20:45.455000Z</time>
      </trkpt>
      <trkpt lat="41.690697" lon="45.171923">
        <ele>694.8</ele>
        <time>2024-12-07T21:20:46.874000Z</time>
      </trkpt>
      <trkpt lat="41.690667" lon="45.171824">
        <ele>694.8</ele>
        <time>2024-12-07T21:20:48.352000Z</time>
      </trkpt>
      <trkpt lat="41.690636" lon="45.171728">
        <ele>694.9</ele>
        <time>2024-12-07T21:20:49.801000Z</time>
      </trkpt>
      <trkpt lat="41.690609" lon="45.171633">
        <ele>694.9</ele>
        <time>2024-12-07T21:20:51.207000Z</time>
      </trkpt>
      <trkpt lat="41.690582" lon="45.171541">
        <ele>694.9</ele>
        <time>2024-12-07T21:20:52.575000Z</time>
      </trkpt>
      <trkpt lat="41.690552" lon="45.171449">
        <ele>694.9</ele>
        <time>2024-12-07T21:20:53.964000Z</time>
      </trkpt>
      <trkpt lat="41.690522" lon="45.171354">
        <ele>694.9</ele>
        <time>2024-12-07T21:20:55.392000Z</time>
      </trkpt>
      <trkpt lat="41.690491" lon="45.171263">
        <ele>695</ele>
        <time>2024-12-07T21:20:56.776000Z</time>
      </trkpt>
      <trkpt lat="41.690464" lon="45.171172">
        <ele>695</ele>
        <time>2024-12-07T21:20:58.131000Z</time>
      </trkpt>
      <trkpt lat="41.690437" lon="45.171076">
        <ele>695</ele>
        <time>2024-12-07T21:20:59.550000Z</time>
      </trkpt>
      <trkpt lat="41.690411" lon="45.170981">
        <ele>695</ele>
        <time>2024-12-07T21:21:00.951000Z</time>
      </trkpt>
      <trkpt lat="41.690384" lon="45.170888">
        <ele>695.1</ele>
        <time>2024-12-07T21:21:02.331000Z</time>
      </trkpt>
      <trkpt lat="41.690357" lon="45.1708">
        <ele>695.1</ele>
        <time>2024-12-07T21:21:03.649000Z</time>
      </trkpt>
      <trkpt lat="41.690327" lon="45.170706">
        <ele>695.1</ele>
        <time>2024-12-07T21:21:05.063000Z</time>
      </trkpt>
      <trkpt lat="41.690293" lon="45.17061">
        <ele>695.1</ele>
        <time>2024-12-07T21:21:06.534000Z</time>
      </trkpt>
      <trkpt lat="41.690266" lon="45.170515">
        <ele>695.2</ele>
        <time>2024-12-07T21:21:07.940000Z</time>
      </trkpt>
      <trkpt lat="41.690232" lon="45.170419">
        <ele>695.2</ele>
        <time>2024-12-07T21:21:09.411000Z</time>
      </trkpt>
      <trkpt lat="41.690202" lon="45.170325">
        <ele>695.2</ele>
        <time>2024-12-07T21:21:10.826000Z</time>
      </trkpt>
      <trkpt lat="41.690174" lon="45.170229">
        <ele>695.2</ele>
        <time>2024-12-07T21:21:12.252000Z</time>
      </trkpt>
      <trkpt lat="41.690144" lon="45.170137">
        <ele>695.2</ele>
        <time>2024-12-07T21:21:13.641000Z</time>
      </trkpt>
      <trkpt lat="41.690114" lon="45.170042">
        <ele>695.2</ele>
        <time>2024-12-07T21:21:15.068000Z</time>
      </trkpt>
      <trkpt lat="41.690083" lon="45.169947">
        <ele>695.2</ele>
        <time>2024-12-07T21:21:16.503000Z</time>
      </trkpt>
      <trkpt lat="41.690056" lon="45.169848">
        <ele>695.3</ele>
        <time>2024-12-07T21:21:17.962000Z</time>
      </trkpt>
      <trkpt lat="41.690026" lon="45.169752">
        <ele>695.3</ele>
        <time>2024-12-07T21:21:19.402000Z</time>
      </trkpt>
      <trkpt lat="41.689999" lon="45.16966">
        <ele>695.3</ele>
        <time>2024-12-07T21:21:20.771000Z</time>
      </trkpt>
      <trkpt lat="41.689968" lon="45.169565">
        <ele>695.3</ele>
        <time>2024-12-07T21:21:22.204000Z</time>
      </trkpt>
      <trkpt lat="41.689941" lon="45.169466">
        <ele>695.3</ele>
        <time>2024-12-07T21:21:23.663000Z</time>
      </trkpt>
      <trkpt lat="41.689915" lon="45.169367">
        <ele>695.3</ele>
        <time>2024-12-07T21:21:25.115000Z</time>
      </trkpt>
      <trkpt lat="41.689895" lon="45.169266">
        <ele>695.2</ele>
        <time>2024-12-07T21:21:26.561000Z</time>
      </trkpt>
      <trkpt lat="41.689869" lon="45.169163">
        <ele>695.2</ele>
        <time>2024-12-07T21:21:28.067000Z</time>
      </trkpt>
      <trkpt lat="41.689846" lon="45.169063">
        <ele>695.2</ele>
        <time>2024-12-07T21:21:29.514000Z</time>
      </trkpt>
      <trkpt lat="41.689823" lon="45.16897">
        <ele>695.2</ele>
        <time>2024-12-07T21:21:30.871000Z</time>
      </trkpt>
      <trkpt lat="41.689797" lon="45.168875">
        <ele>695.2</ele>
        <time>2024-12-07T21:21:32.271000Z</time>
      </trkpt>
      <trkpt lat="41.689763" lon="45.168777">
        <ele>695.2</ele>
        <time>2024-12-07T21:21:33.766000Z</time>
      </trkpt>
      <trkpt lat="41.689736" lon="45.168681">
        <ele>695.1</ele>
        <time>2024-12-07T21:21:35.186000Z</time>
      </trkpt>
      <trkpt lat="41.689702" lon="45.168582">
        <ele>695.1</ele>
        <time>2024-12-07T21:21:36.694000Z</time>
      </trkpt>
      <trkpt lat="41.689669" lon="45.168485">
        <ele>695.1</ele>
        <time>2024-12-07T21:21:38.169000Z</time>
      </trkpt>
      <trkpt lat="41.689637" lon="45.168378">
        <ele>695.1</ele>
        <time>2024-12-07T21:21:39.764000Z</time>
      </trkpt>
      <trkpt lat="41.689606" lon="45.168274">
        <ele>695</ele>
        <time>2024-12-07T21:21:41.313000Z</time>
      </trkpt>
      <trkpt lat="41.689573" lon="45.168174">
        <ele>695</ele>
        <time>2024-12-07T21:21:42.828000Z</time>
      </trkpt>
      <trkpt lat="41.689538" lon="45.168071">
        <ele>694.9</ele>
        <time>2024-12-07T21:21:44.393000Z</time>
      </trkpt>
      <trkpt lat="41.689504" lon="45.167968">
        <ele>694.9</ele>
        <time>2024-12-07T21:21:45.951000Z</time>
      </trkpt>
      <trkpt lat="41.689473" lon="45.167866">
        <ele>694.8</ele>
        <time>2024-12-07T21:21:47.476000Z</time>
      </trkpt>
      <trkpt lat="41.689439" lon="45.167762">
        <ele>694.8</ele>
        <time>2024-12-07T21:21:49.047000Z</time>
      </trkpt>
      <trkpt lat="41.689408" lon="45.167659">
        <ele>694.8</ele>
        <time>2024-12-07T21:21:50.584000Z</time>
      </trkpt>
      <trkpt lat="41.689374" lon="45.167557">
        <ele>694.8</ele>
        <time>2024-12-07T21:21:52.130000Z</time>
      </trkpt>
      <trkpt lat="41.689341" lon="45.167456">
        <ele>694.8</ele>
        <time>2024-12-07T21:21:53.656000Z</time>
      </trkpt>
      <trkpt lat="41.689309" lon="45.167349">
        <ele>694.9</ele>
        <time>2024-12-07T21:21:55.251000Z</time>
      </trkpt>
      <trkpt lat="41.689275" lon="45.167247">
        <ele>694.9</ele>
        <time>2024-12-07T21:21:56.796000Z</time>
      </trkpt>
      <trkpt lat="41.689244" lon="45.167144">
        <ele>694.9</ele>
        <time>2024-12-07T21:21:58.333000Z</time>
      </trkpt>
      <trkpt lat="41.68921" lon="45.167038">
        <ele>695</ele>
        <time>2024-12-07T21:21:59.931000Z</time>
      </trkpt>
      <trkpt lat="41.689179" lon="45.166932">
        <ele>695</ele>
        <time>2024-12-07T21:22:01.505000Z</time>
      </trkpt>
      <trkpt lat="41.689149" lon="45.166828">
        <ele>695</ele>
        <time>2024-12-07T21:22:03.049000Z</time>
      </trkpt>
      <trkpt lat="41.689121" lon="45.166725">
        <ele>695.1</ele>
        <time>2024-12-07T21:22:04.566000Z</time>
      </trkpt>
      <trkpt lat="41.689088" lon="45.166622">
        <ele>695.1</ele>
        <time>2024-12-07T21:22:06.117000Z</time>
      </trkpt>
      <trkpt lat="41.689057" lon="45.166519">
        <ele>695.2</ele>
        <time>2024-12-07T21:22:07.653000Z</time>
      </trkpt>
      <trkpt lat="41.689024" lon="45.166415">
        <ele>695.3</ele>
        <time>2024-12-07T21:22:09.217000Z</time>
      </trkpt>
      <trkpt lat="41.688991" lon="45.166306">
        <ele>695.3</ele>
        <time>2024-12-07T21:22:10.846000Z</time>
      </trkpt>
      <trkpt lat="41.688958" lon="45.166195">
        <ele>695.4</ele>
        <time>2024-12-07T21:22:12.498000Z</time>
      </trkpt>
      <trkpt lat="41.689118" lon="45.166052">
        <ele>695.4</ele>
        <time>2024-12-07T21:22:16.064000Z</time>
      </trkpt>
      <trkpt lat="41.688866" lon="45.165549">
        <ele>695.6</ele>
        <time>2024-12-07T21:22:24.447000Z</time>
      </trkpt>
      <trkpt lat="41.688866" lon="45.165549">
        <ele>695.6</ele>
        <time>2024-12-07T21:22:24.455000Z</time>
      </trkpt>
      <trkpt lat="41.687647" lon="45.161693">
        <ele>696.8</ele>
        <time>2024-12-07T21:23:32.232000Z</time>
      </trkpt>
      <trkpt lat="41.687379" lon="45.160855">
        <ele>697.3</ele>
        <time>2024-12-07T21:23:48.256000Z</time>
      </trkpt>
      <trkpt lat="41.68661" lon="45.158773">
        <ele>698.7</ele>
        <time>2024-12-07T21:24:28.609000Z</time>
      </trkpt>
      <trkpt lat="41.685733" lon="45.156984">
        <ele>698.6</ele>
        <time>2024-12-07T21:25:00.657000Z</time>
      </trkpt>
      <trkpt lat="41.684784" lon="45.15549">
        <ele>696.7</ele>
        <time>2024-12-07T21:25:25.179000Z</time>
      </trkpt>
      <trkpt lat="41.683566" lon="45.154031">
        <ele>694.4</ele>
        <time>2024-12-07T21:25:52.396000Z</time>
      </trkpt>
      <trkpt lat="41.682171" lon="45.152701">
        <ele>696.3</ele>
        <time>2024-12-07T21:26:34.685000Z</time>
      </trkpt>
      <trkpt lat="41.681694" lon="45.152212">
        <ele>696.8</ele>
        <time>2024-12-07T21:26:48.579000Z</time>
      </trkpt>
      <trkpt lat="41.681308" lon="45.151876">
        <ele>696.8</ele>
        <time>2024-12-07T21:26:58.026000Z</time>
      </trkpt>
      <trkpt lat="41.680746" lon="45.15145">
        <ele>696.8</ele>
        <time>2024-12-07T21:27:10.958000Z</time>
      </trkpt>
      <trkpt lat="41.680214" lon="45.150961">
        <ele>697</ele>
        <time>2024-12-07T21:27:25.030000Z</time>
      </trkpt>
      <trkpt lat="41.679297" lon="45.149836">
        <ele>698.9</ele>
        <time>2024-12-07T21:27:57.673000Z</time>
      </trkpt>
      <trkpt lat="41.678662" lon="45.148798">
        <ele>700.2</ele>
        <time>2024-12-07T21:28:23.145000Z</time>
      </trkpt>
      <trkpt lat="41.678175" lon="45.147897">
        <ele>700.6</ele>
        <time>2024-12-07T21:28:41.486000Z</time>
      </trkpt>
      <trkpt lat="41.678154" lon="45.147851">
        <ele>700.6</ele>
        <time>2024-12-07T21:28:42.329000Z</time>
      </trkpt>
      <trkpt lat="41.677669" lon="45.146781">
        <ele>700.9</ele>
        <time>2024-12-07T21:29:02.349000Z</time>
      </trkpt>
      <trkpt lat="41.677367" lon="45.145845">
        <ele>701.6</ele>
        <time>2024-12-07T21:29:20.513000Z</time>
      </trkpt>
      <trkpt lat="41.677085" lon="45.144378">
        <ele>703.5</ele>
        <time>2024-12-07T21:29:51.131000Z</time>
      </trkpt>
      <trkpt lat="41.677051" lon="45.143883">
        <ele>704.2</ele>
        <time>2024-12-07T21:30:01.522000Z</time>
      </trkpt>
      <trkpt lat="41.676822" lon="45.140575">
        <ele>708.7</ele>
        <time>2024-12-07T21:31:09.594000Z</time>
      </trkpt>
      <trkpt lat="41.676643" lon="45.13903">
        <ele>710</ele>
        <time>2024-12-07T21:31:38.620000Z</time>
      </trkpt>
      <trkpt lat="41.675854" lon="45.135777">
        <ele>710.9</ele>
        <time>2024-12-07T21:32:33.748000Z</time>
      </trkpt>
      <trkpt lat="41.675592" lon="45.134988">
        <ele>711.5</ele>
        <time>2024-12-07T21:32:49.157000Z</time>
      </trkpt>
      <trkpt lat="41.675331" lon="45.134368">
        <ele>712.1</ele>
        <time>2024-12-07T21:33:02.312000Z</time>
      </trkpt>
      <trkpt lat="41.675331" lon="45.134368">
        <ele>712.1</ele>
        <time>2024-12-07T21:33:02.325000Z</time>
      </trkpt>
      <trkpt lat="41.675073" lon="45.133656">
        <ele>712.9</ele>
        <time>2024-12-07T21:33:13.279000Z</time>
      </trkpt>
      <trkpt lat="41.674849" lon="45.133802">
        <ele>713.4</ele>
        <time>2024-12-07T21:33:17.896000Z</time>
      </trkpt>
      <trkpt lat="41.674837" lon="45.133767">
        <ele>713.4</ele>
        <time>2024-12-07T21:33:18.430000Z</time>
      </trkpt>
      <trkpt lat="41.674822" lon="45.133726">
        <ele>713.5</ele>
        <time>2024-12-07T21:33:19.062000Z</time>
      </trkpt>
      <trkpt lat="41.674807" lon="45.133684">
        <ele>713.5</ele>
        <time>2024-12-07T21:33:19.706000Z</time>
      </trkpt>
      <trkpt lat="41.674788" lon="45.133636">
        <ele>713.6</ele>
        <time>2024-12-07T21:33:20.459000Z</time>
      </trkpt>
      <trkpt lat="41.674769" lon="45.13359">
        <ele>713.6</ele>
        <time>2024-12-07T21:33:21.187000Z</time>
      </trkpt>
      <trkpt lat="41.67475" lon="45.133535">
        <ele>713.7</ele>
        <time>2024-12-07T21:33:22.025000Z</time>
      </trkpt>
      <trkpt lat="41.674728" lon="45.133473">
        <ele>713.8</ele>
        <time>2024-12-07T21:33:22.976000Z</time>
      </trkpt>
      <trkpt lat="41.674702" lon="45.133413">
        <ele>713.8</ele>
        <time>2024-12-07T21:33:23.935000Z</time>
      </trkpt>
      <trkpt lat="41.674675" lon="45.133344">
        <ele>713.9</ele>
        <time>2024-12-07T21:33:25.014000Z</time>
      </trkpt>
      <trkpt lat="41.674645" lon="45.133276">
        <ele>714</ele>
        <time>2024-12-07T21:33:26.108000Z</time>
      </trkpt>
      <trkpt lat="41.674614" lon="45.133201">
        <ele>714.1</ele>
        <time>2024-12-07T21:33:27.294000Z</time>
      </trkpt>
      <trkpt lat="41.674587" lon="45.133128">
        <ele>714.2</ele>
        <time>2024-12-07T21:33:28.422000Z</time>
      </trkpt>
      <trkpt lat="41.674557" lon="45.133056">
        <ele>714.2</ele>
        <time>2024-12-07T21:33:29.564000Z</time>
      </trkpt>
      <trkpt lat="41.67453" lon="45.13298">
        <ele>714.3</ele>
        <time>2024-12-07T21:33:30.728000Z</time>
      </trkpt>
      <trkpt lat="41.674497" lon="45.132903">
        <ele>714.3</ele>
        <time>2024-12-07T21:33:31.957000Z</time>
      </trkpt>
      <trkpt lat="41.674466" lon="45.13283">
        <ele>714.4</ele>
        <time>2024-12-07T21:33:33.120000Z</time>
      </trkpt>
      <trkpt lat="41.674439" lon="45.132765">
        <ele>714.4</ele>
        <time>2024-12-07T21:33:34.149000Z</time>
      </trkpt>
      <trkpt lat="41.674408" lon="45.1327">
        <ele>714.5</ele>
        <time>2024-12-07T21:33:35.216000Z</time>
      </trkpt>
      <trkpt lat="41.674381" lon="45.132631">
        <ele>714.5</ele>
        <time>2024-12-07T21:33:36.295000Z</time>
      </trkpt>
      <trkpt lat="41.674351" lon="45.132566">
        <ele>714.6</ele>
        <time>2024-12-07T21:33:37.353000Z</time>
      </trkpt>
      <trkpt lat="41.674324" lon="45.132498">
        <ele>714.6</ele>
        <time>2024-12-07T21:33:38.419000Z</time>
      </trkpt>
      <trkpt lat="41.674297" lon="45.132432">
        <ele>714.7</ele>
        <time>2024-12-07T21:33:39.460000Z</time>
      </trkpt>
      <trkpt lat="41.674267" lon="45.132364">
        <ele>714.8</ele>
        <time>2024-12-07T21:33:40.553000Z</time>
      </trkpt>
      <trkpt lat="41.67424" lon="45.132292">
        <ele>714.8</ele>
        <time>2024-12-07T21:33:41.668000Z</time>
      </trkpt>
      <trkpt lat="41.674213" lon="45.13222">
        <ele>714.9</ele>
        <time>2024-12-07T21:33:42.784000Z</time>
      </trkpt>
      <trkpt lat="41.674184" lon="45.132151">
        <ele>714.9</ele>
        <time>2024-12-07T21:33:43.880000Z</time>
      </trkpt>
      <trkpt lat="41.674153" lon="45.132076">
        <ele>715</ele>
        <time>2024-12-07T21:33:45.066000Z</time>
      </trkpt>
      <trkpt lat="41.674122" lon="45.131999">
        <ele>715.1</ele>
        <time>2024-12-07T21:33:46.278000Z</time>
      </trkpt>
      <trkpt lat="41.674092" lon="45.131926">
        <ele>715.2</ele>
        <time>2024-12-07T21:33:47.431000Z</time>
      </trkpt>
      <trkpt lat="41.674058" lon="45.131851">
        <ele>715.2</ele>
        <time>2024-12-07T21:33:48.646000Z</time>
      </trkpt>
      <trkpt lat="41.674027" lon="45.131774">
        <ele>715.3</ele>
        <time>2024-12-07T21:33:49.856000Z</time>
      </trkpt>
      <trkpt lat="41.673993" lon="45.131694">
        <ele>715.4</ele>
        <time>2024-12-07T21:33:51.131000Z</time>
      </trkpt>
      <trkpt lat="41.673962" lon="45.131614">
        <ele>715.5</ele>
        <time>2024-12-07T21:33:52.378000Z</time>
      </trkpt>
      <trkpt lat="41.673931" lon="45.131534">
        <ele>715.5</ele>
        <time>2024-12-07T21:33:53.626000Z</time>
      </trkpt>
      <trkpt lat="41.673898" lon="45.131451">
        <ele>715.6</ele>
        <time>2024-12-07T21:33:54.927000Z</time>
      </trkpt>
      <trkpt lat="41.673864" lon="45.131371">
        <ele>715.6</ele>
        <time>2024-12-07T21:33:56.201000Z</time>
      </trkpt>
      <trkpt lat="41.673832" lon="45.13129">
        <ele>715.7</ele>
        <time>2024-12-07T21:33:57.470000Z</time>
      </trkpt>
      <trkpt lat="41.673798" lon="45.13121">
        <ele>715.8</ele>
        <time>2024-12-07T21:33:58.744000Z</time>
      </trkpt>
      <trkpt lat="41.673768" lon="45.131127">
        <ele>715.8</ele>
        <time>2024-12-07T21:34:00.020000Z</time>
      </trkpt>
      <trkpt lat="41.673734" lon="45.131046">
        <ele>715.9</ele>
        <time>2024-12-07T21:34:01.307000Z</time>
      </trkpt>
      <trkpt lat="41.673696" lon="45.130962">
        <ele>716</ele>
        <time>2024-12-07T21:34:02.667000Z</time>
      </trkpt>
      <trkpt lat="41.673661" lon="45.130878">
        <ele>716.1</ele>
        <time>2024-12-07T21:34:03.998000Z</time>
      </trkpt>
      <trkpt lat="41.673624" lon="45.130795">
        <ele>716.2</ele>
        <time>2024-12-07T21:34:05.336000Z</time>
      </trkpt>
      <trkpt lat="41.673585" lon="45.130711">
        <ele>716.3</ele>
        <time>2024-12-07T21:34:06.706000Z</time>
      </trkpt>
      <trkpt lat="41.673551" lon="45.130627">
        <ele>716.4</ele>
        <time>2024-12-07T21:34:08.028000Z</time>
      </trkpt>
      <trkpt lat="41.673517" lon="45.13054">
        <ele>716.4</ele>
        <time>2024-12-07T21:34:09.388000Z</time>
      </trkpt>
      <trkpt lat="41.673479" lon="45.130455">
        <ele>716.5</ele>
        <time>2024-12-07T21:34:10.759000Z</time>
      </trkpt>
      <trkpt lat="41.673444" lon="45.130371">
        <ele>716.6</ele>
        <time>2024-12-07T21:34:12.090000Z</time>
      </trkpt>
      <trkpt lat="41.673406" lon="45.130284">
        <ele>716.7</ele>
        <time>2024-12-07T21:34:13.485000Z</time>
      </trkpt>
      <trkpt lat="41.673371" lon="45.130196">
        <ele>716.8</ele>
        <time>2024-12-07T21:34:14.865000Z</time>
      </trkpt>
      <trkpt lat="41.673337" lon="45.130112">
        <ele>716.9</ele>
        <time>2024-12-07T21:34:16.188000Z</time>
      </trkpt>
      <trkpt lat="41.673303" lon="45.130024">
        <ele>717</ele>
        <time>2024-12-07T21:34:17.560000Z</time>
      </trkpt>
      <trkpt lat="41.673268" lon="45.129937">
        <ele>717.1</ele>
        <time>2024-12-07T21:34:18.928000Z</time>
      </trkpt>
      <trkpt lat="41.673231" lon="45.129849">
        <ele>717.2</ele>
        <time>2024-12-07T21:34:20.326000Z</time>
      </trkpt>
      <trkpt lat="41.673196" lon="45.129765">
        <ele>717.3</ele>
        <time>2024-12-07T21:34:21.657000Z</time>
      </trkpt>
      <trkpt lat="41.673161" lon="45.129677">
        <ele>717.4</ele>
        <time>2024-12-07T21:34:23.038000Z</time>
      </trkpt>
      <trkpt lat="41.673124" lon="45.129593">
        <ele>717.4</ele>
        <time>2024-12-07T21:34:24.387000Z</time>
      </trkpt>
      <trkpt lat="41.673089" lon="45.129509">
        <ele>717.5</ele>
        <time>2024-12-07T21:34:25.719000Z</time>
      </trkpt>
      <trkpt lat="41.673055" lon="45.129425">
        <ele>717.6</ele>
        <time>2024-12-07T21:34:27.041000Z</time>
      </trkpt>
      <trkpt lat="41.67302" lon="45.129341">
        <ele>717.7</ele>
        <time>2024-12-07T21:34:28.373000Z</time>
      </trkpt>
      <trkpt lat="41.672986" lon="45.129257">
        <ele>717.7</ele>
        <time>2024-12-07T21:34:29.695000Z</time>
      </trkpt>
      <trkpt lat="41.672952" lon="45.129173">
        <ele>717.8</ele>
        <time>2024-12-07T21:34:31.018000Z</time>
      </trkpt>
      <trkpt lat="41.672914" lon="45.12909">
        <ele>717.9</ele>
        <time>2024-12-07T21:34:32.366000Z</time>
      </trkpt>
      <trkpt lat="41.672879" lon="45.129006">
        <ele>718</ele>
        <time>2024-12-07T21:34:33.697000Z</time>
      </trkpt>
      <trkpt lat="41.672845" lon="45.12892">
        <ele>718</ele>
        <time>2024-12-07T21:34:35.045000Z</time>
      </trkpt>
      <trkpt lat="41.672808" lon="45.128832">
        <ele>718.1</ele>
        <time>2024-12-07T21:34:36.442000Z</time>
      </trkpt>
      <trkpt lat="41.67277" lon="45.128744">
        <ele>718.3</ele>
        <time>2024-12-07T21:34:37.850000Z</time>
      </trkpt>
      <trkpt lat="41.672731" lon="45.128653">
        <ele>718.4</ele>
        <time>2024-12-07T21:34:39.302000Z</time>
      </trkpt>
      <trkpt lat="41.672694" lon="45.128567">
        <ele>718.5</ele>
        <time>2024-12-07T21:34:40.675000Z</time>
      </trkpt>
      <trkpt lat="41.672658" lon="45.128474">
        <ele>718.5</ele>
        <time>2024-12-07T21:34:42.126000Z</time>
      </trkpt>
      <trkpt lat="41.672621" lon="45.128382">
        <ele>718.6</ele>
        <time>2024-12-07T21:34:43.573000Z</time>
      </trkpt>
      <trkpt lat="41.672582" lon="45.12829">
        <ele>718.7</ele>
        <time>2024-12-07T21:34:45.037000Z</time>
      </trkpt>
      <trkpt lat="41.672541" lon="45.128196">
        <ele>718.8</ele>
        <time>2024-12-07T21:34:46.545000Z</time>
      </trkpt>
      <trkpt lat="41.672502" lon="45.128103">
        <ele>718.8</ele>
        <time>2024-12-07T21:34:48.020000Z</time>
      </trkpt>
      <trkpt lat="41.672464" lon="45.128015">
        <ele>718.9</ele>
        <time>2024-12-07T21:34:49.427000Z</time>
      </trkpt>
      <trkpt lat="41.672426" lon="45.127924">
        <ele>719</ele>
        <time>2024-12-07T21:34:50.871000Z</time>
      </trkpt>
      <trkpt lat="41.672391" lon="45.127836">
        <ele>719.1</ele>
        <time>2024-12-07T21:34:52.251000Z</time>
      </trkpt>
      <trkpt lat="41.672357" lon="45.127744">
        <ele>719.2</ele>
        <time>2024-12-07T21:34:53.672000Z</time>
      </trkpt>
      <trkpt lat="41.67232" lon="45.127659">
        <ele>719.2</ele>
        <time>2024-12-07T21:34:55.033000Z</time>
      </trkpt>
      <trkpt lat="41.672281" lon="45.127569">
        <ele>719.3</ele>
        <time>2024-12-07T21:34:56.475000Z</time>
      </trkpt>
      <trkpt lat="41.672246" lon="45.127481">
        <ele>719.4</ele>
        <time>2024-12-07T21:34:57.854000Z</time>
      </trkpt>
      <trkpt lat="41.672209" lon="45.12739">
        <ele>719.4</ele>
        <time>2024-12-07T21:34:59.289000Z</time>
      </trkpt>
      <trkpt lat="41.672171" lon="45.127302">
        <ele>719.5</ele>
        <time>2024-12-07T21:35:00.695000Z</time>
      </trkpt>
      <trkpt lat="41.672135" lon="45.127214">
        <ele>719.6</ele>
        <time>2024-12-07T21:35:02.084000Z</time>
      </trkpt>
      <trkpt lat="41.672102" lon="45.127129">
        <ele>719.6</ele>
        <time>2024-12-07T21:35:03.410000Z</time>
      </trkpt>
      <trkpt lat="41.672064" lon="45.127035">
        <ele>719.7</ele>
        <time>2024-12-07T21:35:04.891000Z</time>
      </trkpt>
      <trkpt lat="41.672029" lon="45.126947">
        <ele>719.8</ele>
        <time>2024-12-07T21:35:06.271000Z</time>
      </trkpt>
      <trkpt lat="41.671998" lon="45.126859">
        <ele>719.8</ele>
        <time>2024-12-07T21:35:07.618000Z</time>
      </trkpt>
      <trkpt lat="41.671968" lon="45.126774">
        <ele>719.9</ele>
        <time>2024-12-07T21:35:08.919000Z</time>
      </trkpt>
      <trkpt lat="41.671933" lon="45.126684">
        <ele>720</ele>
        <time>2024-12-07T21:35:10.324000Z</time>
      </trkpt>
      <trkpt lat="41.671906" lon="45.126595">
        <ele>720</ele>
        <time>2024-12-07T21:35:11.653000Z</time>
      </trkpt>
      <trkpt lat="41.671872" lon="45.126505">
        <ele>720.1</ele>
        <time>2024-12-07T21:35:13.049000Z</time>
      </trkpt>
      <trkpt lat="41.671841" lon="45.126413">
        <ele>720.2</ele>
        <time>2024-12-07T21:35:14.447000Z</time>
      </trkpt>
      <trkpt lat="41.671808" lon="45.126328">
        <ele>720.2</ele>
        <time>2024-12-07T21:35:15.773000Z</time>
      </trkpt>
      <trkpt lat="41.671776" lon="45.126238">
        <ele>720.2</ele>
        <time>2024-12-07T21:35:17.152000Z</time>
      </trkpt>
      <trkpt lat="41.671746" lon="45.126145">
        <ele>720.3</ele>
        <time>2024-12-07T21:35:18.555000Z</time>
      </trkpt>
      <trkpt lat="41.671715" lon="45.12605">
        <ele>720.3</ele>
        <time>2024-12-07T21:35:19.990000Z</time>
      </trkpt>
      <trkpt lat="41.671685" lon="45.125958">
        <ele>720.3</ele>
        <time>2024-12-07T21:35:21.380000Z</time>
      </trkpt>
      <trkpt lat="41.671654" lon="45.125864">
        <ele>720.4</ele>
        <time>2024-12-07T21:35:22.802000Z</time>
      </trkpt>
      <trkpt lat="41.67162" lon="45.125771">
        <ele>720.4</ele>
        <time>2024-12-07T21:35:24.236000Z</time>
      </trkpt>
      <trkpt lat="41.671589" lon="45.125677">
        <ele>720.5</ele>
        <time>2024-12-07T21:35:25.657000Z</time>
      </trkpt>
      <trkpt lat="41.671559" lon="45.125581">
        <ele>720.5</ele>
        <time>2024-12-07T21:35:27.099000Z</time>
      </trkpt>
      <trkpt lat="41.671531" lon="45.125483">
        <ele>720.6</ele>
        <time>2024-12-07T21:35:28.551000Z</time>
      </trkpt>
      <trkpt lat="41.671502" lon="45.125387">
        <ele>720.6</ele>
        <time>2024-12-07T21:35:29.984000Z</time>
      </trkpt>
      <trkpt lat="41.671707" lon="45.125219">
        <ele>720.8</ele>
        <time>2024-12-07T21:35:34.438000Z</time>
      </trkpt>
      <trkpt lat="41.671445" lon="45.124647">
        <ele>721.1</ele>
        <time>2024-12-07T21:35:43.726000Z</time>
      </trkpt>
      <trkpt lat="41.671445" lon="45.124647">
        <ele>721.1</ele>
        <time>2024-12-07T21:35:43.732000Z</time>
      </trkpt>
      <trkpt lat="41.671216" lon="45.123789">
        <ele>721.6</ele>
        <time>2024-12-07T21:35:59.454000Z</time>
      </trkpt>
      <trkpt lat="41.670932" lon="45.120935">
        <ele>722.7</ele>
        <time>2024-12-07T21:36:47.145000Z</time>
      </trkpt>
      <trkpt lat="41.670797" lon="45.119219">
        <ele>723.3</ele>
        <time>2024-12-07T21:37:15.594000Z</time>
      </trkpt>
      <trkpt lat="41.670677" lon="45.118163">
        <ele>723.9</ele>
        <time>2024-12-07T21:37:47.867000Z</time>
      </trkpt>
      <trkpt lat="41.670709" lon="45.116705">
        <ele>725.2</ele>
        <time>2024-12-07T21:38:33.233000Z</time>
      </trkpt>
      <trkpt lat="41.670724" lon="45.1165">
        <ele>725.4</ele>
        <time>2024-12-07T21:38:39.633000Z</time>
      </trkpt>
      <trkpt lat="41.670746" lon="45.116213">
        <ele>725.6</ele>
        <time>2024-12-07T21:38:48.495000Z</time>
      </trkpt>
      <trkpt lat="41.670965" lon="45.115887">
        <ele>725.9</ele>
        <time>2024-12-07T21:39:01.718000Z</time>
      </trkpt>
      <trkpt lat="41.67101" lon="45.115724">
        <ele>725.9</ele>
        <time>2024-12-07T21:39:06.844000Z</time>
      </trkpt>
      <trkpt lat="41.671017" lon="45.115457">
        <ele>726</ele>
        <time>2024-12-07T21:39:14.572000Z</time>
      </trkpt>
      <trkpt lat="41.670881" lon="45.114967">
        <ele>725.9</ele>
        <time>2024-12-07T21:39:28.711000Z</time>
      </trkpt>
      <trkpt lat="41.670876" lon="45.114734">
        <ele>725.8</ele>
        <time>2024-12-07T21:39:34.756000Z</time>
      </trkpt>
      <trkpt lat="41.67091" lon="45.114196">
        <ele>725.5</ele>
        <time>2024-12-07T21:39:48.618000Z</time>
      </trkpt>
      <trkpt lat="41.670923" lon="45.113459">
        <ele>724.9</ele>
        <time>2024-12-07T21:40:07.155000Z</time>
      </trkpt>
      <trkpt lat="41.670886" lon="45.113014">
        <ele>724.6</ele>
        <time>2024-12-07T21:40:18.499000Z</time>
      </trkpt>
      <trkpt lat="41.670889" lon="45.11272">
        <ele>724.4</ele>
        <time>2024-12-07T21:40:26.002000Z</time>
      </trkpt>
      <trkpt lat="41.671047" lon="45.111194">
        <ele>723.7</ele>
        <time>2024-12-07T21:41:06.292000Z</time>
      </trkpt>
      <trkpt lat="41.671209" lon="45.11004">
        <ele>722.3</ele>
        <time>2024-12-07T21:41:34.423000Z</time>
      </trkpt>
      <trkpt lat="41.671374" lon="45.109243">
        <ele>720.9</ele>
        <time>2024-12-07T21:41:53.663000Z</time>
      </trkpt>
      <trkpt lat="41.671188" lon="45.109174">
        <ele>720.4</ele>
        <time>2024-12-07T21:41:57.251000Z</time>
      </trkpt>
      <trkpt lat="41.671222" lon="45.109016">
        <ele>720.1</ele>
        <time>2024-12-07T21:41:59.527000Z</time>
      </trkpt>
      <trkpt lat="41.671256" lon="45.108856">
        <ele>719.8</ele>
        <time>2024-12-07T21:42:01.831000Z</time>
      </trkpt>
      <trkpt lat="41.671294" lon="45.108699">
        <ele>719.4</ele>
        <time>2024-12-07T21:42:04.116000Z</time>
      </trkpt>
      <trkpt lat="41.671332" lon="45.108542">
        <ele>719.1</ele>
        <time>2024-12-07T21:42:06.402000Z</time>
      </trkpt>
      <trkpt lat="41.671376" lon="45.108386">
        <ele>718.7</ele>
        <time>2024-12-07T21:42:08.711000Z</time>
      </trkpt>
      <trkpt lat="41.671416" lon="45.108229">
        <ele>718.4</ele>
        <time>2024-12-07T21:42:11.008000Z</time>
      </trkpt>
      <trkpt lat="41.671457" lon="45.108073">
        <ele>718</ele>
        <time>2024-12-07T21:42:13.298000Z</time>
      </trkpt>
      <trkpt lat="41.671502" lon="45.107917">
        <ele>717.6</ele>
        <time>2024-12-07T21:42:15.615000Z</time>
      </trkpt>
      <trkpt lat="41.671551" lon="45.107761">
        <ele>717.3</ele>
        <time>2024-12-07T21:42:17.957000Z</time>
      </trkpt>
      <trkpt lat="41.671601" lon="45.107601">
        <ele>717.1</ele>
        <time>2024-12-07T21:42:20.359000Z</time>
      </trkpt>
      <trkpt lat="41.671651" lon="45.107444">
        <ele>716.8</ele>
        <time>2024-12-07T21:42:22.722000Z</time>
      </trkpt>
      <trkpt lat="41.671704" lon="45.107284">
        <ele>716.4</ele>
        <time>2024-12-07T21:42:25.146000Z</time>
      </trkpt>
      <trkpt lat="41.671757" lon="45.107127">
        <ele>716</ele>
        <time>2024-12-07T21:42:27.532000Z</time>
      </trkpt>
      <trkpt lat="41.67181" lon="45.106971">
        <ele>715.5</ele>
        <time>2024-12-07T21:42:29.905000Z</time>
      </trkpt>
      <trkpt lat="41.671867" lon="45.106815">
        <ele>714.9</ele>
        <time>2024-12-07T21:42:32.311000Z</time>
      </trkpt>
      <trkpt lat="41.671927" lon="45.106661">
        <ele>714.3</ele>
        <time>2024-12-07T21:42:34.718000Z</time>
      </trkpt>
      <trkpt lat="41.671989" lon="45.106505">
        <ele>713.6</ele>
        <time>2024-12-07T21:42:37.167000Z</time>
      </trkpt>
      <trkpt lat="41.672049" lon="45.106353">
        <ele>712.8</ele>
        <time>2024-12-07T21:42:39.551000Z</time>
      </trkpt>
      <trkpt lat="41.672117" lon="45.1062">
        <ele>712</ele>
        <time>2024-12-07T21:42:42.019000Z</time>
      </trkpt>
      <trkpt lat="41.672179" lon="45.10605">
        <ele>711.1</ele>
        <time>2024-12-07T21:42:44.396000Z</time>
      </trkpt>
      <trkpt lat="41.672244" lon="45.105901">
        <ele>710.2</ele>
        <time>2024-12-07T21:42:46.789000Z</time>
      </trkpt>
      <trkpt lat="41.672308" lon="45.105753">
        <ele>709.2</ele>
        <time>2024-12-07T21:42:49.163000Z</time>
      </trkpt>
      <trkpt lat="41.672373" lon="45.105607">
        <ele>708.2</ele>
        <time>2024-12-07T21:42:51.522000Z</time>
      </trkpt>
      <trkpt lat="41.672438" lon="45.105472">
        <ele>707.2</ele>
        <time>2024-12-07T21:42:53.751000Z</time>
      </trkpt>
      <trkpt lat="41.6725" lon="45.105342">
        <ele>706.2</ele>
        <time>2024-12-07T21:42:55.892000Z</time>
      </trkpt>
      <trkpt lat="41.672561" lon="45.105215">
        <ele>705.2</ele>
        <time>2024-12-07T21:42:57.990000Z</time>
      </trkpt>
      <trkpt lat="41.672619" lon="45.105089">
        <ele>704.2</ele>
        <time>2024-12-07T21:43:00.045000Z</time>
      </trkpt>
      <trkpt lat="41.672681" lon="45.104962">
        <ele>703.1</ele>
        <time>2024-12-07T21:43:02.153000Z</time>
      </trkpt>
      <trkpt lat="41.672747" lon="45.104831">
        <ele>702</ele>
        <time>2024-12-07T21:43:04.349000Z</time>
      </trkpt>
      <trkpt lat="41.672812" lon="45.104704">
        <ele>700.8</ele>
        <time>2024-12-07T21:43:06.489000Z</time>
      </trkpt>
      <trkpt lat="41.67288" lon="45.104575">
        <ele>699.6</ele>
        <time>2024-12-07T21:43:08.683000Z</time>
      </trkpt>
      <trkpt lat="41.672949" lon="45.104445">
        <ele>698.6</ele>
        <time>2024-12-07T21:43:10.897000Z</time>
      </trkpt>
      <trkpt lat="41.673017" lon="45.104316">
        <ele>697.8</ele>
        <time>2024-12-07T21:43:13.087000Z</time>
      </trkpt>
      <trkpt lat="41.673089" lon="45.104186">
        <ele>697</ele>
        <time>2024-12-07T21:43:15.331000Z</time>
      </trkpt>
      <trkpt lat="41.673158" lon="45.104057">
        <ele>696.3</ele>
        <time>2024-12-07T21:43:17.530000Z</time>
      </trkpt>
      <trkpt lat="41.673231" lon="45.103927">
        <ele>695.8</ele>
        <time>2024-12-07T21:43:19.783000Z</time>
      </trkpt>
      <trkpt lat="41.673303" lon="45.1038">
        <ele>695.5</ele>
        <time>2024-12-07T21:43:21.991000Z</time>
      </trkpt>
      <trkpt lat="41.673376" lon="45.103674">
        <ele>695.3</ele>
        <time>2024-12-07T21:43:24.199000Z</time>
      </trkpt>
      <trkpt lat="41.673448" lon="45.103545">
        <ele>695.1</ele>
        <time>2024-12-07T21:43:26.429000Z</time>
      </trkpt>
      <trkpt lat="41.673517" lon="45.103419">
        <ele>695.1</ele>
        <time>2024-12-07T21:43:28.591000Z</time>
      </trkpt>
      <trkpt lat="41.673583" lon="45.10329">
        <ele>695.3</ele>
        <time>2024-12-07T21:43:30.756000Z</time>
      </trkpt>
      <trkpt lat="41.673647" lon="45.103166">
        <ele>695.4</ele>
        <time>2024-12-07T21:43:32.842000Z</time>
      </trkpt>
      <trkpt lat="41.673712" lon="45.103041">
        <ele>695.7</ele>
        <time>2024-12-07T21:43:34.951000Z</time>
      </trkpt>
      <trkpt lat="41.673774" lon="45.102912">
        <ele>696</ele>
        <time>2024-12-07T21:43:37.076000Z</time>
      </trkpt>
      <trkpt lat="41.673838" lon="45.102785">
        <ele>696.5</ele>
        <time>2024-12-07T21:43:39.197000Z</time>
      </trkpt>
      <trkpt lat="41.6739" lon="45.102656">
        <ele>697</ele>
        <time>2024-12-07T21:43:41.323000Z</time>
      </trkpt>
      <trkpt lat="41.673961" lon="45.102526">
        <ele>697.6</ele>
        <time>2024-12-07T21:43:43.451000Z</time>
      </trkpt>
      <trkpt lat="41.674022" lon="45.102394">
        <ele>698.4</ele>
        <time>2024-12-07T21:43:45.602000Z</time>
      </trkpt>
      <trkpt lat="41.674083" lon="45.102256">
        <ele>699.5</ele>
        <time>2024-12-07T21:43:47.830000Z</time>
      </trkpt>
      <trkpt lat="41.674141" lon="45.102116">
        <ele>700.8</ele>
        <time>2024-12-07T21:43:50.056000Z</time>
      </trkpt>
      <trkpt lat="41.674201" lon="45.101975">
        <ele>702</ele>
        <time>2024-12-07T21:43:52.312000Z</time>
      </trkpt>
      <trkpt lat="41.674259" lon="45.101834">
        <ele>703.2</ele>
        <time>2024-12-07T21:43:54.550000Z</time>
      </trkpt>
      <trkpt lat="41.674316" lon="45.101693">
        <ele>704.3</ele>
        <time>2024-12-07T21:43:56.777000Z</time>
      </trkpt>
      <trkpt lat="41.67437" lon="45.101549">
        <ele>705.3</ele>
        <time>2024-12-07T21:43:59.014000Z</time>
      </trkpt>
      <trkpt lat="41.674424" lon="45.101403">
        <ele>706.2</ele>
        <time>2024-12-07T21:44:01.273000Z</time>
      </trkpt>
      <trkpt lat="41.674477" lon="45.101261">
        <ele>706.8</ele>
        <time>2024-12-07T21:44:03.474000Z</time>
      </trkpt>
      <trkpt lat="41.67453" lon="45.101118">
        <ele>707.3</ele>
        <time>2024-12-07T21:44:05.684000Z</time>
      </trkpt>
      <trkpt lat="41.67458" lon="45.100971">
        <ele>707.8</ele>
        <time>2024-12-07T21:44:07.922000Z</time>
      </trkpt>
      <trkpt lat="41.674628" lon="45.100827">
        <ele>708.3</ele>
        <time>2024-12-07T21:44:10.106000Z</time>
      </trkpt>
      <trkpt lat="41.674682" lon="45.100666">
        <ele>708.9</ele>
        <time>2024-12-07T21:44:12.551000Z</time>
      </trkpt>
      <trkpt lat="41.674733" lon="45.100505">
        <ele>709.6</ele>
        <time>2024-12-07T21:44:14.975000Z</time>
      </trkpt>
      <trkpt lat="41.674783" lon="45.100348">
        <ele>710.2</ele>
        <time>2024-12-07T21:44:17.339000Z</time>
      </trkpt>
      <trkpt lat="41.674829" lon="45.100185">
        <ele>710.6</ele>
        <time>2024-12-07T21:44:19.752000Z</time>
      </trkpt>
      <trkpt lat="41.674871" lon="45.100021">
        <ele>711</ele>
        <time>2024-12-07T21:44:22.152000Z</time>
      </trkpt>
      <trkpt lat="41.674917" lon="45.099851">
        <ele>711.4</ele>
        <time>2024-12-07T21:44:24.657000Z</time>
      </trkpt>
      <trkpt lat="41.674959" lon="45.09968">
        <ele>711.8</ele>
        <time>2024-12-07T21:44:27.150000Z</time>
      </trkpt>
      <trkpt lat="41.675001" lon="45.099504">
        <ele>712.1</ele>
        <time>2024-12-07T21:44:29.708000Z</time>
      </trkpt>
      <trkpt lat="41.675046" lon="45.099328">
        <ele>712.3</ele>
        <time>2024-12-07T21:44:32.282000Z</time>
      </trkpt>
      <trkpt lat="41.675095" lon="45.099121">
        <ele>712.3</ele>
        <time>2024-12-07T21:44:35.289000Z</time>
      </trkpt>
      <trkpt lat="41.675128" lon="45.098966">
        <ele>712.3</ele>
        <time>2024-12-07T21:44:37.519000Z</time>
      </trkpt>
      <trkpt lat="41.675166" lon="45.098791">
        <ele>712.4</ele>
        <time>2024-12-07T21:44:40.043000Z</time>
      </trkpt>
      <trkpt lat="41.675201" lon="45.098608">
        <ele>712.7</ele>
        <time>2024-12-07T21:44:42.657000Z</time>
      </trkpt>
      <trkpt lat="41.675235" lon="45.098429">
        <ele>713.1</ele>
        <time>2024-12-07T21:44:45.216000Z</time>
      </trkpt>
      <trkpt lat="41.675266" lon="45.098249">
        <ele>713.7</ele>
        <time>2024-12-07T21:44:47.774000Z</time>
      </trkpt>
      <trkpt lat="41.675296" lon="45.098067">
        <ele>714.3</ele>
        <time>2024-12-07T21:44:50.357000Z</time>
      </trkpt>
      <trkpt lat="41.675324" lon="45.097887">
        <ele>714.8</ele>
        <time>2024-12-07T21:44:52.903000Z</time>
      </trkpt>
      <trkpt lat="41.67535" lon="45.097705">
        <ele>715.1</ele>
        <time>2024-12-07T21:44:55.468000Z</time>
      </trkpt>
      <trkpt lat="41.67538" lon="45.097521">
        <ele>715.4</ele>
        <time>2024-12-07T21:44:58.076000Z</time>
      </trkpt>
      <trkpt lat="41.675404" lon="45.097339">
        <ele>715.7</ele>
        <time>2024-12-07T21:45:00.634000Z</time>
      </trkpt>
      <trkpt lat="41.675424" lon="45.097155">
        <ele>715.9</ele>
        <time>2024-12-07T21:45:03.208000Z</time>
      </trkpt>
      <trkpt lat="41.675446" lon="45.096939">
        <ele>716.1</ele>
        <time>2024-12-07T21:45:06.226000Z</time>
      </trkpt>
      <trkpt lat="41.675466" lon="45.096751">
        <ele>716.2</ele>
        <time>2024-12-07T21:45:08.855000Z</time>
      </trkpt>
      <trkpt lat="41.675482" lon="45.096603">
        <ele>716.3</ele>
        <time>2024-12-07T21:45:10.925000Z</time>
      </trkpt>
      <trkpt lat="41.675497" lon="45.096429">
        <ele>716.3</ele>
        <time>2024-12-07T21:45:13.350000Z</time>
      </trkpt>
      <trkpt lat="41.675509" lon="45.096214">
        <ele>716.2</ele>
        <time>2024-12-07T21:45:16.334000Z</time>
      </trkpt>
      <trkpt lat="41.67552" lon="45.096064">
        <ele>716.1</ele>
        <time>2024-12-07T21:45:18.420000Z</time>
      </trkpt>
      <trkpt lat="41.675532" lon="45.095889">
        <ele>715.8</ele>
        <time>2024-12-07T21:45:20.853000Z</time>
      </trkpt>
      <trkpt lat="41.67554" lon="45.095706">
        <ele>715.4</ele>
        <time>2024-12-07T21:45:23.391000Z</time>
      </trkpt>
      <trkpt lat="41.675548" lon="45.095493">
        <ele>714.7</ele>
        <time>2024-12-07T21:45:26.346000Z</time>
      </trkpt>
      <trkpt lat="41.675555" lon="45.095338">
        <ele>714.1</ele>
        <time>2024-12-07T21:45:28.498000Z</time>
      </trkpt>
      <trkpt lat="41.675563" lon="45.095127">
        <ele>713.1</ele>
        <time>2024-12-07T21:45:31.428000Z</time>
      </trkpt>
      <trkpt lat="41.67557" lon="45.094972">
        <ele>712.1</ele>
        <time>2024-12-07T21:45:33.582000Z</time>
      </trkpt>
      <trkpt lat="41.675575" lon="45.094794">
        <ele>710.9</ele>
        <time>2024-12-07T21:45:36.057000Z</time>
      </trkpt>
      <trkpt lat="41.675582" lon="45.094608">
        <ele>709.5</ele>
        <time>2024-12-07T21:45:38.646000Z</time>
      </trkpt>
      <trkpt lat="41.67559" lon="45.09439">
        <ele>707.7</ele>
        <time>2024-12-07T21:45:41.682000Z</time>
      </trkpt>
      <trkpt lat="41.675594" lon="45.094232">
        <ele>706.3</ele>
        <time>2024-12-07T21:45:43.883000Z</time>
      </trkpt>
      <trkpt lat="41.675601" lon="45.09405">
        <ele>704.7</ele>
        <time>2024-12-07T21:45:46.419000Z</time>
      </trkpt>
      <trkpt lat="41.675609" lon="45.093867">
        <ele>703</ele>
        <time>2024-12-07T21:45:48.973000Z</time>
      </trkpt>
      <trkpt lat="41.675619" lon="45.093681">
        <ele>701.1</ele>
        <time>2024-12-07T21:45:51.574000Z</time>
      </trkpt>
      <trkpt lat="41.675631" lon="45.093493">
        <ele>698.9</ele>
        <time>2024-12-07T21:45:54.210000Z</time>
      </trkpt>
      <trkpt lat="41.675646" lon="45.093276">
        <ele>696.3</ele>
        <time>2024-12-07T21:45:57.257000Z</time>
      </trkpt>
      <trkpt lat="41.675661" lon="45.093121">
        <ele>694.3</ele>
        <time>2024-12-07T21:45:59.446000Z</time>
      </trkpt>
      <trkpt lat="41.675679" lon="45.092911">
        <ele>691.7</ele>
        <time>2024-12-07T21:46:02.405000Z</time>
      </trkpt>
      <trkpt lat="41.675695" lon="45.092752">
        <ele>689.6</ele>
        <time>2024-12-07T21:46:04.652000Z</time>
      </trkpt>
      <trkpt lat="41.675717" lon="45.092574">
        <ele>687.3</ele>
        <time>2024-12-07T21:46:07.179000Z</time>
      </trkpt>
      <trkpt lat="41.675737" lon="45.09239">
        <ele>685</ele>
        <time>2024-12-07T21:46:09.782000Z</time>
      </trkpt>
      <trkpt lat="41.675762" lon="45.092204">
        <ele>682.6</ele>
        <time>2024-12-07T21:46:12.428000Z</time>
      </trkpt>
      <trkpt lat="41.675792" lon="45.092024">
        <ele>680.2</ele>
        <time>2024-12-07T21:46:15.012000Z</time>
      </trkpt>
      <trkpt lat="41.675823" lon="45.091812">
        <ele>677.5</ele>
        <time>2024-12-07T21:46:18.037000Z</time>
      </trkpt>
      <trkpt lat="41.67585" lon="45.091657">
        <ele>675.7</ele>
        <time>2024-12-07T21:46:20.260000Z</time>
      </trkpt>
      <trkpt lat="41.67588" lon="45.091478">
        <ele>673.8</ele>
        <time>2024-12-07T21:46:22.819000Z</time>
      </trkpt>
      <trkpt lat="41.675921" lon="45.091258">
        <ele>671.6</ele>
        <time>2024-12-07T21:46:25.978000Z</time>
      </trkpt>
      <trkpt lat="41.675953" lon="45.0911">
        <ele>670.2</ele>
        <time>2024-12-07T21:46:28.257000Z</time>
      </trkpt>
      <trkpt lat="41.675989" lon="45.090918">
        <ele>668.7</ele>
        <time>2024-12-07T21:46:30.876000Z</time>
      </trkpt>
      <trkpt lat="41.67603" lon="45.09073">
        <ele>667.2</ele>
        <time>2024-12-07T21:46:33.597000Z</time>
      </trkpt>
      <trkpt lat="41.676073" lon="45.090541">
        <ele>665.9</ele>
        <time>2024-12-07T21:46:36.341000Z</time>
      </trkpt>
      <trkpt lat="41.676118" lon="45.090354">
        <ele>664.6</ele>
        <time>2024-12-07T21:46:39.068000Z</time>
      </trkpt>
      <trkpt lat="41.676161" lon="45.09017">
        <ele>663.5</ele>
        <time>2024-12-07T21:46:41.743000Z</time>
      </trkpt>
      <trkpt lat="41.676209" lon="45.089991">
        <ele>662.6</ele>
        <time>2024-12-07T21:46:44.381000Z</time>
      </trkpt>
      <trkpt lat="41.676256" lon="45.089811">
        <ele>661.8</ele>
        <time>2024-12-07T21:46:47.024000Z</time>
      </trkpt>
      <trkpt lat="41.676305" lon="45.089632">
        <ele>661.2</ele>
        <time>2024-12-07T21:46:49.665000Z</time>
      </trkpt>
      <trkpt lat="41.676364" lon="45.089429">
        <ele>660.7</ele>
        <time>2024-12-07T21:46:52.681000Z</time>
      </trkpt>
      <trkpt lat="41.676419" lon="45.089253">
        <ele>660.4</ele>
        <time>2024-12-07T21:46:55.323000Z</time>
      </trkpt>
      <trkpt lat="41.676462" lon="45.089111">
        <ele>660.3</ele>
        <time>2024-12-07T21:46:57.443000Z</time>
      </trkpt>
      <trkpt lat="41.676524" lon="45.088915">
        <ele>660.3</ele>
        <time>2024-12-07T21:47:00.389000Z</time>
      </trkpt>
      <trkpt lat="41.676576" lon="45.088771">
        <ele>660.1</ele>
        <time>2024-12-07T21:47:02.604000Z</time>
      </trkpt>
      <trkpt lat="41.676632" lon="45.088608">
        <ele>659.9</ele>
        <time>2024-12-07T21:47:05.088000Z</time>
      </trkpt>
      <trkpt lat="41.676689" lon="45.088443">
        <ele>659.5</ele>
        <time>2024-12-07T21:47:07.604000Z</time>
      </trkpt>
      <trkpt lat="41.676749" lon="45.088282">
        <ele>658.9</ele>
        <time>2024-12-07T21:47:10.097000Z</time>
      </trkpt>
      <trkpt lat="41.676814" lon="45.088122">
        <ele>658.3</ele>
        <time>2024-12-07T21:47:12.620000Z</time>
      </trkpt>
      <trkpt lat="41.676885" lon="45.08794">
        <ele>657.7</ele>
        <time>2024-12-07T21:47:15.464000Z</time>
      </trkpt>
      <trkpt lat="41.676941" lon="45.087808">
        <ele>657.4</ele>
        <time>2024-12-07T21:47:17.566000Z</time>
      </trkpt>
      <trkpt lat="41.677004" lon="45.087666">
        <ele>657.3</ele>
        <time>2024-12-07T21:47:19.852000Z</time>
      </trkpt>
      <trkpt lat="41.677082" lon="45.087488">
        <ele>657.5</ele>
        <time>2024-12-07T21:47:22.709000Z</time>
      </trkpt>
      <trkpt lat="41.677143" lon="45.087362">
        <ele>657.7</ele>
        <time>2024-12-07T21:47:24.787000Z</time>
      </trkpt>
      <trkpt lat="41.677213" lon="45.087221">
        <ele>657.9</ele>
        <time>2024-12-07T21:47:27.131000Z</time>
      </trkpt>
      <trkpt lat="41.677283" lon="45.087075">
        <ele>658.2</ele>
        <time>2024-12-07T21:47:29.534000Z</time>
      </trkpt>
      <trkpt lat="41.677358" lon="45.086927">
        <ele>658.4</ele>
        <time>2024-12-07T21:47:32.009000Z</time>
      </trkpt>
      <trkpt lat="41.677427" lon="45.086786">
        <ele>658.7</ele>
        <time>2024-12-07T21:47:34.343000Z</time>
      </trkpt>
      <trkpt lat="41.677502" lon="45.086641">
        <ele>658.9</ele>
        <time>2024-12-07T21:47:36.785000Z</time>
      </trkpt>
      <trkpt lat="41.677575" lon="45.086499">
        <ele>659.3</ele>
        <time>2024-12-07T21:47:39.171000Z</time>
      </trkpt>
      <trkpt lat="41.677655" lon="45.086361">
        <ele>659.5</ele>
        <time>2024-12-07T21:47:41.591000Z</time>
      </trkpt>
      <trkpt lat="41.677731" lon="45.086221">
        <ele>659.7</ele>
        <time>2024-12-07T21:47:43.986000Z</time>
      </trkpt>
      <trkpt lat="41.677808" lon="45.086082">
        <ele>659.9</ele>
        <time>2024-12-07T21:47:46.381000Z</time>
      </trkpt>
      <trkpt lat="41.677896" lon="45.085931">
        <ele>660.3</ele>
        <time>2024-12-07T21:47:49.034000Z</time>
      </trkpt>
      <trkpt lat="41.677959" lon="45.085819">
        <ele>660.7</ele>
        <time>2024-12-07T21:47:50.976000Z</time>
      </trkpt>
      <trkpt lat="41.678033" lon="45.085696">
        <ele>661.3</ele>
        <time>2024-12-07T21:47:53.163000Z</time>
      </trkpt>
      <trkpt lat="41.678112" lon="45.085566">
        <ele>662.1</ele>
        <time>2024-12-07T21:47:55.487000Z</time>
      </trkpt>
      <trkpt lat="41.678209" lon="45.085419">
        <ele>662.9</ele>
        <time>2024-12-07T21:47:58.205000Z</time>
      </trkpt>
      <trkpt lat="41.678282" lon="45.085314">
        <ele>663.4</ele>
        <time>2024-12-07T21:48:00.193000Z</time>
      </trkpt>
      <trkpt lat="41.678361" lon="45.085198">
        <ele>663.8</ele>
        <time>2024-12-07T21:48:02.368000Z</time>
      </trkpt>
      <trkpt lat="41.678461" lon="45.085057">
        <ele>664.2</ele>
        <time>2024-12-07T21:48:05.060000Z</time>
      </trkpt>
      <trkpt lat="41.678534" lon="45.084958">
        <ele>664.3</ele>
        <time>2024-12-07T21:48:06.985000Z</time>
      </trkpt>
      <trkpt lat="41.678615" lon="45.084844">
        <ele>664.4</ele>
        <time>2024-12-07T21:48:09.163000Z</time>
      </trkpt>
      <trkpt lat="41.6787" lon="45.084725">
        <ele>664.4</ele>
        <time>2024-12-07T21:48:11.442000Z</time>
      </trkpt>
      <trkpt lat="41.678783" lon="45.084611">
        <ele>664.2</ele>
        <time>2024-12-07T21:48:13.646000Z</time>
      </trkpt>
      <trkpt lat="41.67887" lon="45.084496">
        <ele>663.8</ele>
        <time>2024-12-07T21:48:15.912000Z</time>
      </trkpt>
      <trkpt lat="41.678972" lon="45.084364">
        <ele>663.3</ele>
        <time>2024-12-07T21:48:18.543000Z</time>
      </trkpt>
      <trkpt lat="41.679052" lon="45.084267">
        <ele>662.9</ele>
        <time>2024-12-07T21:48:20.545000Z</time>
      </trkpt>
      <trkpt lat="41.679144" lon="45.084163">
        <ele>662.5</ele>
        <time>2024-12-07T21:48:22.777000Z</time>
      </trkpt>
      <trkpt lat="41.679236" lon="45.084056">
        <ele>662.2</ele>
        <time>2024-12-07T21:48:25.036000Z</time>
      </trkpt>
      <trkpt lat="41.679331" lon="45.08395">
        <ele>662.1</ele>
        <time>2024-12-07T21:48:27.327000Z</time>
      </trkpt>
      <trkpt lat="41.679423" lon="45.083843">
        <ele>662.2</ele>
        <time>2024-12-07T21:48:29.587000Z</time>
      </trkpt>
      <trkpt lat="41.679519" lon="45.083738">
        <ele>662.3</ele>
        <time>2024-12-07T21:48:31.883000Z</time>
      </trkpt>
      <trkpt lat="41.679613" lon="45.083639">
        <ele>662.4</ele>
        <time>2024-12-07T21:48:34.100000Z</time>
      </trkpt>
      <trkpt lat="41.679712" lon="45.08354">
        <ele>662.5</ele>
        <time>2024-12-07T21:48:36.390000Z</time>
      </trkpt>
      <trkpt lat="41.679831" lon="45.083425">
        <ele>662.7</ele>
        <time>2024-12-07T21:48:39.109000Z</time>
      </trkpt>
      <trkpt lat="41.679921" lon="45.083339">
        <ele>662.8</ele>
        <time>2024-12-07T21:48:41.159000Z</time>
      </trkpt>
      <trkpt lat="41.680014" lon="45.083239">
        <ele>662.9</ele>
        <time>2024-12-07T21:48:43.370000Z</time>
      </trkpt>
      <trkpt lat="41.680133" lon="45.083126">
        <ele>663.1</ele>
        <time>2024-12-07T21:48:46.073000Z</time>
      </trkpt>
      <trkpt lat="41.680219" lon="45.083048">
        <ele>663.2</ele>
        <time>2024-12-07T21:48:47.998000Z</time>
      </trkpt>
      <trkpt lat="41.680315" lon="45.082956">
        <ele>663.4</ele>
        <time>2024-12-07T21:48:50.187000Z</time>
      </trkpt>
      <trkpt lat="41.680411" lon="45.082867">
        <ele>663.5</ele>
        <time>2024-12-07T21:48:52.351000Z</time>
      </trkpt>
      <trkpt lat="41.680513" lon="45.082779">
        <ele>663.6</ele>
        <time>2024-12-07T21:48:54.600000Z</time>
      </trkpt>
      <trkpt lat="41.680611" lon="45.082696">
        <ele>663.7</ele>
        <time>2024-12-07T21:48:56.749000Z</time>
      </trkpt>
      <trkpt lat="41.680729" lon="45.082597">
        <ele>663.8</ele>
        <time>2024-12-07T21:48:59.330000Z</time>
      </trkpt>
      <trkpt lat="41.680817" lon="45.082525">
        <ele>664</ele>
        <time>2024-12-07T21:49:01.241000Z</time>
      </trkpt>
      <trkpt lat="41.680912" lon="45.082448">
        <ele>664.1</ele>
        <time>2024-12-07T21:49:03.299000Z</time>
      </trkpt>
      <trkpt lat="41.681033" lon="45.082353">
        <ele>664.4</ele>
        <time>2024-12-07T21:49:05.899000Z</time>
      </trkpt>
      <trkpt lat="41.681135" lon="45.082274">
        <ele>664.6</ele>
        <time>2024-12-07T21:49:08.083000Z</time>
      </trkpt>
      <trkpt lat="41.681225" lon="45.082214">
        <ele>664.7</ele>
        <time>2024-12-07T21:49:09.945000Z</time>
      </trkpt>
      <trkpt lat="41.681326" lon="45.082147">
        <ele>664.7</ele>
        <time>2024-12-07T21:49:12.035000Z</time>
      </trkpt>
      <trkpt lat="41.681432" lon="45.082075">
        <ele>664.6</ele>
        <time>2024-12-07T21:49:14.238000Z</time>
      </trkpt>
      <trkpt lat="41.681535" lon="45.082009">
        <ele>664.5</ele>
        <time>2024-12-07T21:49:16.354000Z</time>
      </trkpt>
      <trkpt lat="41.681639" lon="45.081941">
        <ele>664.4</ele>
        <time>2024-12-07T21:49:18.500000Z</time>
      </trkpt>
      <trkpt lat="41.681741" lon="45.081876">
        <ele>664.2</ele>
        <time>2024-12-07T21:49:20.594000Z</time>
      </trkpt>
      <trkpt lat="41.681847" lon="45.081808">
        <ele>664</ele>
        <time>2024-12-07T21:49:22.771000Z</time>
      </trkpt>
      <trkpt lat="41.681947" lon="45.081746">
        <ele>663.8</ele>
        <time>2024-12-07T21:49:24.814000Z</time>
      </trkpt>
      <trkpt lat="41.682047" lon="45.081685">
        <ele>663.6</ele>
        <time>2024-12-07T21:49:26.850000Z</time>
      </trkpt>
      <trkpt lat="41.682146" lon="45.081624">
        <ele>663.3</ele>
        <time>2024-12-07T21:49:28.870000Z</time>
      </trkpt>
      <trkpt lat="41.682245" lon="45.081569">
        <ele>663.2</ele>
        <time>2024-12-07T21:49:30.858000Z</time>
      </trkpt>
      <trkpt lat="41.682348" lon="45.081516">
        <ele>663.2</ele>
        <time>2024-12-07T21:49:32.902000Z</time>
      </trkpt>
      <trkpt lat="41.682447" lon="45.081463">
        <ele>663.3</ele>
        <time>2024-12-07T21:49:34.879000Z</time>
      </trkpt>
      <trkpt lat="41.682542" lon="45.081416">
        <ele>663.5</ele>
        <time>2024-12-07T21:49:36.756000Z</time>
      </trkpt>
      <trkpt lat="41.682654" lon="45.081361">
        <ele>663.9</ele>
        <time>2024-12-07T21:49:38.968000Z</time>
      </trkpt>
      <trkpt lat="41.682737" lon="45.081319">
        <ele>664.3</ele>
        <time>2024-12-07T21:49:40.613000Z</time>
      </trkpt>
      <trkpt lat="41.682825" lon="45.081281">
        <ele>664.9</ele>
        <time>2024-12-07T21:49:42.329000Z</time>
      </trkpt>
      <trkpt lat="41.682932" lon="45.081237">
        <ele>665.7</ele>
        <time>2024-12-07T21:49:44.409000Z</time>
      </trkpt>
      <trkpt lat="41.683024" lon="45.081198">
        <ele>666.4</ele>
        <time>2024-12-07T21:49:46.200000Z</time>
      </trkpt>
      <trkpt lat="41.683092" lon="45.081166">
        <ele>667</ele>
        <time>2024-12-07T21:49:47.540000Z</time>
      </trkpt>
      <trkpt lat="41.68317" lon="45.081132">
        <ele>667.6</ele>
        <time>2024-12-07T21:49:49.063000Z</time>
      </trkpt>
      <trkpt lat="41.683248" lon="45.081103">
        <ele>668.3</ele>
        <time>2024-12-07T21:49:50.568000Z</time>
      </trkpt>
      <trkpt lat="41.68333" lon="45.081071">
        <ele>669</ele>
        <time>2024-12-07T21:49:52.155000Z</time>
      </trkpt>
      <trkpt lat="41.683407" lon="45.08104">
        <ele>669.7</ele>
        <time>2024-12-07T21:49:53.650000Z</time>
      </trkpt>
      <trkpt lat="41.683484" lon="45.081013">
        <ele>670.4</ele>
        <time>2024-12-07T21:49:55.130000Z</time>
      </trkpt>
      <trkpt lat="41.683557" lon="45.080983">
        <ele>671.2</ele>
        <time>2024-12-07T21:49:56.550000Z</time>
      </trkpt>
      <trkpt lat="41.683642" lon="45.080949">
        <ele>672.1</ele>
        <time>2024-12-07T21:49:58.201000Z</time>
      </trkpt>
      <trkpt lat="41.683717" lon="45.080924">
        <ele>672.8</ele>
        <time>2024-12-07T21:49:59.639000Z</time>
      </trkpt>
      <trkpt lat="41.683783" lon="45.080898">
        <ele>673.5</ele>
        <time>2024-12-07T21:50:00.921000Z</time>
      </trkpt>
      <trkpt lat="41.683848" lon="45.080875">
        <ele>674.2</ele>
        <time>2024-12-07T21:50:02.171000Z</time>
      </trkpt>
      <trkpt lat="41.683916" lon="45.080855">
        <ele>674.9</ele>
        <time>2024-12-07T21:50:03.466000Z</time>
      </trkpt>
      <trkpt lat="41.683988" lon="45.080836">
        <ele>675.7</ele>
        <time>2024-12-07T21:50:04.832000Z</time>
      </trkpt>
      <trkpt lat="41.684057" lon="45.080817">
        <ele>676.4</ele>
        <time>2024-12-07T21:50:06.144000Z</time>
      </trkpt>
      <trkpt lat="41.684126" lon="45.080798">
        <ele>677.2</ele>
        <time>2024-12-07T21:50:07.456000Z</time>
      </trkpt>
      <trkpt lat="41.684194" lon="45.080779">
        <ele>677.9</ele>
        <time>2024-12-07T21:50:08.748000Z</time>
      </trkpt>
      <trkpt lat="41.684263" lon="45.080757">
        <ele>678.6</ele>
        <time>2024-12-07T21:50:10.068000Z</time>
      </trkpt>
      <trkpt lat="41.684332" lon="45.080737">
        <ele>679.3</ele>
        <time>2024-12-07T21:50:11.381000Z</time>
      </trkpt>
      <trkpt lat="41.684397" lon="45.080715">
        <ele>679.9</ele>
        <time>2024-12-07T21:50:12.629000Z</time>
      </trkpt>
      <trkpt lat="41.684459" lon="45.080688">
        <ele>680.5</ele>
        <time>2024-12-07T21:50:13.841000Z</time>
      </trkpt>
      <trkpt lat="41.68452" lon="45.080668">
        <ele>681.1</ele>
        <time>2024-12-07T21:50:15.008000Z</time>
      </trkpt>
      <trkpt lat="41.684591" lon="45.080653">
        <ele>681.7</ele>
        <time>2024-12-07T21:50:16.344000Z</time>
      </trkpt>
      <trkpt lat="41.684653" lon="45.080634">
        <ele>682.2</ele>
        <time>2024-12-07T21:50:17.526000Z</time>
      </trkpt>
      <trkpt lat="41.684714" lon="45.080612">
        <ele>682.8</ele>
        <time>2024-12-07T21:50:18.701000Z</time>
      </trkpt>
      <trkpt lat="41.684779" lon="45.080585">
        <ele>683.3</ele>
        <time>2024-12-07T21:50:19.964000Z</time>
      </trkpt>
      <trkpt lat="41.684843" lon="45.080562">
        <ele>683.8</ele>
        <time>2024-12-07T21:50:21.196000Z</time>
      </trkpt>
      <trkpt lat="41.684892" lon="45.080539">
        <ele>684.2</ele>
        <time>2024-12-07T21:50:22.160000Z</time>
      </trkpt>
      <trkpt lat="41.684967" lon="45.08051">
        <ele>684.7</ele>
        <time>2024-12-07T21:50:23.610000Z</time>
      </trkpt>
      <trkpt lat="41.685024" lon="45.080492">
        <ele>685.1</ele>
        <time>2024-12-07T21:50:24.697000Z</time>
      </trkpt>
      <trkpt lat="41.685091" lon="45.080474">
        <ele>685.5</ele>
        <time>2024-12-07T21:50:25.966000Z</time>
      </trkpt>
      <trkpt lat="41.685169" lon="45.080448">
        <ele>686</ele>
        <time>2024-12-07T21:50:27.457000Z</time>
      </trkpt>
      <trkpt lat="41.68524" lon="45.080425">
        <ele>686.4</ele>
        <time>2024-12-07T21:50:28.812000Z</time>
      </trkpt>
      <trkpt lat="41.685308" lon="45.080408">
        <ele>686.7</ele>
        <time>2024-12-07T21:50:30.096000Z</time>
      </trkpt>
      <trkpt lat="41.68536" lon="45.08039">
        <ele>686.9</ele>
        <time>2024-12-07T21:50:31.091000Z</time>
      </trkpt>
      <trkpt lat="41.68542" lon="45.080367">
        <ele>687.1</ele>
        <time>2024-12-07T21:50:32.249000Z</time>
      </trkpt>
      <trkpt lat="41.685494" lon="45.080338">
        <ele>687.3</ele>
        <time>2024-12-07T21:50:33.679000Z</time>
      </trkpt>
      <trkpt lat="41.685554" lon="45.080317">
        <ele>687.4</ele>
        <time>2024-12-07T21:50:34.827000Z</time>
      </trkpt>
      <trkpt lat="41.685612" lon="45.080296">
        <ele>687.5</ele>
        <time>2024-12-07T21:50:35.940000Z</time>
      </trkpt>
      <trkpt lat="41.685669" lon="45.080275">
        <ele>687.6</ele>
        <time>2024-12-07T21:50:37.036000Z</time>
      </trkpt>
      <trkpt lat="41.68573" lon="45.080253">
        <ele>687.5</ele>
        <time>2024-12-07T21:50:38.207000Z</time>
      </trkpt>
      <trkpt lat="41.685801" lon="45.080227">
        <ele>687.5</ele>
        <time>2024-12-07T21:50:39.571000Z</time>
      </trkpt>
      <trkpt lat="41.685867" lon="45.080203">
        <ele>687.5</ele>
        <time>2024-12-07T21:50:40.839000Z</time>
      </trkpt>
      <trkpt lat="41.685928" lon="45.080177">
        <ele>687.5</ele>
        <time>2024-12-07T21:50:42.025000Z</time>
      </trkpt>
      <trkpt lat="41.685976" lon="45.080157">
        <ele>687.6</ele>
        <time>2024-12-07T21:50:42.957000Z</time>
      </trkpt>
      <trkpt lat="41.686048" lon="45.080131">
        <ele>687.7</ele>
        <time>2024-12-07T21:50:44.339000Z</time>
      </trkpt>
      <trkpt lat="41.686108" lon="45.080108">
        <ele>687.7</ele>
        <time>2024-12-07T21:50:45.496000Z</time>
      </trkpt>
      <trkpt lat="41.686168" lon="45.080082">
        <ele>687.8</ele>
        <time>2024-12-07T21:50:46.665000Z</time>
      </trkpt>
      <trkpt lat="41.686226" lon="45.080055">
        <ele>687.8</ele>
        <time>2024-12-07T21:50:47.803000Z</time>
      </trkpt>
      <trkpt lat="41.68629" lon="45.080028">
        <ele>687.8</ele>
        <time>2024-12-07T21:50:49.046000Z</time>
      </trkpt>
      <trkpt lat="41.686352" lon="45.080001">
        <ele>687.9</ele>
        <time>2024-12-07T21:50:50.254000Z</time>
      </trkpt>
      <trkpt lat="41.686413" lon="45.079975">
        <ele>687.9</ele>
        <time>2024-12-07T21:50:51.441000Z</time>
      </trkpt>
      <trkpt lat="41.686474" lon="45.079951">
        <ele>687.9</ele>
        <time>2024-12-07T21:50:52.618000Z</time>
      </trkpt>
      <trkpt lat="41.686538" lon="45.079922">
        <ele>688</ele>
        <time>2024-12-07T21:50:53.871000Z</time>
      </trkpt>
      <trkpt lat="41.686596" lon="45.079895">
        <ele>688.1</ele>
        <time>2024-12-07T21:50:55.009000Z</time>
      </trkpt>
      <trkpt lat="41.68666" lon="45.079865">
        <ele>688.2</ele>
        <time>2024-12-07T21:50:56.267000Z</time>
      </trkpt>
      <trkpt lat="41.686722" lon="45.079834">
        <ele>688.2</ele>
        <time>2024-12-07T21:50:57.492000Z</time>
      </trkpt>
      <trkpt lat="41.686779" lon="45.079804">
        <ele>688.3</ele>
        <time>2024-12-07T21:50:58.627000Z</time>
      </trkpt>
      <trkpt lat="41.686843" lon="45.07977">
        <ele>688.5</ele>
        <time>2024-12-07T21:50:59.904000Z</time>
      </trkpt>
      <trkpt lat="41.686905" lon="45.079739">
        <ele>688.6</ele>
        <time>2024-12-07T21:51:01.131000Z</time>
      </trkpt>
      <trkpt lat="41.686966" lon="45.079705">
        <ele>688.7</ele>
        <time>2024-12-07T21:51:02.355000Z</time>
      </trkpt>
      <trkpt lat="41.68703" lon="45.079674">
        <ele>688.8</ele>
        <time>2024-12-07T21:51:03.617000Z</time>
      </trkpt>
      <trkpt lat="41.687095" lon="45.079643">
        <ele>688.9</ele>
        <time>2024-12-07T21:51:04.895000Z</time>
      </trkpt>
      <trkpt lat="41.687156" lon="45.07961">
        <ele>688.9</ele>
        <time>2024-12-07T21:51:06.115000Z</time>
      </trkpt>
      <trkpt lat="41.687218" lon="45.079572">
        <ele>689</ele>
        <time>2024-12-07T21:51:07.379000Z</time>
      </trkpt>
      <trkpt lat="41.687282" lon="45.079537">
        <ele>689</ele>
        <time>2024-12-07T21:51:08.659000Z</time>
      </trkpt>
      <trkpt lat="41.687343" lon="45.079503">
        <ele>689</ele>
        <time>2024-12-07T21:51:09.884000Z</time>
      </trkpt>
      <trkpt lat="41.687403" lon="45.079466">
        <ele>689</ele>
        <time>2024-12-07T21:51:11.108000Z</time>
      </trkpt>
      <trkpt lat="41.687465" lon="45.079427">
        <ele>689</ele>
        <time>2024-12-07T21:51:12.378000Z</time>
      </trkpt>
      <trkpt lat="41.68753" lon="45.079389">
        <ele>688.9</ele>
        <time>2024-12-07T21:51:13.692000Z</time>
      </trkpt>
      <trkpt lat="41.687595" lon="45.079351">
        <ele>688.8</ele>
        <time>2024-12-07T21:51:15.007000Z</time>
      </trkpt>
      <trkpt lat="41.687656" lon="45.079309">
        <ele>688.8</ele>
        <time>2024-12-07T21:51:16.277000Z</time>
      </trkpt>
      <trkpt lat="41.687714" lon="45.079267">
        <ele>688.7</ele>
        <time>2024-12-07T21:51:17.500000Z</time>
      </trkpt>
      <trkpt lat="41.687778" lon="45.079225">
        <ele>688.6</ele>
        <time>2024-12-07T21:51:18.821000Z</time>
      </trkpt>
      <trkpt lat="41.687839" lon="45.079183">
        <ele>688.5</ele>
        <time>2024-12-07T21:51:20.093000Z</time>
      </trkpt>
      <trkpt lat="41.687907" lon="45.079141">
        <ele>688.4</ele>
        <time>2024-12-07T21:51:21.481000Z</time>
      </trkpt>
      <trkpt lat="41.687972" lon="45.079096">
        <ele>688.2</ele>
        <time>2024-12-07T21:51:22.836000Z</time>
      </trkpt>
      <trkpt lat="41.688037" lon="45.079054">
        <ele>687.9</ele>
        <time>2024-12-07T21:51:24.176000Z</time>
      </trkpt>
      <trkpt lat="41.688105" lon="45.079005">
        <ele>687.5</ele>
        <time>2024-12-07T21:51:25.607000Z</time>
      </trkpt>
      <trkpt lat="41.688174" lon="45.078959">
        <ele>687.1</ele>
        <time>2024-12-07T21:51:27.038000Z</time>
      </trkpt>
      <trkpt lat="41.688239" lon="45.07891">
        <ele>686.6</ele>
        <time>2024-12-07T21:51:28.423000Z</time>
      </trkpt>
      <trkpt lat="41.688311" lon="45.07886">
        <ele>686</ele>
        <time>2024-12-07T21:51:29.929000Z</time>
      </trkpt>
      <trkpt lat="41.68838" lon="45.07881">
        <ele>685.5</ele>
        <time>2024-12-07T21:51:31.386000Z</time>
      </trkpt>
      <trkpt lat="41.688449" lon="45.078761">
        <ele>684.9</ele>
        <time>2024-12-07T21:51:32.836000Z</time>
      </trkpt>
      <trkpt lat="41.688521" lon="45.078711">
        <ele>684.3</ele>
        <time>2024-12-07T21:51:34.343000Z</time>
      </trkpt>
      <trkpt lat="41.688597" lon="45.078658">
        <ele>683.6</ele>
        <time>2024-12-07T21:51:35.935000Z</time>
      </trkpt>
      <trkpt lat="41.688666" lon="45.078602">
        <ele>682.9</ele>
        <time>2024-12-07T21:51:37.434000Z</time>
      </trkpt>
      <trkpt lat="41.688732" lon="45.078544">
        <ele>682.3</ele>
        <time>2024-12-07T21:51:38.900000Z</time>
      </trkpt>
      <trkpt lat="41.688802" lon="45.078488">
        <ele>681.7</ele>
        <time>2024-12-07T21:51:40.416000Z</time>
      </trkpt>
      <trkpt lat="41.688878" lon="45.078433">
        <ele>681.1</ele>
        <time>2024-12-07T21:51:42.019000Z</time>
      </trkpt>
      <trkpt lat="41.688949" lon="45.078373">
        <ele>680.5</ele>
        <time>2024-12-07T21:51:43.578000Z</time>
      </trkpt>
      <trkpt lat="41.68902" lon="45.078315">
        <ele>680</ele>
        <time>2024-12-07T21:51:45.122000Z</time>
      </trkpt>
      <trkpt lat="41.689089" lon="45.078255">
        <ele>679.4</ele>
        <time>2024-12-07T21:51:46.650000Z</time>
      </trkpt>
      <trkpt lat="41.689161" lon="45.078194">
        <ele>679</ele>
        <time>2024-12-07T21:51:48.231000Z</time>
      </trkpt>
      <trkpt lat="41.689231" lon="45.078133">
        <ele>678.6</ele>
        <time>2024-12-07T21:51:49.781000Z</time>
      </trkpt>
      <trkpt lat="41.689302" lon="45.078072">
        <ele>678.2</ele>
        <time>2024-12-07T21:51:51.345000Z</time>
      </trkpt>
      <trkpt lat="41.689372" lon="45.078008">
        <ele>677.9</ele>
        <time>2024-12-07T21:51:52.916000Z</time>
      </trkpt>
      <trkpt lat="41.68944" lon="45.077943">
        <ele>677.7</ele>
        <time>2024-12-07T21:51:54.464000Z</time>
      </trkpt>
      <trkpt lat="41.689508" lon="45.077879">
        <ele>677.5</ele>
        <time>2024-12-07T21:51:56.006000Z</time>
      </trkpt>
      <trkpt lat="41.689577" lon="45.077813">
        <ele>677.4</ele>
        <time>2024-12-07T21:51:57.577000Z</time>
      </trkpt>
      <trkpt lat="41.689649" lon="45.077746">
        <ele>677.4</ele>
        <time>2024-12-07T21:51:59.203000Z</time>
      </trkpt>
      <trkpt lat="41.689719" lon="45.07768">
        <ele>677.4</ele>
        <time>2024-12-07T21:52:00.789000Z</time>
      </trkpt>
      <trkpt lat="41.689787" lon="45.077608">
        <ele>677.4</ele>
        <time>2024-12-07T21:52:02.395000Z</time>
      </trkpt>
      <trkpt lat="41.689856" lon="45.077536">
        <ele>677.6</ele>
        <time>2024-12-07T21:52:04.016000Z</time>
      </trkpt>
      <trkpt lat="41.689924" lon="45.077464">
        <ele>677.7</ele>
        <time>2024-12-07T21:52:05.624000Z</time>
      </trkpt>
      <trkpt lat="41.689993" lon="45.077394">
        <ele>677.9</ele>
        <time>2024-12-07T21:52:07.228000Z</time>
      </trkpt>
      <trkpt lat="41.690065" lon="45.077319">
        <ele>678.1</ele>
        <time>2024-12-07T21:52:08.919000Z</time>
      </trkpt>
      <trkpt lat="41.690134" lon="45.077243">
        <ele>678.3</ele>
        <time>2024-12-07T21:52:10.575000Z</time>
      </trkpt>
      <trkpt lat="41.690203" lon="45.077163">
        <ele>678.6</ele>
        <time>2024-12-07T21:52:12.267000Z</time>
      </trkpt>
      <trkpt lat="41.690272" lon="45.077083">
        <ele>679</ele>
        <time>2024-12-07T21:52:13.959000Z</time>
      </trkpt>
      <trkpt lat="41.69034" lon="45.076999">
        <ele>679.5</ele>
        <time>2024-12-07T21:52:15.677000Z</time>
      </trkpt>
      <trkpt lat="41.690409" lon="45.076919">
        <ele>680</ele>
        <time>2024-12-07T21:52:17.369000Z</time>
      </trkpt>
      <trkpt lat="41.690484" lon="45.076835">
        <ele>680.6</ele>
        <time>2024-12-07T21:52:19.184000Z</time>
      </trkpt>
      <trkpt lat="41.690557" lon="45.076756">
        <ele>681.1</ele>
        <time>2024-12-07T21:52:20.926000Z</time>
      </trkpt>
      <trkpt lat="41.690629" lon="45.076672">
        <ele>681.6</ele>
        <time>2024-12-07T21:52:22.698000Z</time>
      </trkpt>
      <trkpt lat="41.690701" lon="45.076585">
        <ele>682</ele>
        <time>2024-12-07T21:52:24.496000Z</time>
      </trkpt>
      <trkpt lat="41.690774" lon="45.076497">
        <ele>682.3</ele>
        <time>2024-12-07T21:52:26.316000Z</time>
      </trkpt>
      <trkpt lat="41.690844" lon="45.076405">
        <ele>682.6</ele>
        <time>2024-12-07T21:52:28.135000Z</time>
      </trkpt>
      <trkpt lat="41.690916" lon="45.07631">
        <ele>682.9</ele>
        <time>2024-12-07T21:52:30.009000Z</time>
      </trkpt>
      <trkpt lat="41.690991" lon="45.076216">
        <ele>683</ele>
        <time>2024-12-07T21:52:31.912000Z</time>
      </trkpt>
      <trkpt lat="41.691061" lon="45.076117">
        <ele>683.1</ele>
        <time>2024-12-07T21:52:33.800000Z</time>
      </trkpt>
      <trkpt lat="41.691136" lon="45.076018">
        <ele>683.2</ele>
        <time>2024-12-07T21:52:35.750000Z</time>
      </trkpt>
      <trkpt lat="41.69121" lon="45.075918">
        <ele>683.1</ele>
        <time>2024-12-07T21:52:37.699000Z</time>
      </trkpt>
      <trkpt lat="41.691279" lon="45.075819">
        <ele>683</ele>
        <time>2024-12-07T21:52:39.574000Z</time>
      </trkpt>
      <trkpt lat="41.691334" lon="45.075733">
        <ele>682.8</ele>
        <time>2024-12-07T21:52:41.142000Z</time>
      </trkpt>
      <trkpt lat="41.691409" lon="45.075612">
        <ele>682.6</ele>
        <time>2024-12-07T21:52:43.317000Z</time>
      </trkpt>
      <trkpt lat="41.691476" lon="45.075506">
        <ele>682.2</ele>
        <time>2024-12-07T21:52:45.241000Z</time>
      </trkpt>
      <trkpt lat="41.691544" lon="45.075397">
        <ele>681.9</ele>
        <time>2024-12-07T21:52:47.206000Z</time>
      </trkpt>
      <trkpt lat="41.691613" lon="45.075288">
        <ele>681.5</ele>
        <time>2024-12-07T21:52:49.185000Z</time>
      </trkpt>
      <trkpt lat="41.691676" lon="45.075179">
        <ele>681.1</ele>
        <time>2024-12-07T21:52:51.094000Z</time>
      </trkpt>
      <trkpt lat="41.691743" lon="45.075065">
        <ele>680.7</ele>
        <time>2024-12-07T21:52:53.102000Z</time>
      </trkpt>
      <trkpt lat="41.691811" lon="45.074947">
        <ele>680.1</ele>
        <time>2024-12-07T21:52:55.167000Z</time>
      </trkpt>
      <trkpt lat="41.691864" lon="45.074851">
        <ele>679.6</ele>
        <time>2024-12-07T21:52:56.822000Z</time>
      </trkpt>
      <trkpt lat="41.691938" lon="45.074716">
        <ele>678.7</ele>
        <time>2024-12-07T21:52:59.144000Z</time>
      </trkpt>
      <trkpt lat="41.692011" lon="45.074596">
        <ele>678</ele>
        <time>2024-12-07T21:53:01.290000Z</time>
      </trkpt>
      <trkpt lat="41.692084" lon="45.074473">
        <ele>677.1</ele>
        <time>2024-12-07T21:53:03.468000Z</time>
      </trkpt>
      <trkpt lat="41.692154" lon="45.074346">
        <ele>676.3</ele>
        <time>2024-12-07T21:53:05.658000Z</time>
      </trkpt>
      <trkpt lat="41.692224" lon="45.07422">
        <ele>675.4</ele>
        <time>2024-12-07T21:53:07.835000Z</time>
      </trkpt>
      <trkpt lat="41.692295" lon="45.074085">
        <ele>674.6</ele>
        <time>2024-12-07T21:53:10.125000Z</time>
      </trkpt>
      <trkpt lat="41.692363" lon="45.073953">
        <ele>673.7</ele>
        <time>2024-12-07T21:53:12.349000Z</time>
      </trkpt>
      <trkpt lat="41.692432" lon="45.073818">
        <ele>672.9</ele>
        <time>2024-12-07T21:53:14.616000Z</time>
      </trkpt>
      <trkpt lat="41.692485" lon="45.073706">
        <ele>672.2</ele>
        <time>2024-12-07T21:53:16.456000Z</time>
      </trkpt>
      <trkpt lat="41.69256" lon="45.073555">
        <ele>671.4</ele>
        <time>2024-12-07T21:53:18.968000Z</time>
      </trkpt>
      <trkpt lat="41.692623" lon="45.07342">
        <ele>670.7</ele>
        <time>2024-12-07T21:53:21.175000Z</time>
      </trkpt>
      <trkpt lat="41.692684" lon="45.073286">
        <ele>670.2</ele>
        <time>2024-12-07T21:53:23.348000Z</time>
      </trkpt>
      <trkpt lat="41.692745" lon="45.073153">
        <ele>669.7</ele>
        <time>2024-12-07T21:53:25.509000Z</time>
      </trkpt>
      <trkpt lat="41.6928" lon="45.073038">
        <ele>669.3</ele>
        <time>2024-12-07T21:53:27.401000Z</time>
      </trkpt>
      <trkpt lat="41.692869" lon="45.072883">
        <ele>668.9</ele>
        <time>2024-12-07T21:53:29.898000Z</time>
      </trkpt>
      <trkpt lat="41.692932" lon="45.072736">
        <ele>668.6</ele>
        <time>2024-12-07T21:53:32.244000Z</time>
      </trkpt>
      <trkpt lat="41.692996" lon="45.072591">
        <ele>668.4</ele>
        <time>2024-12-07T21:53:34.576000Z</time>
      </trkpt>
      <trkpt lat="41.693049" lon="45.072468">
        <ele>668.3</ele>
        <time>2024-12-07T21:53:36.541000Z</time>
      </trkpt>
      <trkpt lat="41.693031" lon="45.072483">
        <ele>668.3</ele>
        <time>2024-12-07T21:53:36.930000Z</time>
      </trkpt>
      <trkpt lat="41.693276" lon="45.072994">
        <ele>667.9</ele>
        <time>2024-12-07T21:53:42.578000Z</time>
      </trkpt>
      <trkpt lat="41.693471" lon="45.072764">
        <ele>667.6</ele>
        <time>2024-12-07T21:53:47.098000Z</time>
      </trkpt>
      <trkpt lat="41.693627" lon="45.072357">
        <ele>667.3</ele>
        <time>2024-12-07T21:53:53.005000Z</time>
      </trkpt>
      <trkpt lat="41.693664" lon="45.071907">
        <ele>666.9</ele>
        <time>2024-12-07T21:53:58.809000Z</time>
      </trkpt>
      <trkpt lat="41.693627" lon="45.071618">
        <ele>666.6</ele>
        <time>2024-12-07T21:54:02.366000Z</time>
      </trkpt>
      <trkpt lat="41.695558" lon="45.065852">
        <ele>659.1</ele>
        <time>2024-12-07T21:55:19.411000Z</time>
      </trkpt>
      <trkpt lat="41.697286" lon="45.060613">
        <ele>657.5</ele>
        <time>2024-12-07T21:56:40.236000Z</time>
      </trkpt>
      <trkpt lat="41.697486" lon="45.060092">
        <ele>657.5</ele>
        <time>2024-12-07T21:56:49.338000Z</time>
      </trkpt>
      <trkpt lat="41.697537" lon="45.060015">
        <ele>657.6</ele>
        <time>2024-12-07T21:56:51.065000Z</time>
      </trkpt>
      <trkpt lat="41.697386" lon="45.059834">
        <ele>657.6</ele>
        <time>2024-12-07T21:56:54.823000Z</time>
      </trkpt>
      <trkpt lat="41.697428" lon="45.059719">
        <ele>657.6</ele>
        <time>2024-12-07T21:56:56.595000Z</time>
      </trkpt>
      <trkpt lat="41.697466" lon="45.05961">
        <ele>657.6</ele>
        <time>2024-12-07T21:56:58.259000Z</time>
      </trkpt>
      <trkpt lat="41.697501" lon="45.059495">
        <ele>657.6</ele>
        <time>2024-12-07T21:56:59.978000Z</time>
      </trkpt>
      <trkpt lat="41.697536" lon="45.059384">
        <ele>657.6</ele>
        <time>2024-12-07T21:57:01.645000Z</time>
      </trkpt>
      <trkpt lat="41.69757" lon="45.059267">
        <ele>657.6</ele>
        <time>2024-12-07T21:57:03.383000Z</time>
      </trkpt>
      <trkpt lat="41.697604" lon="45.059151">
        <ele>657.6</ele>
        <time>2024-12-07T21:57:05.108000Z</time>
      </trkpt>
      <trkpt lat="41.697645" lon="45.059037">
        <ele>657.5</ele>
        <time>2024-12-07T21:57:06.858000Z</time>
      </trkpt>
      <trkpt lat="41.69768" lon="45.058917">
        <ele>657.4</ele>
        <time>2024-12-07T21:57:08.640000Z</time>
      </trkpt>
      <trkpt lat="41.697715" lon="45.058791">
        <ele>657.4</ele>
        <time>2024-12-07T21:57:10.501000Z</time>
      </trkpt>
      <trkpt lat="41.697753" lon="45.058668">
        <ele>657.3</ele>
        <time>2024-12-07T21:57:12.343000Z</time>
      </trkpt>
      <trkpt lat="41.697794" lon="45.058542">
        <ele>657.2</ele>
        <time>2024-12-07T21:57:14.244000Z</time>
      </trkpt>
      <trkpt lat="41.697833" lon="45.05842">
        <ele>657.2</ele>
        <time>2024-12-07T21:57:16.082000Z</time>
      </trkpt>
      <trkpt lat="41.697881" lon="45.058275">
        <ele>657.1</ele>
        <time>2024-12-07T21:57:18.276000Z</time>
      </trkpt>
      <trkpt lat="41.697917" lon="45.058169">
        <ele>657</ele>
        <time>2024-12-07T21:57:19.887000Z</time>
      </trkpt>
      <trkpt lat="41.697958" lon="45.05805">
        <ele>656.9</ele>
        <time>2024-12-07T21:57:21.701000Z</time>
      </trkpt>
      <trkpt lat="41.698" lon="45.057928">
        <ele>656.8</ele>
        <time>2024-12-07T21:57:23.561000Z</time>
      </trkpt>
      <trkpt lat="41.698039" lon="45.057803">
        <ele>656.7</ele>
        <time>2024-12-07T21:57:25.435000Z</time>
      </trkpt>
      <trkpt lat="41.698083" lon="45.05768">
        <ele>656.5</ele>
        <time>2024-12-07T21:57:27.322000Z</time>
      </trkpt>
      <trkpt lat="41.698122" lon="45.057558">
        <ele>656.4</ele>
        <time>2024-12-07T21:57:29.159000Z</time>
      </trkpt>
      <trkpt lat="41.698164" lon="45.057432">
        <ele>656.2</ele>
        <time>2024-12-07T21:57:31.069000Z</time>
      </trkpt>
      <trkpt lat="41.698206" lon="45.05731">
        <ele>656</ele>
        <time>2024-12-07T21:57:32.928000Z</time>
      </trkpt>
      <trkpt lat="41.698248" lon="45.057188">
        <ele>655.8</ele>
        <time>2024-12-07T21:57:34.787000Z</time>
      </trkpt>
      <trkpt lat="41.69829" lon="45.057066">
        <ele>655.7</ele>
        <time>2024-12-07T21:57:36.647000Z</time>
      </trkpt>
      <trkpt lat="41.698335" lon="45.056947">
        <ele>655.5</ele>
        <time>2024-12-07T21:57:38.492000Z</time>
      </trkpt>
      <trkpt lat="41.698378" lon="45.056825">
        <ele>655.3</ele>
        <time>2024-12-07T21:57:40.360000Z</time>
      </trkpt>
      <trkpt lat="41.69842" lon="45.056703">
        <ele>655.1</ele>
        <time>2024-12-07T21:57:42.218000Z</time>
      </trkpt>
      <trkpt lat="41.698465" lon="45.056577">
        <ele>654.9</ele>
        <time>2024-12-07T21:57:44.152000Z</time>
      </trkpt>
      <trkpt lat="41.698511" lon="45.056451">
        <ele>654.6</ele>
        <time>2024-12-07T21:57:46.092000Z</time>
      </trkpt>
      <trkpt lat="41.698554" lon="45.056329">
        <ele>654.4</ele>
        <time>2024-12-07T21:57:47.960000Z</time>
      </trkpt>
      <trkpt lat="41.698597" lon="45.056207">
        <ele>654.2</ele>
        <time>2024-12-07T21:57:49.827000Z</time>
      </trkpt>
      <trkpt lat="41.698637" lon="45.056085">
        <ele>654</ele>
        <time>2024-12-07T21:57:51.671000Z</time>
      </trkpt>
      <trkpt lat="41.698679" lon="45.055964">
        <ele>653.8</ele>
        <time>2024-12-07T21:57:53.518000Z</time>
      </trkpt>
      <trkpt lat="41.698718" lon="45.055844">
        <ele>653.6</ele>
        <time>2024-12-07T21:57:55.329000Z</time>
      </trkpt>
      <trkpt lat="41.698756" lon="45.055729">
        <ele>653.4</ele>
        <time>2024-12-07T21:57:57.069000Z</time>
      </trkpt>
      <trkpt lat="41.698794" lon="45.055612">
        <ele>653.2</ele>
        <time>2024-12-07T21:57:58.835000Z</time>
      </trkpt>
      <trkpt lat="41.698838" lon="45.055471">
        <ele>653</ele>
        <time>2024-12-07T21:58:00.950000Z</time>
      </trkpt>
      <trkpt lat="41.698868" lon="45.055365">
        <ele>652.9</ele>
        <time>2024-12-07T21:58:02.519000Z</time>
      </trkpt>
      <trkpt lat="41.698905" lon="45.055243">
        <ele>652.7</ele>
        <time>2024-12-07T21:58:04.341000Z</time>
      </trkpt>
      <trkpt lat="41.698946" lon="45.055117">
        <ele>652.6</ele>
        <time>2024-12-07T21:58:06.243000Z</time>
      </trkpt>
      <trkpt lat="41.698985" lon="45.054994">
        <ele>652.4</ele>
        <time>2024-12-07T21:58:08.093000Z</time>
      </trkpt>
      <trkpt lat="41.699023" lon="45.054869">
        <ele>652.3</ele>
        <time>2024-12-07T21:58:09.960000Z</time>
      </trkpt>
      <trkpt lat="41.699058" lon="45.054746">
        <ele>652.2</ele>
        <time>2024-12-07T21:58:11.781000Z</time>
      </trkpt>
      <trkpt lat="41.699092" lon="45.054624">
        <ele>652.1</ele>
        <time>2024-12-07T21:58:13.584000Z</time>
      </trkpt>
      <trkpt lat="41.69913" lon="45.054502">
        <ele>652</ele>
        <time>2024-12-07T21:58:15.412000Z</time>
      </trkpt>
      <trkpt lat="41.699171" lon="45.05438">
        <ele>651.9</ele>
        <time>2024-12-07T21:58:17.265000Z</time>
      </trkpt>
      <trkpt lat="41.69921" lon="45.054252">
        <ele>651.9</ele>
        <time>2024-12-07T21:58:19.177000Z</time>
      </trkpt>
      <trkpt lat="41.699241" lon="45.054122">
        <ele>651.9</ele>
        <time>2024-12-07T21:58:21.066000Z</time>
      </trkpt>
      <trkpt lat="41.699275" lon="45.053986">
        <ele>651.9</ele>
        <time>2024-12-07T21:58:23.049000Z</time>
      </trkpt>
      <trkpt lat="41.699306" lon="45.053852">
        <ele>651.9</ele>
        <time>2024-12-07T21:58:24.991000Z</time>
      </trkpt>
      <trkpt lat="41.699343" lon="45.053711">
        <ele>652</ele>
        <time>2024-12-07T21:58:27.059000Z</time>
      </trkpt>
      <trkpt lat="41.699381" lon="45.053577">
        <ele>652.1</ele>
        <time>2024-12-07T21:58:29.043000Z</time>
      </trkpt>
      <trkpt lat="41.699413" lon="45.053437">
        <ele>652.3</ele>
        <time>2024-12-07T21:58:31.069000Z</time>
      </trkpt>
      <trkpt lat="41.69944" lon="45.053296">
        <ele>652.4</ele>
        <time>2024-12-07T21:58:33.083000Z</time>
      </trkpt>
      <trkpt lat="41.69947" lon="45.053147">
        <ele>652.6</ele>
        <time>2024-12-07T21:58:35.219000Z</time>
      </trkpt>
      <trkpt lat="41.699501" lon="45.052995">
        <ele>652.7</ele>
        <time>2024-12-07T21:58:37.400000Z</time>
      </trkpt>
      <trkpt lat="41.699528" lon="45.05284">
        <ele>652.9</ele>
        <time>2024-12-07T21:58:39.602000Z</time>
      </trkpt>
      <trkpt lat="41.699557" lon="45.052689">
        <ele>653.1</ele>
        <time>2024-12-07T21:58:41.759000Z</time>
      </trkpt>
      <trkpt lat="41.699585" lon="45.052533">
        <ele>653.3</ele>
        <time>2024-12-07T21:58:43.979000Z</time>
      </trkpt>
      <trkpt lat="41.699608" lon="45.052371">
        <ele>653.4</ele>
        <time>2024-12-07T21:58:46.261000Z</time>
      </trkpt>
      <trkpt lat="41.699635" lon="45.052214">
        <ele>653.6</ele>
        <time>2024-12-07T21:58:48.491000Z</time>
      </trkpt>
      <trkpt lat="41.699652" lon="45.052054">
        <ele>653.7</ele>
        <time>2024-12-07T21:58:50.727000Z</time>
      </trkpt>
      <trkpt lat="41.699673" lon="45.051897">
        <ele>653.8</ele>
        <time>2024-12-07T21:58:52.934000Z</time>
      </trkpt>
      <trkpt lat="41.6997" lon="45.051715">
        <ele>653.9</ele>
        <time>2024-12-07T21:58:55.503000Z</time>
      </trkpt>
      <trkpt lat="41.699723" lon="45.051558">
        <ele>653.9</ele>
        <time>2024-12-07T21:58:57.716000Z</time>
      </trkpt>
      <trkpt lat="41.699746" lon="45.051412">
        <ele>653.8</ele>
        <time>2024-12-07T21:58:59.780000Z</time>
      </trkpt>
      <trkpt lat="41.699762" lon="45.051293">
        <ele>653.8</ele>
        <time>2024-12-07T21:59:01.454000Z</time>
      </trkpt>
      <trkpt lat="41.699781" lon="45.051126">
        <ele>653.7</ele>
        <time>2024-12-07T21:59:03.792000Z</time>
      </trkpt>
      <trkpt lat="41.699793" lon="45.050973">
        <ele>653.5</ele>
        <time>2024-12-07T21:59:05.920000Z</time>
      </trkpt>
      <trkpt lat="41.699805" lon="45.050818">
        <ele>653.4</ele>
        <time>2024-12-07T21:59:08.077000Z</time>
      </trkpt>
      <trkpt lat="41.699816" lon="45.050691">
        <ele>653.2</ele>
        <time>2024-12-07T21:59:09.846000Z</time>
      </trkpt>
      <trkpt lat="41.699824" lon="45.050506">
        <ele>652.9</ele>
        <time>2024-12-07T21:59:12.410000Z</time>
      </trkpt>
      <trkpt lat="41.699825" lon="45.050342">
        <ele>652.7</ele>
        <time>2024-12-07T21:59:14.680000Z</time>
      </trkpt>
      <trkpt lat="41.699829" lon="45.050178">
        <ele>652.5</ele>
        <time>2024-12-07T21:59:16.951000Z</time>
      </trkpt>
      <trkpt lat="41.699823" lon="45.050021">
        <ele>652.2</ele>
        <time>2024-12-07T21:59:19.127000Z</time>
      </trkpt>
      <trkpt lat="41.699822" lon="45.049864">
        <ele>652</ele>
        <time>2024-12-07T21:59:21.300000Z</time>
      </trkpt>
      <trkpt lat="41.699822" lon="45.049705">
        <ele>651.7</ele>
        <time>2024-12-07T21:59:23.500000Z</time>
      </trkpt>
      <trkpt lat="41.699825" lon="45.049548">
        <ele>651.5</ele>
        <time>2024-12-07T21:59:25.674000Z</time>
      </trkpt>
      <trkpt lat="41.699832" lon="45.049388">
        <ele>651.3</ele>
        <time>2024-12-07T21:59:27.892000Z</time>
      </trkpt>
      <trkpt lat="41.699836" lon="45.049254">
        <ele>651.2</ele>
        <time>2024-12-07T21:59:29.747000Z</time>
      </trkpt>
      <trkpt lat="41.699843" lon="45.049062">
        <ele>651.1</ele>
        <time>2024-12-07T21:59:32.407000Z</time>
      </trkpt>
      <trkpt lat="41.699844" lon="45.048889">
        <ele>651</ele>
        <time>2024-12-07T21:59:34.801000Z</time>
      </trkpt>
      <trkpt lat="41.699841" lon="45.048721">
        <ele>650.9</ele>
        <time>2024-12-07T21:59:37.126000Z</time>
      </trkpt>
      <trkpt lat="41.699837" lon="45.048579">
        <ele>650.9</ele>
        <time>2024-12-07T21:59:39.092000Z</time>
      </trkpt>
      <trkpt lat="41.699833" lon="45.048416">
        <ele>650.9</ele>
        <time>2024-12-07T21:59:41.349000Z</time>
      </trkpt>
      <trkpt lat="41.699823" lon="45.048219">
        <ele>650.9</ele>
        <time>2024-12-07T21:59:44.081000Z</time>
      </trkpt>
      <trkpt lat="41.699815" lon="45.048047">
        <ele>651</ele>
        <time>2024-12-07T21:59:46.466000Z</time>
      </trkpt>
      <trkpt lat="41.699811" lon="45.047872">
        <ele>651</ele>
        <time>2024-12-07T21:59:48.889000Z</time>
      </trkpt>
      <trkpt lat="41.699803" lon="45.047696">
        <ele>651</ele>
        <time>2024-12-07T21:59:51.329000Z</time>
      </trkpt>
      <trkpt lat="41.699793" lon="45.047518">
        <ele>651</ele>
        <time>2024-12-07T21:59:53.799000Z</time>
      </trkpt>
      <trkpt lat="41.699784" lon="45.047335">
        <ele>650.9</ele>
        <time>2024-12-07T21:59:56.336000Z</time>
      </trkpt>
      <trkpt lat="41.699777" lon="45.047152">
        <ele>650.8</ele>
        <time>2024-12-07T21:59:58.872000Z</time>
      </trkpt>
      <trkpt lat="41.699766" lon="45.046972">
        <ele>650.7</ele>
        <time>2024-12-07T22:00:01.371000Z</time>
      </trkpt>
      <trkpt lat="41.699748" lon="45.046793">
        <ele>650.6</ele>
        <time>2024-12-07T22:00:03.870000Z</time>
      </trkpt>
      <trkpt lat="41.699729" lon="45.04661">
        <ele>650.4</ele>
        <time>2024-12-07T22:00:06.428000Z</time>
      </trkpt>
      <trkpt lat="41.699706" lon="45.046427">
        <ele>650.1</ele>
        <time>2024-12-07T22:00:08.996000Z</time>
      </trkpt>
      <trkpt lat="41.69968" lon="45.046247">
        <ele>649.7</ele>
        <time>2024-12-07T22:00:11.533000Z</time>
      </trkpt>
      <trkpt lat="41.69966" lon="45.046101">
        <ele>649.3</ele>
        <time>2024-12-07T22:00:13.588000Z</time>
      </trkpt>
      <trkpt lat="41.699631" lon="45.045898">
        <ele>648.7</ele>
        <time>2024-12-07T22:00:16.449000Z</time>
      </trkpt>
      <trkpt lat="41.699601" lon="45.045713">
        <ele>648.1</ele>
        <time>2024-12-07T22:00:19.071000Z</time>
      </trkpt>
      <trkpt lat="41.69957" lon="45.045538">
        <ele>647.4</ele>
        <time>2024-12-07T22:00:21.563000Z</time>
      </trkpt>
      <trkpt lat="41.699536" lon="45.045357">
        <ele>646.5</ele>
        <time>2024-12-07T22:00:24.149000Z</time>
      </trkpt>
      <trkpt lat="41.699502" lon="45.045181">
        <ele>645.7</ele>
        <time>2024-12-07T22:00:26.668000Z</time>
      </trkpt>
      <trkpt lat="41.699468" lon="45.045012">
        <ele>644.9</ele>
        <time>2024-12-07T22:00:29.094000Z</time>
      </trkpt>
      <trkpt lat="41.69943" lon="45.044844">
        <ele>644</ele>
        <time>2024-12-07T22:00:31.528000Z</time>
      </trkpt>
      <trkpt lat="41.699392" lon="45.044671">
        <ele>643.1</ele>
        <time>2024-12-07T22:00:34.027000Z</time>
      </trkpt>
      <trkpt lat="41.699354" lon="45.044502">
        <ele>642.3</ele>
        <time>2024-12-07T22:00:36.473000Z</time>
      </trkpt>
      <trkpt lat="41.699315" lon="45.044338">
        <ele>641.4</ele>
        <time>2024-12-07T22:00:38.860000Z</time>
      </trkpt>
      <trkpt lat="41.699281" lon="45.044173">
        <ele>640.5</ele>
        <time>2024-12-07T22:00:41.233000Z</time>
      </trkpt>
      <trkpt lat="41.69924" lon="45.044006">
        <ele>639.5</ele>
        <time>2024-12-07T22:00:43.670000Z</time>
      </trkpt>
      <trkpt lat="41.699198" lon="45.043845">
        <ele>638.5</ele>
        <time>2024-12-07T22:00:46.036000Z</time>
      </trkpt>
      <trkpt lat="41.699156" lon="45.043685">
        <ele>637.5</ele>
        <time>2024-12-07T22:00:48.389000Z</time>
      </trkpt>
      <trkpt lat="41.699114" lon="45.043522">
        <ele>636.4</ele>
        <time>2024-12-07T22:00:50.782000Z</time>
      </trkpt>
      <trkpt lat="41.699069" lon="45.043354">
        <ele>635.3</ele>
        <time>2024-12-07T22:00:53.259000Z</time>
      </trkpt>
      <trkpt lat="41.699029" lon="45.043216">
        <ele>634.3</ele>
        <time>2024-12-07T22:00:55.314000Z</time>
      </trkpt>
      <trkpt lat="41.698972" lon="45.04303">
        <ele>633</ele>
        <time>2024-12-07T22:00:58.105000Z</time>
      </trkpt>
      <trkpt lat="41.698917" lon="45.042858">
        <ele>631.8</ele>
        <time>2024-12-07T22:01:00.703000Z</time>
      </trkpt>
      <trkpt lat="41.698867" lon="45.042697">
        <ele>630.6</ele>
        <time>2024-12-07T22:01:03.122000Z</time>
      </trkpt>
      <trkpt lat="41.698817" lon="45.042559">
        <ele>629.6</ele>
        <time>2024-12-07T22:01:05.252000Z</time>
      </trkpt>
      <trkpt lat="41.698794" lon="45.042492">
        <ele>629.1</ele>
        <time>2024-12-07T22:01:06.275000Z</time>
      </trkpt>
      <trkpt lat="41.698774" lon="45.042435">
        <ele>628.7</ele>
        <time>2024-12-07T22:01:07.150000Z</time>
      </trkpt>
      <trkpt lat="41.698738" lon="45.042334">
        <ele>627.9</ele>
        <time>2024-12-07T22:01:08.703000Z</time>
      </trkpt>
      <trkpt lat="41.698597" lon="45.04196">
        <ele>624.9</ele>
        <time>2024-12-07T22:01:14.523000Z</time>
      </trkpt>
      <trkpt lat="41.698518" lon="45.041773">
        <ele>623.2</ele>
        <time>2024-12-07T22:01:17.510000Z</time>
      </trkpt>
      <trkpt lat="41.698456" lon="45.041613">
        <ele>621.8</ele>
        <time>2024-12-07T22:01:20.015000Z</time>
      </trkpt>
      <trkpt lat="41.698389" lon="45.041456">
        <ele>620.5</ele>
        <time>2024-12-07T22:01:22.526000Z</time>
      </trkpt>
      <trkpt lat="41.698317" lon="45.041299">
        <ele>619.2</ele>
        <time>2024-12-07T22:01:25.084000Z</time>
      </trkpt>
      <trkpt lat="41.698247" lon="45.041146">
        <ele>618</ele>
        <time>2024-12-07T22:01:27.576000Z</time>
      </trkpt>
      <trkpt lat="41.698179" lon="45.040987">
        <ele>616.8</ele>
        <time>2024-12-07T22:01:30.119000Z</time>
      </trkpt>
      <trkpt lat="41.698103" lon="45.040827">
        <ele>615.6</ele>
        <time>2024-12-07T22:01:32.750000Z</time>
      </trkpt>
      <trkpt lat="41.698024" lon="45.040666">
        <ele>614.4</ele>
        <time>2024-12-07T22:01:35.424000Z</time>
      </trkpt>
      <trkpt lat="41.697945" lon="45.040508">
        <ele>613.3</ele>
        <time>2024-12-07T22:01:38.061000Z</time>
      </trkpt>
      <trkpt lat="41.697869" lon="45.040356">
        <ele>612.3</ele>
        <time>2024-12-07T22:01:40.599000Z</time>
      </trkpt>
      <trkpt lat="41.697785" lon="45.040195">
        <ele>611.2</ele>
        <time>2024-12-07T22:01:43.322000Z</time>
      </trkpt>
      <trkpt lat="41.697691" lon="45.040011">
        <ele>610</ele>
        <time>2024-12-07T22:01:46.414000Z</time>
      </trkpt>
      <trkpt lat="41.697866" lon="45.039839">
        <ele>608.6</ele>
        <time>2024-12-07T22:01:50.443000Z</time>
      </trkpt>
      <trkpt lat="41.697444" lon="45.039073">
        <ele>604.3</ele>
        <time>2024-12-07T22:02:03.633000Z</time>
      </trkpt>
      <trkpt lat="41.697444" lon="45.039073">
        <ele>604.3</ele>
        <time>2024-12-07T22:02:03.636000Z</time>
      </trkpt>
      <trkpt lat="41.696107" lon="45.037018">
        <ele>591.7</ele>
        <time>2024-12-07T22:02:57.552000Z</time>
      </trkpt>
      <trkpt lat="41.696107" lon="45.037018">
        <ele>591.6</ele>
        <time>2024-12-07T22:02:57.564000Z</time>
      </trkpt>
      <trkpt lat="41.696107" lon="45.037018">
        <ele>591.6</ele>
        <time>2024-12-07T22:02:57.568000Z</time>
      </trkpt>
      <trkpt lat="41.696079" lon="45.036955">
        <ele>591.3</ele>
        <time>2024-12-07T22:02:58.583000Z</time>
      </trkpt>
      <trkpt lat="41.695891" lon="45.037106">
        <ele>590.2</ele>
        <time>2024-12-07T22:03:02.650000Z</time>
      </trkpt>
      <trkpt lat="41.695801" lon="45.036971">
        <ele>589.5</ele>
        <time>2024-12-07T22:03:05.157000Z</time>
      </trkpt>
      <trkpt lat="41.69569" lon="45.036807">
        <ele>588.7</ele>
        <time>2024-12-07T22:03:08.223000Z</time>
      </trkpt>
      <trkpt lat="41.695608" lon="45.036689">
        <ele>588.1</ele>
        <time>2024-12-07T22:03:10.456000Z</time>
      </trkpt>
      <trkpt lat="41.695515" lon="45.036551">
        <ele>587.5</ele>
        <time>2024-12-07T22:03:13.030000Z</time>
      </trkpt>
      <trkpt lat="41.69542" lon="45.036407">
        <ele>586.8</ele>
        <time>2024-12-07T22:03:15.692000Z</time>
      </trkpt>
      <trkpt lat="41.695326" lon="45.036263">
        <ele>586.2</ele>
        <time>2024-12-07T22:03:18.341000Z</time>
      </trkpt>
      <trkpt lat="41.695229" lon="45.036117">
        <ele>585.6</ele>
        <time>2024-12-07T22:03:21.047000Z</time>
      </trkpt>
      <trkpt lat="41.695115" lon="45.035944">
        <ele>584.8</ele>
        <time>2024-12-07T22:03:24.242000Z</time>
      </trkpt>
      <trkpt lat="41.695033" lon="45.035814">
        <ele>584.2</ele>
        <time>2024-12-07T22:03:26.600000Z</time>
      </trkpt>
      <trkpt lat="41.694937" lon="45.035668">
        <ele>583.5</ele>
        <time>2024-12-07T22:03:29.294000Z</time>
      </trkpt>
      <trkpt lat="41.694821" lon="45.035497">
        <ele>582.7</ele>
        <time>2024-12-07T22:03:32.494000Z</time>
      </trkpt>
      <trkpt lat="41.694723" lon="45.035348">
        <ele>582.1</ele>
        <time>2024-12-07T22:03:35.243000Z</time>
      </trkpt>
      <trkpt lat="41.69464" lon="45.035225">
        <ele>581.7</ele>
        <time>2024-12-07T22:03:37.538000Z</time>
      </trkpt>
      <trkpt lat="41.694543" lon="45.035083">
        <ele>581.1</ele>
        <time>2024-12-07T22:03:40.204000Z</time>
      </trkpt>
      <trkpt lat="41.694448" lon="45.034935">
        <ele>580.7</ele>
        <time>2024-12-07T22:03:42.905000Z</time>
      </trkpt>
      <trkpt lat="41.694353" lon="45.034794">
        <ele>580.3</ele>
        <time>2024-12-07T22:03:45.534000Z</time>
      </trkpt>
      <trkpt lat="41.694257" lon="45.034649">
        <ele>579.9</ele>
        <time>2024-12-07T22:03:48.217000Z</time>
      </trkpt>
      <trkpt lat="41.69416" lon="45.034506">
        <ele>579.5</ele>
        <time>2024-12-07T22:03:50.891000Z</time>
      </trkpt>
      <trkpt lat="41.694269" lon="45.03431">
        <ele>579.1</ele>
        <time>2024-12-07T22:03:54.282000Z</time>
      </trkpt>
      <trkpt lat="41.694185" lon="45.034225">
        <ele>578.9</ele>
        <time>2024-12-07T22:03:55.421000Z</time>
      </trkpt>
      <trkpt lat="41.692335" lon="45.031318">
        <ele>574</ele>
        <time>2024-12-07T22:04:27.620000Z</time>
      </trkpt>
      <trkpt lat="41.691924" lon="45.030559">
        <ele>572.6</ele>
        <time>2024-12-07T22:04:35.238000Z</time>
      </trkpt>
      <trkpt lat="41.691462" lon="45.029631">
        <ele>570.5</ele>
        <time>2024-12-07T22:04:44.080000Z</time>
      </trkpt>
      <trkpt lat="41.691065" lon="45.028706">
        <ele>568.7</ele>
        <time>2024-12-07T22:04:52.601000Z</time>
      </trkpt>
      <trkpt lat="41.690732" lon="45.027926">
        <ele>567.5</ele>
        <time>2024-12-07T22:05:00.122000Z</time>
      </trkpt>
      <trkpt lat="41.690472" lon="45.027245">
        <ele>566.5</ele>
        <time>2024-12-07T22:05:06.509000Z</time>
      </trkpt>
      <trkpt lat="41.690322" lon="45.026844">
        <ele>565.8</ele>
        <time>2024-12-07T22:05:10.186000Z</time>
      </trkpt>
      <trkpt lat="41.69021" lon="45.02651">
        <ele>565.2</ele>
        <time>2024-12-07T22:05:13.141000Z</time>
      </trkpt>
      <trkpt lat="41.690129" lon="45.026269">
        <ele>564.7</ele>
        <time>2024-12-07T22:05:15.253000Z</time>
      </trkpt>
      <trkpt lat="41.690049" lon="45.026018">
        <ele>564.2</ele>
        <time>2024-12-07T22:05:17.410000Z</time>
      </trkpt>
      <trkpt lat="41.689625" lon="45.024828">
        <ele>561.9</ele>
        <time>2024-12-07T22:05:27.907000Z</time>
      </trkpt>
      <trkpt lat="41.689502" lon="45.024578">
        <ele>561.5</ele>
        <time>2024-12-07T22:05:30.422000Z</time>
      </trkpt>
      <trkpt lat="41.689478" lon="45.024448">
        <ele>561.3</ele>
        <time>2024-12-07T22:05:31.567000Z</time>
      </trkpt>
      <trkpt lat="41.689553" lon="45.024116">
        <ele>560.9</ele>
        <time>2024-12-07T22:05:34.534000Z</time>
      </trkpt>
      <trkpt lat="41.689479" lon="45.023888">
        <ele>560.7</ele>
        <time>2024-12-07T22:05:40.598000Z</time>
      </trkpt>
      <trkpt lat="41.689369" lon="45.023869">
        <ele>560.5</ele>
        <time>2024-12-07T22:05:44.227000Z</time>
      </trkpt>
      <trkpt lat="41.68928" lon="45.023755">
        <ele>560.3</ele>
        <time>2024-12-07T22:05:48.275000Z</time>
      </trkpt>
      <trkpt lat="41.689122" lon="45.023854">
        <ele>560.1</ele>
        <time>2024-12-07T22:06:06.794000Z</time>
      </trkpt>
      <trkpt lat="41.689038" lon="45.023875">
        <ele>560</ele>
        <time>2024-12-07T22:06:15.952000Z</time>
      </trkpt>
      <trkpt lat="41.688963" lon="45.023671">
        <ele>559.8</ele>
        <time>2024-12-07T22:06:17.979000Z</time>
      </trkpt>
      <trkpt lat="41.688905" lon="45.023515">
        <ele>559.7</ele>
        <time>2024-12-07T22:06:19.535000Z</time>
      </trkpt>
      <trkpt lat="41.688697" lon="45.022949">
        <ele>559.1</ele>
        <time>2024-12-07T22:06:25.175000Z</time>
      </trkpt>
      <trkpt lat="41.688506" lon="45.022218">
        <ele>558.6</ele>
        <time>2024-12-07T22:06:32.406000Z</time>
      </trkpt>
      <trkpt lat="41.688351" lon="45.021297">
        <ele>558</ele>
        <time>2024-12-07T22:06:41.261000Z</time>
      </trkpt>
      <trkpt lat="41.688334" lon="45.021124">
        <ele>557.9</ele>
        <time>2024-12-07T22:06:42.903000Z</time>
      </trkpt>
      <trkpt lat="41.688276" lon="45.019212">
        <ele>556</ele>
        <time>2024-12-07T22:06:59.662000Z</time>
      </trkpt>
      <trkpt lat="41.688444" lon="45.01793">
        <ele>554.1</ele>
        <time>2024-12-07T22:07:10.354000Z</time>
      </trkpt>
      <trkpt lat="41.688549" lon="45.017292">
        <ele>552.3</ele>
        <time>2024-12-07T22:07:15.162000Z</time>
      </trkpt>
      <trkpt lat="41.688677" lon="45.016587">
        <ele>548.9</ele>
        <time>2024-12-07T22:07:20.104000Z</time>
      </trkpt>
      <trkpt lat="41.689152" lon="45.013899">
        <ele>528.6</ele>
        <time>2024-12-07T22:07:37.892000Z</time>
      </trkpt>
      <trkpt lat="41.689473" lon="45.012073">
        <ele>525.9</ele>
        <time>2024-12-07T22:08:00.097000Z</time>
      </trkpt>
      <trkpt lat="41.689964" lon="45.009601">
        <ele>532.1</ele>
        <time>2024-12-07T22:08:53.342000Z</time>
      </trkpt>
      <trkpt lat="41.690074" lon="45.00908">
        <ele>532.8</ele>
        <time>2024-12-07T22:09:02.092000Z</time>
      </trkpt>
      <trkpt lat="41.69016" lon="45.00865">
        <ele>533.2</ele>
        <time>2024-12-07T22:09:08.878000Z</time>
      </trkpt>
      <trkpt lat="41.690271" lon="45.008128">
        <ele>533.6</ele>
        <time>2024-12-07T22:09:16.376000Z</time>
      </trkpt>
      <trkpt lat="41.690295" lon="45.007988">
        <ele>533.7</ele>
        <time>2024-12-07T22:09:18.168000Z</time>
      </trkpt>
      <trkpt lat="41.690494" lon="45.006878">
        <ele>533.8</ele>
        <time>2024-12-07T22:09:31.235000Z</time>
      </trkpt>
      <trkpt lat="41.690722" lon="45.005666">
        <ele>534.3</ele>
        <time>2024-12-07T22:09:47.253000Z</time>
      </trkpt>
      <trkpt lat="41.690907" lon="45.004665">
        <ele>535.6</ele>
        <time>2024-12-07T22:10:03.641000Z</time>
      </trkpt>
      <trkpt lat="41.691085" lon="45.003717">
        <ele>538</ele>
        <time>2024-12-07T22:10:24.207000Z</time>
      </trkpt>
      <trkpt lat="41.691229" lon="45.003038">
        <ele>540.1</ele>
        <time>2024-12-07T22:10:40.379000Z</time>
      </trkpt>
      <trkpt lat="41.691388" lon="45.001868">
        <ele>543.1</ele>
        <time>2024-12-07T22:11:05.812000Z</time>
      </trkpt>
      <trkpt lat="41.691404" lon="45.00168">
        <ele>543.5</ele>
        <time>2024-12-07T22:11:09.357000Z</time>
      </trkpt>
      <trkpt lat="41.691435" lon="45.001177">
        <ele>544.3</ele>
        <time>2024-12-07T22:11:18.125000Z</time>
      </trkpt>
      <trkpt lat="41.691462" lon="45.000366">
        <ele>545.1</ele>
        <time>2024-12-07T22:11:30.475000Z</time>
      </trkpt>
      <trkpt lat="41.691493" lon="44.998956">
        <ele>545.7</ele>
        <time>2024-12-07T22:11:48.246000Z</time>
      </trkpt>
      <trkpt lat="41.691476" lon="44.997623">
        <ele>546.2</ele>
        <time>2024-12-07T22:12:05.220000Z</time>
      </trkpt>
      <trkpt lat="41.691478" lon="44.997506">
        <ele>546.3</ele>
        <time>2024-12-07T22:12:06.742000Z</time>
      </trkpt>
      <trkpt lat="41.691487" lon="44.996989">
        <ele>546.6</ele>
        <time>2024-12-07T22:12:13.507000Z</time>
      </trkpt>
      <trkpt lat="41.691505" lon="44.994667">
        <ele>547.3</ele>
        <time>2024-12-07T22:12:42.302000Z</time>
      </trkpt>
      <trkpt lat="41.691513" lon="44.993536">
        <ele>547.8</ele>
        <time>2024-12-07T22:12:56.689000Z</time>
      </trkpt>
      <trkpt lat="41.691526" lon="44.992994">
        <ele>548.1</ele>
        <time>2024-12-07T22:13:03.915000Z</time>
      </trkpt>
      <trkpt lat="41.691575" lon="44.990869">
        <ele>549.6</ele>
        <time>2024-12-07T22:13:33.483000Z</time>
      </trkpt>
      <trkpt lat="41.691586" lon="44.990429">
        <ele>549.9</ele>
        <time>2024-12-07T22:13:39.502000Z</time>
      </trkpt>
      <trkpt lat="41.691725" lon="44.988103">
        <ele>551.2</ele>
        <time>2024-12-07T22:14:10.640000Z</time>
      </trkpt>
      <trkpt lat="41.691735" lon="44.987067">
        <ele>551.5</ele>
        <time>2024-12-07T22:14:23.345000Z</time>
      </trkpt>
      <trkpt lat="41.691762" lon="44.986554">
        <ele>551.5</ele>
        <time>2024-12-07T22:14:28.997000Z</time>
      </trkpt>
      <trkpt lat="41.691849" lon="44.984923">
        <ele>550</ele>
        <time>2024-12-07T22:14:43.473000Z</time>
      </trkpt>
      <trkpt lat="41.691878" lon="44.984358">
        <ele>549.3</ele>
        <time>2024-12-07T22:14:48.304000Z</time>
      </trkpt>
      <trkpt lat="41.691915" lon="44.983661">
        <ele>548.8</ele>
        <time>2024-12-07T22:14:54.587000Z</time>
      </trkpt>
      <trkpt lat="41.692101" lon="44.981115">
        <ele>549.8</ele>
        <time>2024-12-07T22:15:27.088000Z</time>
      </trkpt>
      <trkpt lat="41.692117" lon="44.980856">
        <ele>549.9</ele>
        <time>2024-12-07T22:15:30.560000Z</time>
      </trkpt>
      <trkpt lat="41.692139" lon="44.980487">
        <ele>550.1</ele>
        <time>2024-12-07T22:15:35.322000Z</time>
      </trkpt>
      <trkpt lat="41.69224" lon="44.978584">
        <ele>549.4</ele>
        <time>2024-12-07T22:15:54.316000Z</time>
      </trkpt>
      <trkpt lat="41.692332" lon="44.976976">
        <ele>548</ele>
        <time>2024-12-07T22:16:08.605000Z</time>
      </trkpt>
      <trkpt lat="41.692465" lon="44.974779">
        <ele>548.5</ele>
        <time>2024-12-07T22:16:35.058000Z</time>
      </trkpt>
      <trkpt lat="41.692469" lon="44.974709">
        <ele>548.5</ele>
        <time>2024-12-07T22:16:36.028000Z</time>
      </trkpt>
      <trkpt lat="41.692481" lon="44.974494">
        <ele>548.7</ele>
        <time>2024-12-07T22:16:39.014000Z</time>
      </trkpt>
      <trkpt lat="41.692557" lon="44.973141">
        <ele>549.7</ele>
        <time>2024-12-07T22:16:57.977000Z</time>
      </trkpt>
      <trkpt lat="41.69265" lon="44.971613">
        <ele>550.6</ele>
        <time>2024-12-07T22:17:18.764000Z</time>
      </trkpt>
      <trkpt lat="41.692661" lon="44.971422">
        <ele>550.7</ele>
        <time>2024-12-07T22:17:21.192000Z</time>
      </trkpt>
      <trkpt lat="41.692759" lon="44.969731">
        <ele>550.7</ele>
        <time>2024-12-07T22:17:40.029000Z</time>
      </trkpt>
      <trkpt lat="41.692805" lon="44.968928">
        <ele>550.6</ele>
        <time>2024-12-07T22:17:48.629000Z</time>
      </trkpt>
      <trkpt lat="41.692857" lon="44.968181">
        <ele>550.6</ele>
        <time>2024-12-07T22:17:57.056000Z</time>
      </trkpt>
      <trkpt lat="41.69287" lon="44.967858">
        <ele>550.8</ele>
        <time>2024-12-07T22:18:01.061000Z</time>
      </trkpt>
      <trkpt lat="41.69289" lon="44.967567">
        <ele>550.9</ele>
        <time>2024-12-07T22:18:04.819000Z</time>
      </trkpt>
      <trkpt lat="41.692949" lon="44.966749">
        <ele>551.3</ele>
        <time>2024-12-07T22:18:15.587000Z</time>
      </trkpt>
      <trkpt lat="41.692998" lon="44.965915">
        <ele>551.6</ele>
        <time>2024-12-07T22:18:25.847000Z</time>
      </trkpt>
      <trkpt lat="41.693028" lon="44.965379">
        <ele>551.6</ele>
        <time>2024-12-07T22:18:31.867000Z</time>
      </trkpt>
      <trkpt lat="41.693056" lon="44.964518">
        <ele>551.1</ele>
        <time>2024-12-07T22:18:40.108000Z</time>
      </trkpt>
      <trkpt lat="41.693066" lon="44.963363">
        <ele>550.2</ele>
        <time>2024-12-07T22:18:50.526000Z</time>
      </trkpt>
      <trkpt lat="41.693054" lon="44.962775">
        <ele>549.6</ele>
        <time>2024-12-07T22:18:55.712000Z</time>
      </trkpt>
      <trkpt lat="41.693046" lon="44.96262">
        <ele>549.5</ele>
        <time>2024-12-07T22:18:57.120000Z</time>
      </trkpt>
      <trkpt lat="41.69303" lon="44.962131">
        <ele>549.2</ele>
        <time>2024-12-07T22:19:01.653000Z</time>
      </trkpt>
      <trkpt lat="41.69301" lon="44.961714">
        <ele>548.9</ele>
        <time>2024-12-07T22:19:05.561000Z</time>
      </trkpt>
      <trkpt lat="41.693005" lon="44.961616">
        <ele>548.8</ele>
        <time>2024-12-07T22:19:06.449000Z</time>
      </trkpt>
      <trkpt lat="41.692987" lon="44.961066">
        <ele>548.3</ele>
        <time>2024-12-07T22:19:11.249000Z</time>
      </trkpt>
      <trkpt lat="41.692977" lon="44.960777">
        <ele>547.9</ele>
        <time>2024-12-07T22:19:13.692000Z</time>
      </trkpt>
      <trkpt lat="41.692963" lon="44.960446">
        <ele>547.5</ele>
        <time>2024-12-07T22:19:16.496000Z</time>
      </trkpt>
      <trkpt lat="41.692945" lon="44.959634">
        <ele>546.5</ele>
        <time>2024-12-07T22:19:23.383000Z</time>
      </trkpt>
      <trkpt lat="41.692978" lon="44.959347">
        <ele>546.1</ele>
        <time>2024-12-07T22:19:25.780000Z</time>
      </trkpt>
      <trkpt lat="41.69297" lon="44.95916">
        <ele>545.8</ele>
        <time>2024-12-07T22:19:27.306000Z</time>
      </trkpt>
      <trkpt lat="41.692934" lon="44.958277">
        <ele>544.5</ele>
        <time>2024-12-07T22:19:34.614000Z</time>
      </trkpt>
      <trkpt lat="41.692937" lon="44.957603">
        <ele>543.9</ele>
        <time>2024-12-07T22:19:40.611000Z</time>
      </trkpt>
      <trkpt lat="41.692931" lon="44.957402">
        <ele>543.7</ele>
        <time>2024-12-07T22:19:42.370000Z</time>
      </trkpt>
      <trkpt lat="41.692921" lon="44.957132">
        <ele>543.5</ele>
        <time>2024-12-07T22:19:44.722000Z</time>
      </trkpt>
      <trkpt lat="41.692991" lon="44.956716">
        <ele>543</ele>
        <time>2024-12-07T22:19:48.371000Z</time>
      </trkpt>
      <trkpt lat="41.693056" lon="44.954738">
        <ele>540.4</ele>
        <time>2024-12-07T22:20:05.007000Z</time>
      </trkpt>
      <trkpt lat="41.693056" lon="44.954738">
        <ele>540.4</ele>
        <time>2024-12-07T22:20:05.009000Z</time>
      </trkpt>
      <trkpt lat="41.692895" lon="44.954728">
        <ele>540</ele>
        <time>2024-12-07T22:20:07.997000Z</time>
      </trkpt>
      <trkpt lat="41.692887" lon="44.954558">
        <ele>539.6</ele>
        <time>2024-12-07T22:20:10.356000Z</time>
      </trkpt>
      <trkpt lat="41.692876" lon="44.95442">
        <ele>539.2</ele>
        <time>2024-12-07T22:20:12.277000Z</time>
      </trkpt>
      <trkpt lat="41.692865" lon="44.954249">
        <ele>538.8</ele>
        <time>2024-12-07T22:20:14.653000Z</time>
      </trkpt>
      <trkpt lat="41.692853" lon="44.954067">
        <ele>538.5</ele>
        <time>2024-12-07T22:20:17.183000Z</time>
      </trkpt>
      <trkpt lat="41.692839" lon="44.953857">
        <ele>538.2</ele>
        <time>2024-12-07T22:20:20.100000Z</time>
      </trkpt>
      <trkpt lat="41.692833" lon="44.9537">
        <ele>538</ele>
        <time>2024-12-07T22:20:22.276000Z</time>
      </trkpt>
      <trkpt lat="41.692823" lon="44.953494">
        <ele>537.7</ele>
        <time>2024-12-07T22:20:25.133000Z</time>
      </trkpt>
      <trkpt lat="41.692818" lon="44.953321">
        <ele>537.5</ele>
        <time>2024-12-07T22:20:27.530000Z</time>
      </trkpt>
      <trkpt lat="41.692814" lon="44.95318">
        <ele>537.3</ele>
        <time>2024-12-07T22:20:29.482000Z</time>
      </trkpt>
      <trkpt lat="41.692811" lon="44.952986">
        <ele>537</ele>
        <time>2024-12-07T22:20:32.168000Z</time>
      </trkpt>
      <trkpt lat="41.6928" lon="44.952827">
        <ele>536.8</ele>
        <time>2024-12-07T22:20:34.378000Z</time>
      </trkpt>
      <trkpt lat="41.692792" lon="44.952671">
        <ele>536.7</ele>
        <time>2024-12-07T22:20:36.541000Z</time>
      </trkpt>
      <trkpt lat="41.692784" lon="44.952511">
        <ele>536.6</ele>
        <time>2024-12-07T22:20:38.761000Z</time>
      </trkpt>
      <trkpt lat="41.692773" lon="44.952371">
        <ele>536.5</ele>
        <time>2024-12-07T22:20:40.710000Z</time>
      </trkpt>
      <trkpt lat="41.692762" lon="44.952206">
        <ele>536.3</ele>
        <time>2024-12-07T22:20:43.002000Z</time>
      </trkpt>
      <trkpt lat="41.692754" lon="44.952018">
        <ele>536.2</ele>
        <time>2024-12-07T22:20:45.608000Z</time>
      </trkpt>
      <trkpt lat="41.692746" lon="44.951863">
        <ele>536.1</ele>
        <time>2024-12-07T22:20:47.758000Z</time>
      </trkpt>
      <trkpt lat="41.69286" lon="44.951946">
        <ele>536</ele>
        <time>2024-12-07T22:20:50.169000Z</time>
      </trkpt>
      <trkpt lat="41.693001" lon="44.95204">
        <ele>535.9</ele>
        <time>2024-12-07T22:21:01.115000Z</time>
      </trkpt>
      <trkpt lat="41.693153" lon="44.952195">
        <ele>535.9</ele>
        <time>2024-12-07T22:21:14.348000Z</time>
      </trkpt>
      <trkpt lat="41.693073" lon="44.951955">
        <ele>535.7</ele>
        <time>2024-12-07T22:21:16.752000Z</time>
      </trkpt>
      <trkpt lat="41.692878" lon="44.950938">
        <ele>534.4</ele>
        <time>2024-12-07T22:21:25.713000Z</time>
      </trkpt>
      <trkpt lat="41.692711" lon="44.949655">
        <ele>531.9</ele>
        <time>2024-12-07T22:21:35.903000Z</time>
      </trkpt>
      <trkpt lat="41.692414" lon="44.947588">
        <ele>526.7</ele>
        <time>2024-12-07T22:21:51.739000Z</time>
      </trkpt>
      <trkpt lat="41.692342" lon="44.94709">
        <ele>525.5</ele>
        <time>2024-12-07T22:21:55.606000Z</time>
      </trkpt>
      <trkpt lat="41.6921" lon="44.945801">
        <ele>522.8</ele>
        <time>2024-12-07T22:22:05.962000Z</time>
      </trkpt>
      <trkpt lat="41.692073" lon="44.945636">
        <ele>522.5</ele>
        <time>2024-12-07T22:22:07.282000Z</time>
      </trkpt>
      <trkpt lat="41.691811" lon="44.944204">
        <ele>519.4</ele>
        <time>2024-12-07T22:22:18.713000Z</time>
      </trkpt>
      <trkpt lat="41.69176" lon="44.943905">
        <ele>518.7</ele>
        <time>2024-12-07T22:22:21.024000Z</time>
      </trkpt>
      <trkpt lat="41.691646" lon="44.943283">
        <ele>517</ele>
        <time>2024-12-07T22:22:25.801000Z</time>
      </trkpt>
      <trkpt lat="41.691308" lon="44.941502">
        <ele>512.4</ele>
        <time>2024-12-07T22:22:39.607000Z</time>
      </trkpt>
      <trkpt lat="41.691185" lon="44.940813">
        <ele>511</ele>
        <time>2024-12-07T22:22:45.108000Z</time>
      </trkpt>
      <trkpt lat="41.69107" lon="44.940166">
        <ele>509.9</ele>
        <time>2024-12-07T22:22:50.467000Z</time>
      </trkpt>
      <trkpt lat="41.691039" lon="44.939992">
        <ele>509.6</ele>
        <time>2024-12-07T22:22:51.968000Z</time>
      </trkpt>
      <trkpt lat="41.690951" lon="44.939509">
        <ele>509</ele>
        <time>2024-12-07T22:22:56.118000Z</time>
      </trkpt>
      <trkpt lat="41.689976" lon="44.934148">
        <ele>503.6</ele>
        <time>2024-12-07T22:23:44.677000Z</time>
      </trkpt>
      <trkpt lat="41.689912" lon="44.933836">
        <ele>503.3</ele>
        <time>2024-12-07T22:23:47.544000Z</time>
      </trkpt>
      <trkpt lat="41.689527" lon="44.931704">
        <ele>501</ele>
        <time>2024-12-07T22:24:06.577000Z</time>
      </trkpt>
      <trkpt lat="41.689066" lon="44.929037">
        <ele>498</ele>
        <time>2024-12-07T22:24:30.161000Z</time>
      </trkpt>
      <trkpt lat="41.689014" lon="44.92876">
        <ele>497.7</ele>
        <time>2024-12-07T22:24:32.661000Z</time>
      </trkpt>
      <trkpt lat="41.688839" lon="44.92781">
        <ele>496.8</ele>
        <time>2024-12-07T22:24:41.344000Z</time>
      </trkpt>
      <trkpt lat="41.688635" lon="44.92639">
        <ele>495.6</ele>
        <time>2024-12-07T22:24:54.327000Z</time>
      </trkpt>
      <trkpt lat="41.688505" lon="44.925211">
        <ele>494.5</ele>
        <time>2024-12-07T22:25:04.934000Z</time>
      </trkpt>
      <trkpt lat="41.688481" lon="44.924943">
        <ele>494.3</ele>
        <time>2024-12-07T22:25:07.278000Z</time>
      </trkpt>
      <trkpt lat="41.688447" lon="44.924467">
        <ele>493.7</ele>
        <time>2024-12-07T22:25:11.412000Z</time>
      </trkpt>
      <trkpt lat="41.688401" lon="44.923822">
        <ele>493</ele>
        <time>2024-12-07T22:25:17.009000Z</time>
      </trkpt>
      <trkpt lat="41.688379" lon="44.923315">
        <ele>492.5</ele>
        <time>2024-12-07T22:25:21.398000Z</time>
      </trkpt>
      <trkpt lat="41.688375" lon="44.92176">
        <ele>491</ele>
        <time>2024-12-07T22:25:35.073000Z</time>
      </trkpt>
      <trkpt lat="41.688429" lon="44.920592">
        <ele>490.1</ele>
        <time>2024-12-07T22:25:45.755000Z</time>
      </trkpt>
      <trkpt lat="41.688558" lon="44.918971">
        <ele>488.8</ele>
        <time>2024-12-07T22:26:00.461000Z</time>
      </trkpt>
      <trkpt lat="41.688866" lon="44.916084">
        <ele>484.9</ele>
        <time>2024-12-07T22:26:24.804000Z</time>
      </trkpt>
      <trkpt lat="41.688923" lon="44.915559">
        <ele>484.1</ele>
        <time>2024-12-07T22:26:29.163000Z</time>
      </trkpt>
      <trkpt lat="41.689007" lon="44.91467">
        <ele>482.9</ele>
        <time>2024-12-07T22:26:36.645000Z</time>
      </trkpt>
      <trkpt lat="41.689099" lon="44.913923">
        <ele>482.1</ele>
        <time>2024-12-07T22:26:43.235000Z</time>
      </trkpt>
      <trkpt lat="41.689161" lon="44.913324">
        <ele>481.7</ele>
        <time>2024-12-07T22:26:48.769000Z</time>
      </trkpt>
      <trkpt lat="41.689212" lon="44.912755">
        <ele>481.3</ele>
        <time>2024-12-07T22:26:54.059000Z</time>
      </trkpt>
      <trkpt lat="41.68925" lon="44.911926">
        <ele>480.4</ele>
        <time>2024-12-07T22:27:01.262000Z</time>
      </trkpt>
      <trkpt lat="41.689256" lon="44.911703">
        <ele>480.1</ele>
        <time>2024-12-07T22:27:03.136000Z</time>
      </trkpt>
      <trkpt lat="41.689279" lon="44.910708">
        <ele>478.6</ele>
        <time>2024-12-07T22:27:11.301000Z</time>
      </trkpt>
      <trkpt lat="41.689282" lon="44.910391">
        <ele>478.1</ele>
        <time>2024-12-07T22:27:13.886000Z</time>
      </trkpt>
      <trkpt lat="41.689288" lon="44.90975">
        <ele>477.2</ele>
        <time>2024-12-07T22:27:19.190000Z</time>
      </trkpt>
      <trkpt lat="41.689261" lon="44.908965">
        <ele>476.3</ele>
        <time>2024-12-07T22:27:25.909000Z</time>
      </trkpt>
      <trkpt lat="41.689203" lon="44.908153">
        <ele>475.5</ele>
        <time>2024-12-07T22:27:33.022000Z</time>
      </trkpt>
      <trkpt lat="41.689151" lon="44.907561">
        <ele>474.8</ele>
        <time>2024-12-07T22:27:38.111000Z</time>
      </trkpt>
      <trkpt lat="41.689142" lon="44.907329">
        <ele>474.5</ele>
        <time>2024-12-07T22:27:40.059000Z</time>
      </trkpt>
      <trkpt lat="41.689116" lon="44.907093">
        <ele>474.1</ele>
        <time>2024-12-07T22:27:42.037000Z</time>
      </trkpt>
      <trkpt lat="41.689041" lon="44.906441">
        <ele>473.1</ele>
        <time>2024-12-07T22:27:47.430000Z</time>
      </trkpt>
      <trkpt lat="41.688737" lon="44.904585">
        <ele>470.4</ele>
        <time>2024-12-07T22:28:03.100000Z</time>
      </trkpt>
      <trkpt lat="41.688458" lon="44.902669">
        <ele>468.5</ele>
        <time>2024-12-07T22:28:20.248000Z</time>
      </trkpt>
      <trkpt lat="41.688358" lon="44.902171">
        <ele>468.3</ele>
        <time>2024-12-07T22:28:25.272000Z</time>
      </trkpt>
      <trkpt lat="41.688271" lon="44.901654">
        <ele>468</ele>
        <time>2024-12-07T22:28:30.346000Z</time>
      </trkpt>
      <trkpt lat="41.688167" lon="44.900958">
        <ele>467.7</ele>
        <time>2024-12-07T22:28:37.212000Z</time>
      </trkpt>
      <trkpt lat="41.688093" lon="44.900377">
        <ele>467.4</ele>
        <time>2024-12-07T22:28:42.859000Z</time>
      </trkpt>
      <trkpt lat="41.68796" lon="44.899113">
        <ele>466.2</ele>
        <time>2024-12-07T22:28:54.263000Z</time>
      </trkpt>
      <trkpt lat="41.687878" lon="44.898338">
        <ele>465.3</ele>
        <time>2024-12-07T22:29:00.930000Z</time>
      </trkpt>
      <trkpt lat="41.687849" lon="44.898059">
        <ele>465</ele>
        <time>2024-12-07T22:29:03.309000Z</time>
      </trkpt>
      <trkpt lat="41.687774" lon="44.897635">
        <ele>464.3</ele>
        <time>2024-12-07T22:29:06.898000Z</time>
      </trkpt>
      <trkpt lat="41.687699" lon="44.897349">
        <ele>463.8</ele>
        <time>2024-12-07T22:29:09.297000Z</time>
      </trkpt>
      <trkpt lat="41.687747" lon="44.897195">
        <ele>463.4</ele>
        <time>2024-12-07T22:29:22.031000Z</time>
      </trkpt>
      <trkpt lat="41.687853" lon="44.896847">
        <ele>462.6</ele>
        <time>2024-12-07T22:29:50.499000Z</time>
      </trkpt>
      <trkpt lat="41.687835" lon="44.896561">
        <ele>461.9</ele>
        <time>2024-12-07T22:30:12.044000Z</time>
      </trkpt>
      <trkpt lat="41.687784" lon="44.896429">
        <ele>461.5</ele>
        <time>2024-12-07T22:30:23.207000Z</time>
      </trkpt>
      <trkpt lat="41.687685" lon="44.896301">
        <ele>461</ele>
        <time>2024-12-07T22:30:24.571000Z</time>
      </trkpt>
      <trkpt lat="41.687551" lon="44.895965">
        <ele>459.9</ele>
        <time>2024-12-07T22:30:27.373000Z</time>
      </trkpt>
      <trkpt lat="41.687499" lon="44.895546">
        <ele>458.7</ele>
        <time>2024-12-07T22:30:30.476000Z</time>
      </trkpt>
      <trkpt lat="41.687368" lon="44.894922">
        <ele>456.7</ele>
        <time>2024-12-07T22:30:35.210000Z</time>
      </trkpt>
      <trkpt lat="41.687174" lon="44.894189">
        <ele>454.8</ele>
        <time>2024-12-07T22:30:41.055000Z</time>
      </trkpt>
      <trkpt lat="41.687002" lon="44.893666">
        <ele>453.8</ele>
        <time>2024-12-07T22:30:45.596000Z</time>
      </trkpt>
      <trkpt lat="41.686719" lon="44.892991">
        <ele>452.7</ele>
        <time>2024-12-07T22:30:52.038000Z</time>
      </trkpt>
      <trkpt lat="41.686521" lon="44.892546">
        <ele>452</ele>
        <time>2024-12-07T22:30:56.320000Z</time>
      </trkpt>
      <trkpt lat="41.686491" lon="44.89248">
        <ele>451.9</ele>
        <time>2024-12-07T22:30:56.944000Z</time>
      </trkpt>
      <trkpt lat="41.686379" lon="44.891933">
        <ele>450.9</ele>
        <time>2024-12-07T22:31:01.506000Z</time>
      </trkpt>
      <trkpt lat="41.686271" lon="44.891683">
        <ele>450.4</ele>
        <time>2024-12-07T22:31:03.794000Z</time>
      </trkpt>
      <trkpt lat="41.686248" lon="44.891632">
        <ele>450.3</ele>
        <time>2024-12-07T22:31:04.271000Z</time>
      </trkpt>
      <trkpt lat="41.685666" lon="44.890351">
        <ele>447.6</ele>
        <time>2024-12-07T22:31:16.199000Z</time>
      </trkpt>
      <trkpt lat="41.685268" lon="44.889369">
        <ele>446.2</ele>
        <time>2024-12-07T22:31:25.596000Z</time>
      </trkpt>
      <trkpt lat="41.685096" lon="44.888846">
        <ele>445.5</ele>
        <time>2024-12-07T22:31:30.516000Z</time>
      </trkpt>
      <trkpt lat="41.684894" lon="44.888106">
        <ele>444.6</ele>
        <time>2024-12-07T22:31:37.197000Z</time>
      </trkpt>
      <trkpt lat="41.684733" lon="44.887404">
        <ele>443.6</ele>
        <time>2024-12-07T22:31:43.328000Z</time>
      </trkpt>
      <trkpt lat="41.684562" lon="44.88644">
        <ele>442.3</ele>
        <time>2024-12-07T22:31:51.674000Z</time>
      </trkpt>
      <trkpt lat="41.684531" lon="44.886194">
        <ele>442</ele>
        <time>2024-12-07T22:31:53.802000Z</time>
      </trkpt>
      <trkpt lat="41.68451" lon="44.885972">
        <ele>441.8</ele>
        <time>2024-12-07T22:31:55.713000Z</time>
      </trkpt>
      <trkpt lat="41.684494" lon="44.885822">
        <ele>441.6</ele>
        <time>2024-12-07T22:31:57.013000Z</time>
      </trkpt>
      <trkpt lat="41.684364" lon="44.884516">
        <ele>440.3</ele>
        <time>2024-12-07T22:32:08.537000Z</time>
      </trkpt>
      <trkpt lat="41.684351" lon="44.884237">
        <ele>440</ele>
        <time>2024-12-07T22:32:11.025000Z</time>
      </trkpt>
      <trkpt lat="41.68435" lon="44.884138">
        <ele>439.9</ele>
        <time>2024-12-07T22:32:11.911000Z</time>
      </trkpt>
      <trkpt lat="41.684318" lon="44.88262">
        <ele>439.1</ele>
        <time>2024-12-07T22:32:26.347000Z</time>
      </trkpt>
      <trkpt lat="41.684311" lon="44.882336">
        <ele>439</ele>
        <time>2024-12-07T22:32:29.235000Z</time>
      </trkpt>
      <trkpt lat="41.684299" lon="44.880637">
        <ele>439.3</ele>
        <time>2024-12-07T22:32:49.261000Z</time>
      </trkpt>
      <trkpt lat="41.684283" lon="44.879712">
        <ele>439.6</ele>
        <time>2024-12-07T22:33:00.507000Z</time>
      </trkpt>
      <trkpt lat="41.684281" lon="44.879592">
        <ele>439.6</ele>
        <time>2024-12-07T22:33:01.843000Z</time>
      </trkpt>
      <trkpt lat="41.684271" lon="44.87899">
        <ele>439.6</ele>
        <time>2024-12-07T22:33:08.444000Z</time>
      </trkpt>
      <trkpt lat="41.684261" lon="44.878205">
        <ele>439.4</ele>
        <time>2024-12-07T22:33:16.557000Z</time>
      </trkpt>
      <trkpt lat="41.684259" lon="44.878044">
        <ele>439.4</ele>
        <time>2024-12-07T22:33:18.204000Z</time>
      </trkpt>
      <trkpt lat="41.684241" lon="44.877238">
        <ele>439.2</ele>
        <time>2024-12-07T22:33:26.606000Z</time>
      </trkpt>
      <trkpt lat="41.684204" lon="44.875637">
        <ele>439.4</ele>
        <time>2024-12-07T22:33:45.042000Z</time>
      </trkpt>
      <trkpt lat="41.684173" lon="44.87427">
        <ele>439.4</ele>
        <time>2024-12-07T22:34:00.336000Z</time>
      </trkpt>
      <trkpt lat="41.684169" lon="44.87411">
        <ele>439.4</ele>
        <time>2024-12-07T22:34:02.106000Z</time>
      </trkpt>
      <trkpt lat="41.684261" lon="44.872536">
        <ele>439.3</ele>
        <time>2024-12-07T22:34:19.187000Z</time>
      </trkpt>
      <trkpt lat="41.684437" lon="44.871258">
        <ele>438.4</ele>
        <time>2024-12-07T22:34:31.122000Z</time>
      </trkpt>
      <trkpt lat="41.684437" lon="44.871258">
        <ele>438.4</ele>
        <time>2024-12-07T22:34:31.124000Z</time>
      </trkpt>
      <trkpt lat="41.684279" lon="44.871219">
        <ele>438.1</ele>
        <time>2024-12-07T22:34:34.102000Z</time>
      </trkpt>
      <trkpt lat="41.684297" lon="44.871063">
        <ele>438</ele>
        <time>2024-12-07T22:34:36.286000Z</time>
      </trkpt>
      <trkpt lat="41.684316" lon="44.870913">
        <ele>437.8</ele>
        <time>2024-12-07T22:34:38.392000Z</time>
      </trkpt>
      <trkpt lat="41.684329" lon="44.87079">
        <ele>437.7</ele>
        <time>2024-12-07T22:34:40.112000Z</time>
      </trkpt>
      <trkpt lat="41.684347" lon="44.870622">
        <ele>437.6</ele>
        <time>2024-12-07T22:34:42.460000Z</time>
      </trkpt>
      <trkpt lat="41.684366" lon="44.870468">
        <ele>437.5</ele>
        <time>2024-12-07T22:34:44.620000Z</time>
      </trkpt>
      <trkpt lat="41.684382" lon="44.870344">
        <ele>437.5</ele>
        <time>2024-12-07T22:34:46.363000Z</time>
      </trkpt>
      <trkpt lat="41.684397" lon="44.870199">
        <ele>437.5</ele>
        <time>2024-12-07T22:34:48.389000Z</time>
      </trkpt>
      <trkpt lat="41.684416" lon="44.870054">
        <ele>437.5</ele>
        <time>2024-12-07T22:34:50.427000Z</time>
      </trkpt>
      <trkpt lat="41.684434" lon="44.86992">
        <ele>437.5</ele>
        <time>2024-12-07T22:34:52.310000Z</time>
      </trkpt>
      <trkpt lat="41.684456" lon="44.869761">
        <ele>437.5</ele>
        <time>2024-12-07T22:34:54.548000Z</time>
      </trkpt>
      <trkpt lat="41.684473" lon="44.869609">
        <ele>437.6</ele>
        <time>2024-12-07T22:34:56.676000Z</time>
      </trkpt>
      <trkpt lat="41.684495" lon="44.869466">
        <ele>437.7</ele>
        <time>2024-12-07T22:34:58.697000Z</time>
      </trkpt>
      <trkpt lat="41.684668" lon="44.86964">
        <ele>437.9</ele>
        <time>2024-12-07T22:35:02.717000Z</time>
      </trkpt>
      <trkpt lat="41.684986" lon="44.867445">
        <ele>441.3</ele>
        <time>2024-12-07T22:35:40.994000Z</time>
      </trkpt>
      <trkpt lat="41.685125" lon="44.866796">
        <ele>441.9</ele>
        <time>2024-12-07T22:35:51.022000Z</time>
      </trkpt>
      <trkpt lat="41.685316" lon="44.865848">
        <ele>442.4</ele>
        <time>2024-12-07T22:36:03.578000Z</time>
      </trkpt>
      <trkpt lat="41.685355" lon="44.865656">
        <ele>442.4</ele>
        <time>2024-12-07T22:36:05.794000Z</time>
      </trkpt>
      <trkpt lat="41.685471" lon="44.864945">
        <ele>442.2</ele>
        <time>2024-12-07T22:36:13.325000Z</time>
      </trkpt>
      <trkpt lat="41.685683" lon="44.863601">
        <ele>442</ele>
        <time>2024-12-07T22:36:27.732000Z</time>
      </trkpt>
      <trkpt lat="41.686062" lon="44.861275">
        <ele>443.6</ele>
        <time>2024-12-07T22:37:00.373000Z</time>
      </trkpt>
      <trkpt lat="41.68624" lon="44.860366">
        <ele>444.5</ele>
        <time>2024-12-07T22:37:14.718000Z</time>
      </trkpt>
      <trkpt lat="41.686346" lon="44.859824">
        <ele>444.9</ele>
        <time>2024-12-07T22:37:22.495000Z</time>
      </trkpt>
      <trkpt lat="41.686579" lon="44.858633">
        <ele>445.1</ele>
        <time>2024-12-07T22:37:36.695000Z</time>
      </trkpt>
      <trkpt lat="41.686683" lon="44.858093">
        <ele>444.8</ele>
        <time>2024-12-07T22:37:42.134000Z</time>
      </trkpt>
      <trkpt lat="41.68695" lon="44.856585">
        <ele>444.4</ele>
        <time>2024-12-07T22:37:57.950000Z</time>
      </trkpt>
      <trkpt lat="41.68703" lon="44.856193">
        <ele>444.4</ele>
        <time>2024-12-07T22:38:02.275000Z</time>
      </trkpt>
      <trkpt lat="41.687213" lon="44.855296">
        <ele>444.2</ele>
        <time>2024-12-07T22:38:12.022000Z</time>
      </trkpt>
      <trkpt lat="41.687345" lon="44.854761">
        <ele>444.2</ele>
        <time>2024-12-07T22:38:18.081000Z</time>
      </trkpt>
      <trkpt lat="41.687492" lon="44.854131">
        <ele>444.1</ele>
        <time>2024-12-07T22:38:25.086000Z</time>
      </trkpt>
      <trkpt lat="41.687634" lon="44.85353">
        <ele>444.1</ele>
        <time>2024-12-07T22:38:31.890000Z</time>
      </trkpt>
      <trkpt lat="41.687679" lon="44.853322">
        <ele>444.1</ele>
        <time>2024-12-07T22:38:34.461000Z</time>
      </trkpt>
      <trkpt lat="41.687747" lon="44.853056">
        <ele>444.2</ele>
        <time>2024-12-07T22:38:38.042000Z</time>
      </trkpt>
      <trkpt lat="41.687782" lon="44.852806">
        <ele>444.4</ele>
        <time>2024-12-07T22:38:41.423000Z</time>
      </trkpt>
      <trkpt lat="41.687794" lon="44.852716">
        <ele>444.4</ele>
        <time>2024-12-07T22:38:42.680000Z</time>
      </trkpt>
      <trkpt lat="41.687856" lon="44.852244">
        <ele>444.8</ele>
        <time>2024-12-07T22:38:49.318000Z</time>
      </trkpt>
      <trkpt lat="41.687929" lon="44.851665">
        <ele>445.1</ele>
        <time>2024-12-07T22:38:57.073000Z</time>
      </trkpt>
      <trkpt lat="41.688021" lon="44.851067">
        <ele>445.4</ele>
        <time>2024-12-07T22:39:05.059000Z</time>
      </trkpt>
      <trkpt lat="41.688059" lon="44.85031">
        <ele>445.7</ele>
        <time>2024-12-07T22:39:14.662000Z</time>
      </trkpt>
      <trkpt lat="41.6881" lon="44.849815">
        <ele>445.7</ele>
        <time>2024-12-07T22:39:20.113000Z</time>
      </trkpt>
      <trkpt lat="41.68814" lon="44.849504">
        <ele>445.6</ele>
        <time>2024-12-07T22:39:23.329000Z</time>
      </trkpt>
      <trkpt lat="41.688246" lon="44.847538">
        <ele>445.2</ele>
        <time>2024-12-07T22:39:43.956000Z</time>
      </trkpt>
      <trkpt lat="41.688252" lon="44.847194">
        <ele>445.3</ele>
        <time>2024-12-07T22:39:47.908000Z</time>
      </trkpt>
      <trkpt lat="41.688294" lon="44.846769">
        <ele>445.3</ele>
        <time>2024-12-07T22:39:52.640000Z</time>
      </trkpt>
      <trkpt lat="41.688356" lon="44.846413">
        <ele>445.3</ele>
        <time>2024-12-07T22:39:56.627000Z</time>
      </trkpt>
      <trkpt lat="41.688397" lon="44.845896">
        <ele>445.2</ele>
        <time>2024-12-07T22:40:02.187000Z</time>
      </trkpt>
      <trkpt lat="41.688447" lon="44.845649">
        <ele>445.1</ele>
        <time>2024-12-07T22:40:04.750000Z</time>
      </trkpt>
      <trkpt lat="41.688723" lon="44.844873">
        <ele>444.6</ele>
        <time>2024-12-07T22:40:12.779000Z</time>
      </trkpt>
      <trkpt lat="41.689117" lon="44.844043">
        <ele>443.4</ele>
        <time>2024-12-07T22:40:21.124000Z</time>
      </trkpt>
      <trkpt lat="41.68946" lon="44.843319">
        <ele>442.3</ele>
        <time>2024-12-07T22:40:28.396000Z</time>
      </trkpt>
      <trkpt lat="41.689838" lon="44.842396">
        <ele>441.9</ele>
        <time>2024-12-07T22:40:38.767000Z</time>
      </trkpt>
      <trkpt lat="41.690262" lon="44.841324">
        <ele>442.2</ele>
        <time>2024-12-07T22:40:53.387000Z</time>
      </trkpt>
      <trkpt lat="41.690302" lon="44.841165">
        <ele>442.4</ele>
        <time>2024-12-07T22:40:55.975000Z</time>
      </trkpt>
      <trkpt lat="41.690385" lon="44.840675">
        <ele>442.9</ele>
        <time>2024-12-07T22:41:03.433000Z</time>
      </trkpt>
      <trkpt lat="41.690478" lon="44.840213">
        <ele>443.2</ele>
        <time>2024-12-07T22:41:10.087000Z</time>
      </trkpt>
      <trkpt lat="41.6906" lon="44.839709">
        <ele>443.6</ele>
        <time>2024-12-07T22:41:17.478000Z</time>
      </trkpt>
      <trkpt lat="41.690727" lon="44.839109">
        <ele>444.3</ele>
        <time>2024-12-07T22:41:27.350000Z</time>
      </trkpt>
      <trkpt lat="41.691021" lon="44.837185">
        <ele>446.2</ele>
        <time>2024-12-07T22:41:56.566000Z</time>
      </trkpt>
      <trkpt lat="41.691054" lon="44.836983">
        <ele>446.4</ele>
        <time>2024-12-07T22:41:59.568000Z</time>
      </trkpt>
      <trkpt lat="41.691229" lon="44.835966">
        <ele>447.4</ele>
        <time>2024-12-07T22:42:15.069000Z</time>
      </trkpt>
      <trkpt lat="41.691401" lon="44.835519">
        <ele>447.7</ele>
        <time>2024-12-07T22:42:21.981000Z</time>
      </trkpt>
      <trkpt lat="41.69147" lon="44.835273">
        <ele>447.9</ele>
        <time>2024-12-07T22:42:25.662000Z</time>
      </trkpt>
      <trkpt lat="41.691666" lon="44.834108">
        <ele>449.5</ele>
        <time>2024-12-07T22:42:45.439000Z</time>
      </trkpt>
      <trkpt lat="41.691934" lon="44.832475">
        <ele>449.8</ele>
        <time>2024-12-07T22:43:04.810000Z</time>
      </trkpt>
      <trkpt lat="41.691919" lon="44.832318">
        <ele>449.7</ele>
        <time>2024-12-07T22:43:06.299000Z</time>
      </trkpt>
      <trkpt lat="41.69187" lon="44.832254">
        <ele>449.6</ele>
        <time>2024-12-07T22:43:07.115000Z</time>
      </trkpt>
      <trkpt lat="41.691818" lon="44.832244">
        <ele>449.5</ele>
        <time>2024-12-07T22:43:07.766000Z</time>
      </trkpt>
      <trkpt lat="41.691758" lon="44.832262">
        <ele>449.5</ele>
        <time>2024-12-07T22:43:08.509000Z</time>
      </trkpt>
      <trkpt lat="41.691716" lon="44.832327">
        <ele>449.4</ele>
        <time>2024-12-07T22:43:09.291000Z</time>
      </trkpt>
      <trkpt lat="41.691635" lon="44.832858">
        <ele>449</ele>
        <time>2024-12-07T22:43:14.177000Z</time>
      </trkpt>
      <trkpt lat="41.691523" lon="44.833568">
        <ele>447.6</ele>
        <time>2024-12-07T22:43:19.899000Z</time>
      </trkpt>
      <trkpt lat="41.691437" lon="44.833924">
        <ele>446.7</ele>
        <time>2024-12-07T22:43:22.729000Z</time>
      </trkpt>
      <trkpt lat="41.691437" lon="44.833924">
        <ele>446.7</ele>
        <time>2024-12-07T22:43:22.731000Z</time>
      </trkpt>
      <trkpt lat="41.691377" lon="44.833992">
        <ele>446.4</ele>
        <time>2024-12-07T22:43:23.523000Z</time>
      </trkpt>
      <trkpt lat="41.691322" lon="44.833996">
        <ele>446.3</ele>
        <time>2024-12-07T22:43:24.070000Z</time>
      </trkpt>
      <trkpt lat="41.691181" lon="44.833963">
        <ele>445.8</ele>
        <time>2024-12-07T22:43:25.520000Z</time>
      </trkpt>
      <trkpt lat="41.691015" lon="44.833968">
        <ele>445.3</ele>
        <time>2024-12-07T22:43:27.215000Z</time>
      </trkpt>
      <trkpt lat="41.690901" lon="44.833949">
        <ele>444.9</ele>
        <time>2024-12-07T22:43:28.402000Z</time>
      </trkpt>
      <trkpt lat="41.690317" lon="44.833855">
        <ele>443.2</ele>
        <time>2024-12-07T22:43:34.460000Z</time>
      </trkpt>
      <trkpt lat="41.69027" lon="44.833847">
        <ele>443.1</ele>
        <time>2024-12-07T22:43:34.939000Z</time>
      </trkpt>
      <trkpt lat="41.690206" lon="44.833834">
        <ele>442.8</ele>
        <time>2024-12-07T22:43:35.572000Z</time>
      </trkpt>
      <trkpt lat="41.689692" lon="44.833749">
        <ele>441</ele>
        <time>2024-12-07T22:43:40.718000Z</time>
      </trkpt>
      <trkpt lat="41.689576" lon="44.833734">
        <ele>440.5</ele>
        <time>2024-12-07T22:43:41.882000Z</time>
      </trkpt>
      <trkpt lat="41.689336" lon="44.833705">
        <ele>439.7</ele>
        <time>2024-12-07T22:43:44.281000Z</time>
      </trkpt>
      <trkpt lat="41.689122" lon="44.83367">
        <ele>438.9</ele>
        <time>2024-12-07T22:43:46.422000Z</time>
      </trkpt>
      <trkpt lat="41.688656" lon="44.833594">
        <ele>437.1</ele>
        <time>2024-12-07T22:43:51.022000Z</time>
      </trkpt>
      <trkpt lat="41.687871" lon="44.833452">
        <ele>433.1</ele>
        <time>2024-12-07T22:43:58.481000Z</time>
      </trkpt>
      <trkpt lat="41.687264" lon="44.833342">
        <ele>431</ele>
        <time>2024-12-07T22:44:04.611000Z</time>
      </trkpt>
      <trkpt lat="41.687184" lon="44.833323">
        <ele>430.8</ele>
        <time>2024-12-07T22:44:05.477000Z</time>
      </trkpt>
      <trkpt lat="41.687199" lon="44.833178">
        <ele>430.6</ele>
        <time>2024-12-07T22:44:06.694000Z</time>
      </trkpt>
      <trkpt lat="41.687422" lon="44.831174">
        <ele>431.4</ele>
        <time>2024-12-07T22:44:32.518000Z</time>
      </trkpt>
      <trkpt lat="41.687427" lon="44.831075">
        <ele>431.5</ele>
        <time>2024-12-07T22:44:34.019000Z</time>
      </trkpt>
      <trkpt lat="41.687421" lon="44.829239">
        <ele>432.3</ele>
        <time>2024-12-07T22:44:57.615000Z</time>
      </trkpt>
      <trkpt lat="41.687418" lon="44.828285">
        <ele>431.8</ele>
        <time>2024-12-07T22:45:06.762000Z</time>
      </trkpt>
      <trkpt lat="41.687417" lon="44.827749">
        <ele>431.3</ele>
        <time>2024-12-07T22:45:11.387000Z</time>
      </trkpt>
      <trkpt lat="41.687415" lon="44.827623">
        <ele>431.1</ele>
        <time>2024-12-07T22:45:12.450000Z</time>
      </trkpt>
      <trkpt lat="41.687419" lon="44.82748">
        <ele>430.9</ele>
        <time>2024-12-07T22:45:13.663000Z</time>
      </trkpt>
      <trkpt lat="41.687419" lon="44.826886">
        <ele>430.1</ele>
        <time>2024-12-07T22:45:18.635000Z</time>
      </trkpt>
      <trkpt lat="41.687426" lon="44.825106">
        <ele>428.5</ele>
        <time>2024-12-07T22:45:34.397000Z</time>
      </trkpt>
      <trkpt lat="41.687459" lon="44.824255">
        <ele>427.8</ele>
        <time>2024-12-07T22:45:42.010000Z</time>
      </trkpt>
      <trkpt lat="41.687479" lon="44.824083">
        <ele>427.6</ele>
        <time>2024-12-07T22:45:43.514000Z</time>
      </trkpt>
      <trkpt lat="41.687526" lon="44.823829">
        <ele>427.3</ele>
        <time>2024-12-07T22:45:45.749000Z</time>
      </trkpt>
      <trkpt lat="41.68754" lon="44.82375">
        <ele>427.1</ele>
        <time>2024-12-07T22:45:46.421000Z</time>
      </trkpt>
      <trkpt lat="41.68765" lon="44.82339">
        <ele>426.6</ele>
        <time>2024-12-07T22:45:49.620000Z</time>
      </trkpt>
      <trkpt lat="41.687866" lon="44.822904">
        <ele>425.5</ele>
        <time>2024-12-07T22:45:54.037000Z</time>
      </trkpt>
      <trkpt lat="41.688414" lon="44.821981">
        <ele>423</ele>
        <time>2024-12-07T22:46:03.180000Z</time>
      </trkpt>
      <trkpt lat="41.689366" lon="44.820227">
        <ele>421.8</ele>
        <time>2024-12-07T22:46:23.726000Z</time>
      </trkpt>
      <trkpt lat="41.689404" lon="44.820164">
        <ele>421.9</ele>
        <time>2024-12-07T22:46:24.960000Z</time>
      </trkpt>
      <trkpt lat="41.689481" lon="44.820024">
        <ele>422.1</ele>
        <time>2024-12-07T22:46:27.715000Z</time>
      </trkpt>
      <trkpt lat="41.689527" lon="44.819936">
        <ele>422.2</ele>
        <time>2024-12-07T22:46:29.497000Z</time>
      </trkpt>
      <trkpt lat="41.689643" lon="44.819697">
        <ele>422.7</ele>
        <time>2024-12-07T22:46:34.473000Z</time>
      </trkpt>
      <trkpt lat="41.690069" lon="44.818816">
        <ele>425.3</ele>
        <time>2024-12-07T22:46:56.397000Z</time>
      </trkpt>
      <trkpt lat="41.690612" lon="44.817705">
        <ele>428.5</ele>
        <time>2024-12-07T22:47:23.891000Z</time>
      </trkpt>
      <trkpt lat="41.690918" lon="44.817071">
        <ele>429.7</ele>
        <time>2024-12-07T22:47:37.014000Z</time>
      </trkpt>
      <trkpt lat="41.690953" lon="44.816995">
        <ele>429.8</ele>
        <time>2024-12-07T22:47:38.488000Z</time>
      </trkpt>
      <trkpt lat="41.691052" lon="44.816774">
        <ele>430.1</ele>
        <time>2024-12-07T22:47:42.619000Z</time>
      </trkpt>
      <trkpt lat="41.691392" lon="44.81603">
        <ele>431</ele>
        <time>2024-12-07T22:47:55.871000Z</time>
      </trkpt>
      <trkpt lat="41.691816" lon="44.815232">
        <ele>431.9</ele>
        <time>2024-12-07T22:48:10.185000Z</time>
      </trkpt>
      <trkpt lat="41.69189" lon="44.815107">
        <ele>431.9</ele>
        <time>2024-12-07T22:48:12.266000Z</time>
      </trkpt>
      <trkpt lat="41.691954" lon="44.814974">
        <ele>432</ele>
        <time>2024-12-07T22:48:14.254000Z</time>
      </trkpt>
      <trkpt lat="41.692078" lon="44.814545">
        <ele>431.9</ele>
        <time>2024-12-07T22:48:19.141000Z</time>
      </trkpt>
      <trkpt lat="41.692084" lon="44.814509">
        <ele>431.9</ele>
        <time>2024-12-07T22:48:19.472000Z</time>
      </trkpt>
      <trkpt lat="41.692098" lon="44.814443">
        <ele>431.8</ele>
        <time>2024-12-07T22:48:20.073000Z</time>
      </trkpt>
      <trkpt lat="41.692117" lon="44.814368">
        <ele>431.8</ele>
        <time>2024-12-07T22:48:20.744000Z</time>
      </trkpt>
      <trkpt lat="41.692137" lon="44.814275">
        <ele>431.6</ele>
        <time>2024-12-07T22:48:21.543000Z</time>
      </trkpt>
      <trkpt lat="41.692162" lon="44.81417">
        <ele>431.4</ele>
        <time>2024-12-07T22:48:22.415000Z</time>
      </trkpt>
      <trkpt lat="41.692328" lon="44.813344">
        <ele>428.8</ele>
        <time>2024-12-07T22:48:28.635000Z</time>
      </trkpt>
      <trkpt lat="41.692486" lon="44.812628">
        <ele>425.4</ele>
        <time>2024-12-07T22:48:33.745000Z</time>
      </trkpt>
      <trkpt lat="41.692586" lon="44.812325">
        <ele>423.8</ele>
        <time>2024-12-07T22:48:35.982000Z</time>
      </trkpt>
      <trkpt lat="41.692796" lon="44.812024">
        <ele>421.8</ele>
        <time>2024-12-07T22:48:38.769000Z</time>
      </trkpt>
      <trkpt lat="41.693339" lon="44.81149">
        <ele>418</ele>
        <time>2024-12-07T22:48:45.017000Z</time>
      </trkpt>
      <trkpt lat="41.695297" lon="44.810513">
        <ele>411.9</ele>
        <time>2024-12-07T22:49:06.529000Z</time>
      </trkpt>
      <trkpt lat="41.695496" lon="44.810358">
        <ele>411.5</ele>
        <time>2024-12-07T22:49:09.152000Z</time>
      </trkpt>
      <trkpt lat="41.695786" lon="44.810055">
        <ele>411.2</ele>
        <time>2024-12-07T22:49:13.642000Z</time>
      </trkpt>
      <trkpt lat="41.695951" lon="44.809949">
        <ele>410.9</ele>
        <time>2024-12-07T22:49:15.708000Z</time>
      </trkpt>
      <trkpt lat="41.696881" lon="44.809642">
        <ele>405.2</ele>
        <time>2024-12-07T22:49:24.517000Z</time>
      </trkpt>
      <trkpt lat="41.696962" lon="44.809469">
        <ele>404.2</ele>
        <time>2024-12-07T22:49:25.907000Z</time>
      </trkpt>
      <trkpt lat="41.696984" lon="44.809137">
        <ele>402.5</ele>
        <time>2024-12-07T22:49:28.147000Z</time>
      </trkpt>
      <trkpt lat="41.696976" lon="44.809055">
        <ele>402.2</ele>
        <time>2024-12-07T22:49:28.721000Z</time>
      </trkpt>
      <trkpt lat="41.696839" lon="44.807466">
        <ele>397.2</ele>
        <time>2024-12-07T22:49:40.302000Z</time>
      </trkpt>
      <trkpt lat="41.696837" lon="44.807421">
        <ele>397.2</ele>
        <time>2024-12-07T22:49:40.787000Z</time>
      </trkpt>
      <trkpt lat="41.696891" lon="44.807252">
        <ele>397.1</ele>
        <time>2024-12-07T22:49:42.665000Z</time>
      </trkpt>
      <trkpt lat="41.696962" lon="44.807173">
        <ele>397.1</ele>
        <time>2024-12-07T22:49:43.900000Z</time>
      </trkpt>
      <trkpt lat="41.69703" lon="44.807161">
        <ele>397.1</ele>
        <time>2024-12-07T22:49:44.776000Z</time>
      </trkpt>
      <trkpt lat="41.697027" lon="44.807225">
        <ele>397</ele>
        <time>2024-12-07T22:49:48.058000Z</time>
      </trkpt>
      <trkpt lat="41.697086" lon="44.807232">
        <ele>397</ele>
        <time>2024-12-07T22:49:52.213000Z</time>
      </trkpt>
      <trkpt lat="41.697156" lon="44.807294">
        <ele>396.8</ele>
        <time>2024-12-07T22:49:58.014000Z</time>
      </trkpt>
      <trkpt lat="41.697314" lon="44.807639">
        <ele>396.6</ele>
        <time>2024-12-07T22:50:19.006000Z</time>
      </trkpt>
      <trkpt lat="41.697421" lon="44.807747">
        <ele>396.5</ele>
        <time>2024-12-07T22:50:28.310000Z</time>
      </trkpt>
      <trkpt lat="41.697497" lon="44.807783">
        <ele>396.5</ele>
        <time>2024-12-07T22:50:33.955000Z</time>
      </trkpt>
      <trkpt lat="41.69763" lon="44.807786">
        <ele>396.6</ele>
        <time>2024-12-07T22:50:43.185000Z</time>
      </trkpt>
      <trkpt lat="41.697749" lon="44.80773">
        <ele>396.6</ele>
        <time>2024-12-07T22:50:51.907000Z</time>
      </trkpt>
      <trkpt lat="41.697852" lon="44.807597">
        <ele>396.5</ele>
        <time>2024-12-07T22:51:01.906000Z</time>
      </trkpt>
      <trkpt lat="41.697943" lon="44.807411">
        <ele>396.4</ele>
        <time>2024-12-07T22:51:13.415000Z</time>
      </trkpt>
      <trkpt lat="41.698177" lon="44.80691">
        <ele>396.5</ele>
        <time>2024-12-07T22:51:44.084000Z</time>
      </trkpt>
      <trkpt lat="41.698201" lon="44.806934">
        <ele>396.5</ele>
        <time>2024-12-07T22:51:46.212000Z</time>
      </trkpt>
      <trkpt lat="41.69824" lon="44.806836">
        <ele>396.6</ele>
        <time>2024-12-07T22:51:55.994000Z</time>
      </trkpt>
      <trkpt lat="41.698303" lon="44.806628">
        <ele>396.8</ele>
        <time>2024-12-07T22:52:15.385000Z</time>
      </trkpt>
      <trkpt lat="41.69827" lon="44.80661">
        <ele>396.8</ele>
        <time>2024-12-07T22:52:16.056000Z</time>
      </trkpt>
      <trkpt lat="41.69836" lon="44.80645">
        <ele>397</ele>
        <time>2024-12-07T22:52:18.829000Z</time>
      </trkpt>
      <trkpt lat="41.69839" lon="44.80635">
        <ele>397.2</ele>
        <time>2024-12-07T22:52:20.320000Z</time>
      </trkpt>
      <trkpt lat="41.69841" lon="44.8063">
        <ele>397.3</ele>
        <time>2024-12-07T22:52:21.106000Z</time>
      </trkpt>
      <trkpt lat="41.69864" lon="44.806">
        <ele>398.1</ele>
        <time>2024-12-07T22:52:27.057000Z</time>
      </trkpt>
    </trkseg>
  </trk>
</gpx>