<?xml version="1.0" encoding="UTF-8"?>
<gpx xmlns="http://www.topografix.com/GPX/1/1" xmlns:xsi="http://www.w3.org/2001/XMLSchema-instance" xsi:schemaLocation="http://www.topografix.com/GPX/1/1 http://www.topografix.com/GPX/1/1/gpx.xsd" version="1.1" creator="Dima">
  <metadata>
    <name>Вальево луп</name>
    <desc>Distance: 107.377km, Estimated duration: 5.64h, Elevation up: 2011.9222113051098m, Elevation down: 2012.244329204449m, Grade: difficult</desc>
    <author>
      <name>Dima</name>
      <link href="https://www.komoot.de/user/3289285416375">
        <text>View Dima's Profile on Komoot</text>
      </link>
    </author>
    <link href="https://www.komoot.de/tour/2944519998">
      <text>View tour on Komoot</text>
    </link>
  </metadata>
  <trk>
    <name>Вальево луп</name>
    <desc>Distance: 107.377km, Estimated duration: 5.64h, Elevation up: 2011.9222113051098m, Elevation down: 2012.244329204449m, Grade: difficult</desc>
    <link href="https://www.komoot.de/tour/2944519998">
      <text>View tour on Komoot</text>
    </link>
    <trkseg>
      <trkpt lat="44.273121" lon="19.890414">
        <ele>184.5</ele>
        <time>2026-05-09T21:39:56.998000Z</time>
      </trkpt>
      <trkpt lat="44.272903" lon="19.890429">
        <ele>184.4</ele>
        <time>2026-05-09T21:39:59.932000Z</time>
      </trkpt>
      <trkpt lat="44.272742" lon="19.890441">
        <ele>184.4</ele>
        <time>2026-05-09T21:40:02.114000Z</time>
      </trkpt>
      <trkpt lat="44.272483" lon="19.890459">
        <ele>184.3</ele>
        <time>2026-05-09T21:40:05.619000Z</time>
      </trkpt>
      <trkpt lat="44.272282" lon="19.890479">
        <ele>184.2</ele>
        <time>2026-05-09T21:40:08.364000Z</time>
      </trkpt>
      <trkpt lat="44.272153" lon="19.890491">
        <ele>184.2</ele>
        <time>2026-05-09T21:40:10.123000Z</time>
      </trkpt>
      <trkpt lat="44.271658" lon="19.89054">
        <ele>184.3</ele>
        <time>2026-05-09T21:40:18.165000Z</time>
      </trkpt>
      <trkpt lat="44.271538" lon="19.890552">
        <ele>184.4</ele>
        <time>2026-05-09T21:40:20.256000Z</time>
      </trkpt>
      <trkpt lat="44.271099" lon="19.890596">
        <ele>184.7</ele>
        <time>2026-05-09T21:40:27.836000Z</time>
      </trkpt>
      <trkpt lat="44.270833" lon="19.890629">
        <ele>184.7</ele>
        <time>2026-05-09T21:40:31.968000Z</time>
      </trkpt>
      <trkpt lat="44.27072" lon="19.890644">
        <ele>184.7</ele>
        <time>2026-05-09T21:40:33.567000Z</time>
      </trkpt>
      <trkpt lat="44.270625" lon="19.890656">
        <ele>184.7</ele>
        <time>2026-05-09T21:40:34.864000Z</time>
      </trkpt>
      <trkpt lat="44.27037" lon="19.890688">
        <ele>184.6</ele>
        <time>2026-05-09T21:40:38.330000Z</time>
      </trkpt>
      <trkpt lat="44.270286" lon="19.890697">
        <ele>184.5</ele>
        <time>2026-05-09T21:40:39.402000Z</time>
      </trkpt>
      <trkpt lat="44.269973" lon="19.890725">
        <ele>184.1</ele>
        <time>2026-05-09T21:40:43.142000Z</time>
      </trkpt>
      <trkpt lat="44.269647" lon="19.890751">
        <ele>183.6</ele>
        <time>2026-05-09T21:40:46.887000Z</time>
      </trkpt>
      <trkpt lat="44.26949" lon="19.890764">
        <ele>183.3</ele>
        <time>2026-05-09T21:40:48.614000Z</time>
      </trkpt>
      <trkpt lat="44.269331" lon="19.890758">
        <ele>183</ele>
        <time>2026-05-09T21:40:50.363000Z</time>
      </trkpt>
      <trkpt lat="44.269089" lon="19.890737">
        <ele>182.5</ele>
        <time>2026-05-09T21:40:53.057000Z</time>
      </trkpt>
      <trkpt lat="44.269024" lon="19.890732">
        <ele>182.4</ele>
        <time>2026-05-09T21:40:53.782000Z</time>
      </trkpt>
      <trkpt lat="44.268544" lon="19.890663">
        <ele>181.8</ele>
        <time>2026-05-09T21:40:59.496000Z</time>
      </trkpt>
      <trkpt lat="44.268014" lon="19.890508">
        <ele>181.7</ele>
        <time>2026-05-09T21:41:07.154000Z</time>
      </trkpt>
      <trkpt lat="44.267994" lon="19.890498">
        <ele>181.7</ele>
        <time>2026-05-09T21:41:07.455000Z</time>
      </trkpt>
      <trkpt lat="44.267817" lon="19.890405">
        <ele>181.8</ele>
        <time>2026-05-09T21:41:10.779000Z</time>
      </trkpt>
      <trkpt lat="44.267863" lon="19.890107">
        <ele>182</ele>
        <time>2026-05-09T21:41:14.608000Z</time>
      </trkpt>
      <trkpt lat="44.267861" lon="19.890106">
        <ele>182</ele>
        <time>2026-05-09T21:41:14.649000Z</time>
      </trkpt>
      <trkpt lat="44.267867" lon="19.890034">
        <ele>182</ele>
        <time>2026-05-09T21:41:15.611000Z</time>
      </trkpt>
      <trkpt lat="44.267874" lon="19.889961">
        <ele>182.1</ele>
        <time>2026-05-09T21:41:16.590000Z</time>
      </trkpt>
      <trkpt lat="44.26788" lon="19.88989">
        <ele>182.1</ele>
        <time>2026-05-09T21:41:17.539000Z</time>
      </trkpt>
      <trkpt lat="44.267891" lon="19.889821">
        <ele>182.1</ele>
        <time>2026-05-09T21:41:18.476000Z</time>
      </trkpt>
      <trkpt lat="44.267901" lon="19.889752">
        <ele>182.2</ele>
        <time>2026-05-09T21:41:19.409000Z</time>
      </trkpt>
      <trkpt lat="44.267906" lon="19.889688">
        <ele>182.2</ele>
        <time>2026-05-09T21:41:20.264000Z</time>
      </trkpt>
      <trkpt lat="44.267902" lon="19.88963">
        <ele>182.2</ele>
        <time>2026-05-09T21:41:21.039000Z</time>
      </trkpt>
      <trkpt lat="44.267888" lon="19.889584">
        <ele>182.3</ele>
        <time>2026-05-09T21:41:21.700000Z</time>
      </trkpt>
      <trkpt lat="44.267879" lon="19.889546">
        <ele>182.3</ele>
        <time>2026-05-09T21:41:22.233000Z</time>
      </trkpt>
      <trkpt lat="44.267882" lon="19.889517">
        <ele>182.3</ele>
        <time>2026-05-09T21:41:22.621000Z</time>
      </trkpt>
      <trkpt lat="44.267889" lon="19.889506">
        <ele>182.4</ele>
        <time>2026-05-09T21:41:22.817000Z</time>
      </trkpt>
      <trkpt lat="44.267859" lon="19.889527">
        <ele>182.4</ele>
        <time>2026-05-09T21:41:23.438000Z</time>
      </trkpt>
      <trkpt lat="44.267801" lon="19.889588">
        <ele>182.5</ele>
        <time>2026-05-09T21:41:24.784000Z</time>
      </trkpt>
      <trkpt lat="44.267779" lon="19.889584">
        <ele>182.5</ele>
        <time>2026-05-09T21:41:25.195000Z</time>
      </trkpt>
      <trkpt lat="44.267747" lon="19.889588">
        <ele>182.5</ele>
        <time>2026-05-09T21:41:25.792000Z</time>
      </trkpt>
      <trkpt lat="44.267718" lon="19.889587">
        <ele>182.6</ele>
        <time>2026-05-09T21:41:26.328000Z</time>
      </trkpt>
      <trkpt lat="44.267689" lon="19.889586">
        <ele>182.6</ele>
        <time>2026-05-09T21:41:26.866000Z</time>
      </trkpt>
      <trkpt lat="44.267655" lon="19.889578">
        <ele>182.6</ele>
        <time>2026-05-09T21:41:27.506000Z</time>
      </trkpt>
      <trkpt lat="44.267621" lon="19.889572">
        <ele>182.7</ele>
        <time>2026-05-09T21:41:28.141000Z</time>
      </trkpt>
      <trkpt lat="44.267586" lon="19.889567">
        <ele>182.7</ele>
        <time>2026-05-09T21:41:28.792000Z</time>
      </trkpt>
      <trkpt lat="44.267548" lon="19.889561">
        <ele>182.7</ele>
        <time>2026-05-09T21:41:29.501000Z</time>
      </trkpt>
      <trkpt lat="44.267504" lon="19.889557">
        <ele>182.8</ele>
        <time>2026-05-09T21:41:30.318000Z</time>
      </trkpt>
      <trkpt lat="44.267462" lon="19.889559">
        <ele>182.9</ele>
        <time>2026-05-09T21:41:31.098000Z</time>
      </trkpt>
      <trkpt lat="44.267415" lon="19.889556">
        <ele>182.9</ele>
        <time>2026-05-09T21:41:31.970000Z</time>
      </trkpt>
      <trkpt lat="44.267366" lon="19.889552">
        <ele>183</ele>
        <time>2026-05-09T21:41:32.879000Z</time>
      </trkpt>
      <trkpt lat="44.267316" lon="19.889554">
        <ele>183</ele>
        <time>2026-05-09T21:41:33.807000Z</time>
      </trkpt>
      <trkpt lat="44.267266" lon="19.889557">
        <ele>183.1</ele>
        <time>2026-05-09T21:41:34.733000Z</time>
      </trkpt>
      <trkpt lat="44.267217" lon="19.88955">
        <ele>183.1</ele>
        <time>2026-05-09T21:41:35.647000Z</time>
      </trkpt>
      <trkpt lat="44.267165" lon="19.889543">
        <ele>183.2</ele>
        <time>2026-05-09T21:41:36.614000Z</time>
      </trkpt>
      <trkpt lat="44.267116" lon="19.889542">
        <ele>183.3</ele>
        <time>2026-05-09T21:41:37.524000Z</time>
      </trkpt>
      <trkpt lat="44.267066" lon="19.889544">
        <ele>183.3</ele>
        <time>2026-05-09T21:41:38.450000Z</time>
      </trkpt>
      <trkpt lat="44.267016" lon="19.889542">
        <ele>183.4</ele>
        <time>2026-05-09T21:41:39.376000Z</time>
      </trkpt>
      <trkpt lat="44.266967" lon="19.889538">
        <ele>183.4</ele>
        <time>2026-05-09T21:41:40.287000Z</time>
      </trkpt>
      <trkpt lat="44.266967" lon="19.889546">
        <ele>183.4</ele>
        <time>2026-05-09T21:41:40.397000Z</time>
      </trkpt>
      <trkpt lat="44.266774" lon="19.889546">
        <ele>183.6</ele>
        <time>2026-05-09T21:41:53.789000Z</time>
      </trkpt>
      <trkpt lat="44.267017" lon="19.888774">
        <ele>184.4</ele>
        <time>2026-05-09T21:42:05.856000Z</time>
      </trkpt>
      <trkpt lat="44.267294" lon="19.887893">
        <ele>185</ele>
        <time>2026-05-09T21:42:18.333000Z</time>
      </trkpt>
      <trkpt lat="44.267217" lon="19.887788">
        <ele>185</ele>
        <time>2026-05-09T21:42:20.108000Z</time>
      </trkpt>
      <trkpt lat="44.26678" lon="19.889194">
        <ele>185.2</ele>
        <time>2026-05-09T21:42:36.836000Z</time>
      </trkpt>
      <trkpt lat="44.266641" lon="19.889646">
        <ele>185.1</ele>
        <time>2026-05-09T21:42:41.810000Z</time>
      </trkpt>
      <trkpt lat="44.266623" lon="19.889782">
        <ele>185.1</ele>
        <time>2026-05-09T21:42:43.233000Z</time>
      </trkpt>
      <trkpt lat="44.266513" lon="19.889894">
        <ele>185.1</ele>
        <time>2026-05-09T21:42:45.249000Z</time>
      </trkpt>
      <trkpt lat="44.266123" lon="19.890181">
        <ele>185.1</ele>
        <time>2026-05-09T21:42:51.998000Z</time>
      </trkpt>
      <trkpt lat="44.265354" lon="19.89066">
        <ele>185.3</ele>
        <time>2026-05-09T21:43:05.024000Z</time>
      </trkpt>
      <trkpt lat="44.265126" lon="19.890797">
        <ele>185.2</ele>
        <time>2026-05-09T21:43:08.573000Z</time>
      </trkpt>
      <trkpt lat="44.264243" lon="19.891338">
        <ele>185.1</ele>
        <time>2026-05-09T21:43:22.274000Z</time>
      </trkpt>
      <trkpt lat="44.264119" lon="19.891414">
        <ele>185</ele>
        <time>2026-05-09T21:43:24.159000Z</time>
      </trkpt>
      <trkpt lat="44.263886" lon="19.891536">
        <ele>185</ele>
        <time>2026-05-09T21:43:27.659000Z</time>
      </trkpt>
      <trkpt lat="44.263824" lon="19.891566">
        <ele>185</ele>
        <time>2026-05-09T21:43:28.578000Z</time>
      </trkpt>
      <trkpt lat="44.263643" lon="19.891597">
        <ele>184.9</ele>
        <time>2026-05-09T21:43:31.167000Z</time>
      </trkpt>
      <trkpt lat="44.263473" lon="19.89172">
        <ele>184.9</ele>
        <time>2026-05-09T21:43:33.902000Z</time>
      </trkpt>
      <trkpt lat="44.263388" lon="19.891877">
        <ele>184.9</ele>
        <time>2026-05-09T21:43:35.917000Z</time>
      </trkpt>
      <trkpt lat="44.263291" lon="19.892142">
        <ele>185</ele>
        <time>2026-05-09T21:43:39.396000Z</time>
      </trkpt>
      <trkpt lat="44.263248" lon="19.892579">
        <ele>185.2</ele>
        <time>2026-05-09T21:43:44.940000Z</time>
      </trkpt>
      <trkpt lat="44.263254" lon="19.893191">
        <ele>186</ele>
        <time>2026-05-09T21:43:54.892000Z</time>
      </trkpt>
      <trkpt lat="44.263263" lon="19.893354">
        <ele>186.4</ele>
        <time>2026-05-09T21:43:58.062000Z</time>
      </trkpt>
      <trkpt lat="44.263244" lon="19.893475">
        <ele>186.7</ele>
        <time>2026-05-09T21:44:00.697000Z</time>
      </trkpt>
      <trkpt lat="44.263203" lon="19.893522">
        <ele>186.9</ele>
        <time>2026-05-09T21:44:02.251000Z</time>
      </trkpt>
      <trkpt lat="44.263191" lon="19.893595">
        <ele>187.2</ele>
        <time>2026-05-09T21:44:03.994000Z</time>
      </trkpt>
      <trkpt lat="44.263215" lon="19.893664">
        <ele>187.4</ele>
        <time>2026-05-09T21:44:05.723000Z</time>
      </trkpt>
      <trkpt lat="44.26317" lon="19.893798">
        <ele>187.9</ele>
        <time>2026-05-09T21:44:09.307000Z</time>
      </trkpt>
      <trkpt lat="44.26312" lon="19.894117">
        <ele>189.2</ele>
        <time>2026-05-09T21:44:18.093000Z</time>
      </trkpt>
      <trkpt lat="44.26293" lon="19.894796">
        <ele>193.2</ele>
        <time>2026-05-09T21:44:41.782000Z</time>
      </trkpt>
      <trkpt lat="44.262822" lon="19.895182">
        <ele>195.6</ele>
        <time>2026-05-09T21:44:56.034000Z</time>
      </trkpt>
      <trkpt lat="44.262701" lon="19.895599">
        <ele>198.6</ele>
        <time>2026-05-09T21:45:12.545000Z</time>
      </trkpt>
      <trkpt lat="44.262621" lon="19.895814">
        <ele>200.2</ele>
        <time>2026-05-09T21:45:21.583000Z</time>
      </trkpt>
      <trkpt lat="44.2624" lon="19.896238">
        <ele>203.4</ele>
        <time>2026-05-09T21:45:40.297000Z</time>
      </trkpt>
      <trkpt lat="44.261998" lon="19.89697">
        <ele>208.6</ele>
        <time>2026-05-09T21:46:10.838000Z</time>
      </trkpt>
      <trkpt lat="44.261733" lon="19.897474">
        <ele>211.3</ele>
        <time>2026-05-09T21:46:28.387000Z</time>
      </trkpt>
      <trkpt lat="44.261625" lon="19.897669">
        <ele>212.4</ele>
        <time>2026-05-09T21:46:35.381000Z</time>
      </trkpt>
      <trkpt lat="44.26154" lon="19.89778">
        <ele>213.1</ele>
        <time>2026-05-09T21:46:39.948000Z</time>
      </trkpt>
      <trkpt lat="44.261438" lon="19.897979">
        <ele>214.1</ele>
        <time>2026-05-09T21:46:46.626000Z</time>
      </trkpt>
      <trkpt lat="44.261213" lon="19.898309">
        <ele>216</ele>
        <time>2026-05-09T21:46:59.032000Z</time>
      </trkpt>
      <trkpt lat="44.260668" lon="19.898956">
        <ele>220.4</ele>
        <time>2026-05-09T21:47:27.047000Z</time>
      </trkpt>
      <trkpt lat="44.260263" lon="19.899415">
        <ele>224.1</ele>
        <time>2026-05-09T21:47:49.583000Z</time>
      </trkpt>
      <trkpt lat="44.260099" lon="19.899597">
        <ele>225.7</ele>
        <time>2026-05-09T21:47:59.369000Z</time>
      </trkpt>
      <trkpt lat="44.259952" lon="19.899763">
        <ele>227.4</ele>
        <time>2026-05-09T21:48:08.700000Z</time>
      </trkpt>
      <trkpt lat="44.25968" lon="19.900071">
        <ele>230.7</ele>
        <time>2026-05-09T21:48:27.443000Z</time>
      </trkpt>
      <trkpt lat="44.259462" lon="19.900309">
        <ele>233.6</ele>
        <time>2026-05-09T21:48:42.950000Z</time>
      </trkpt>
      <trkpt lat="44.259267" lon="19.900541">
        <ele>236.2</ele>
        <time>2026-05-09T21:48:57.262000Z</time>
      </trkpt>
      <trkpt lat="44.258708" lon="19.901166">
        <ele>242.8</ele>
        <time>2026-05-09T21:49:34.557000Z</time>
      </trkpt>
      <trkpt lat="44.258602" lon="19.901279">
        <ele>243.9</ele>
        <time>2026-05-09T21:49:40.864000Z</time>
      </trkpt>
      <trkpt lat="44.258481" lon="19.901409">
        <ele>245.1</ele>
        <time>2026-05-09T21:49:47.820000Z</time>
      </trkpt>
      <trkpt lat="44.258234" lon="19.90157">
        <ele>246.9</ele>
        <time>2026-05-09T21:49:59.437000Z</time>
      </trkpt>
      <trkpt lat="44.258015" lon="19.901668">
        <ele>248.4</ele>
        <time>2026-05-09T21:50:08.611000Z</time>
      </trkpt>
      <trkpt lat="44.257334" lon="19.901997">
        <ele>252</ele>
        <time>2026-05-09T21:50:33.845000Z</time>
      </trkpt>
      <trkpt lat="44.257151" lon="19.902077">
        <ele>252.9</ele>
        <time>2026-05-09T21:50:40.343000Z</time>
      </trkpt>
      <trkpt lat="44.256655" lon="19.902283">
        <ele>255.8</ele>
        <time>2026-05-09T21:50:59.341000Z</time>
      </trkpt>
      <trkpt lat="44.256377" lon="19.9024">
        <ele>257.6</ele>
        <time>2026-05-09T21:51:11.055000Z</time>
      </trkpt>
      <trkpt lat="44.25633" lon="19.902416">
        <ele>257.9</ele>
        <time>2026-05-09T21:51:13.024000Z</time>
      </trkpt>
      <trkpt lat="44.255819" lon="19.902475">
        <ele>261.6</ele>
        <time>2026-05-09T21:51:35.603000Z</time>
      </trkpt>
      <trkpt lat="44.255544" lon="19.902485">
        <ele>263.7</ele>
        <time>2026-05-09T21:51:47.848000Z</time>
      </trkpt>
      <trkpt lat="44.255038" lon="19.902446">
        <ele>267.7</ele>
        <time>2026-05-09T21:52:11.641000Z</time>
      </trkpt>
      <trkpt lat="44.254328" lon="19.902292">
        <ele>272.7</ele>
        <time>2026-05-09T21:52:42.348000Z</time>
      </trkpt>
      <trkpt lat="44.253889" lon="19.902154">
        <ele>274.7</ele>
        <time>2026-05-09T21:52:56.988000Z</time>
      </trkpt>
      <trkpt lat="44.252908" lon="19.901913">
        <ele>276.5</ele>
        <time>2026-05-09T21:53:18.716000Z</time>
      </trkpt>
      <trkpt lat="44.2526" lon="19.901943">
        <ele>276.1</ele>
        <time>2026-05-09T21:53:22.414000Z</time>
      </trkpt>
      <trkpt lat="44.2525" lon="19.90198">
        <ele>276</ele>
        <time>2026-05-09T21:53:23.631000Z</time>
      </trkpt>
      <trkpt lat="44.252411" lon="19.90206">
        <ele>275.8</ele>
        <time>2026-05-09T21:53:24.899000Z</time>
      </trkpt>
      <trkpt lat="44.252279" lon="19.902327">
        <ele>275.6</ele>
        <time>2026-05-09T21:53:27.746000Z</time>
      </trkpt>
      <trkpt lat="44.251914" lon="19.902037">
        <ele>275.3</ele>
        <time>2026-05-09T21:53:33.177000Z</time>
      </trkpt>
      <trkpt lat="44.251515" lon="19.901799">
        <ele>275.2</ele>
        <time>2026-05-09T21:53:39.121000Z</time>
      </trkpt>
      <trkpt lat="44.250799" lon="19.901432">
        <ele>275.1</ele>
        <time>2026-05-09T21:53:50.063000Z</time>
      </trkpt>
      <trkpt lat="44.250525" lon="19.901298">
        <ele>275.4</ele>
        <time>2026-05-09T21:53:55.381000Z</time>
      </trkpt>
      <trkpt lat="44.25009" lon="19.900981">
        <ele>276.1</ele>
        <time>2026-05-09T21:54:05.695000Z</time>
      </trkpt>
      <trkpt lat="44.249749" lon="19.900656">
        <ele>277.1</ele>
        <time>2026-05-09T21:54:15.585000Z</time>
      </trkpt>
      <trkpt lat="44.249208" lon="19.900077">
        <ele>279.1</ele>
        <time>2026-05-09T21:54:33.812000Z</time>
      </trkpt>
      <trkpt lat="44.248749" lon="19.89955">
        <ele>281</ele>
        <time>2026-05-09T21:54:50.404000Z</time>
      </trkpt>
      <trkpt lat="44.247886" lon="19.898562">
        <ele>283.7</ele>
        <time>2026-05-09T21:55:17.695000Z</time>
      </trkpt>
      <trkpt lat="44.247544" lon="19.898217">
        <ele>284.4</ele>
        <time>2026-05-09T21:55:26.688000Z</time>
      </trkpt>
      <trkpt lat="44.247378" lon="19.898091">
        <ele>284.8</ele>
        <time>2026-05-09T21:55:31.029000Z</time>
      </trkpt>
      <trkpt lat="44.247002" lon="19.897867">
        <ele>285.8</ele>
        <time>2026-05-09T21:55:40.989000Z</time>
      </trkpt>
      <trkpt lat="44.245619" lon="19.897174">
        <ele>291.5</ele>
        <time>2026-05-09T21:56:25.580000Z</time>
      </trkpt>
      <trkpt lat="44.245113" lon="19.89696">
        <ele>293.6</ele>
        <time>2026-05-09T21:56:42.014000Z</time>
      </trkpt>
      <trkpt lat="44.244519" lon="19.896686">
        <ele>295.8</ele>
        <time>2026-05-09T21:57:00.045000Z</time>
      </trkpt>
      <trkpt lat="44.243889" lon="19.896195">
        <ele>297.8</ele>
        <time>2026-05-09T21:57:18.922000Z</time>
      </trkpt>
      <trkpt lat="44.243764" lon="19.896073">
        <ele>298.2</ele>
        <time>2026-05-09T21:57:22.711000Z</time>
      </trkpt>
      <trkpt lat="44.243288" lon="19.895599">
        <ele>299.8</ele>
        <time>2026-05-09T21:57:37.547000Z</time>
      </trkpt>
      <trkpt lat="44.242961" lon="19.895251">
        <ele>301.1</ele>
        <time>2026-05-09T21:57:49.167000Z</time>
      </trkpt>
      <trkpt lat="44.242682" lon="19.894965">
        <ele>302.3</ele>
        <time>2026-05-09T21:57:59.106000Z</time>
      </trkpt>
      <trkpt lat="44.242483" lon="19.894835">
        <ele>303.1</ele>
        <time>2026-05-09T21:58:05.552000Z</time>
      </trkpt>
      <trkpt lat="44.242161" lon="19.894807">
        <ele>304.2</ele>
        <time>2026-05-09T21:58:14.756000Z</time>
      </trkpt>
      <trkpt lat="44.241486" lon="19.894987">
        <ele>306.7</ele>
        <time>2026-05-09T21:58:34.828000Z</time>
      </trkpt>
      <trkpt lat="44.241232" lon="19.89512">
        <ele>307.5</ele>
        <time>2026-05-09T21:58:42.205000Z</time>
      </trkpt>
      <trkpt lat="44.240815" lon="19.895448">
        <ele>308.5</ele>
        <time>2026-05-09T21:58:53.320000Z</time>
      </trkpt>
      <trkpt lat="44.240319" lon="19.895841">
        <ele>309.2</ele>
        <time>2026-05-09T21:59:04.320000Z</time>
      </trkpt>
      <trkpt lat="44.239607" lon="19.896266">
        <ele>309.9</ele>
        <time>2026-05-09T21:59:18.603000Z</time>
      </trkpt>
      <trkpt lat="44.238968" lon="19.896573">
        <ele>311.1</ele>
        <time>2026-05-09T21:59:33.634000Z</time>
      </trkpt>
      <trkpt lat="44.238837" lon="19.896617">
        <ele>311.6</ele>
        <time>2026-05-09T21:59:37.562000Z</time>
      </trkpt>
      <trkpt lat="44.238358" lon="19.896732">
        <ele>314</ele>
        <time>2026-05-09T21:59:54.142000Z</time>
      </trkpt>
      <trkpt lat="44.237959" lon="19.896831">
        <ele>316.4</ele>
        <time>2026-05-09T22:00:09.807000Z</time>
      </trkpt>
      <trkpt lat="44.237868" lon="19.896854">
        <ele>316.9</ele>
        <time>2026-05-09T22:00:13.481000Z</time>
      </trkpt>
      <trkpt lat="44.237579" lon="19.896924">
        <ele>318.7</ele>
        <time>2026-05-09T22:00:25.001000Z</time>
      </trkpt>
      <trkpt lat="44.237182" lon="19.89702">
        <ele>321.1</ele>
        <time>2026-05-09T22:00:40.394000Z</time>
      </trkpt>
      <trkpt lat="44.236881" lon="19.89714">
        <ele>322.6</ele>
        <time>2026-05-09T22:00:51.302000Z</time>
      </trkpt>
      <trkpt lat="44.235778" lon="19.897729">
        <ele>325.2</ele>
        <time>2026-05-09T22:01:18.996000Z</time>
      </trkpt>
      <trkpt lat="44.235314" lon="19.898026">
        <ele>325.3</ele>
        <time>2026-05-09T22:01:27.073000Z</time>
      </trkpt>
      <trkpt lat="44.234832" lon="19.898383">
        <ele>325.3</ele>
        <time>2026-05-09T22:01:35.131000Z</time>
      </trkpt>
      <trkpt lat="44.234265" lon="19.898853">
        <ele>325.8</ele>
        <time>2026-05-09T22:01:46.807000Z</time>
      </trkpt>
      <trkpt lat="44.233905" lon="19.899095">
        <ele>326.7</ele>
        <time>2026-05-09T22:01:56.491000Z</time>
      </trkpt>
      <trkpt lat="44.233596" lon="19.899246">
        <ele>328.1</ele>
        <time>2026-05-09T22:02:06.700000Z</time>
      </trkpt>
      <trkpt lat="44.233069" lon="19.899438">
        <ele>331.4</ele>
        <time>2026-05-09T22:02:28.236000Z</time>
      </trkpt>
      <trkpt lat="44.232071" lon="19.899773">
        <ele>341.5</ele>
        <time>2026-05-09T22:03:23.871000Z</time>
      </trkpt>
      <trkpt lat="44.231102" lon="19.900274">
        <ele>354.1</ele>
        <time>2026-05-09T22:04:30.152000Z</time>
      </trkpt>
      <trkpt lat="44.23065" lon="19.900527">
        <ele>360.1</ele>
        <time>2026-05-09T22:05:01.644000Z</time>
      </trkpt>
      <trkpt lat="44.230137" lon="19.901005">
        <ele>367.4</ele>
        <time>2026-05-09T22:05:40.256000Z</time>
      </trkpt>
      <trkpt lat="44.229982" lon="19.901093">
        <ele>369.3</ele>
        <time>2026-05-09T22:05:50.152000Z</time>
      </trkpt>
      <trkpt lat="44.229845" lon="19.901132">
        <ele>370.8</ele>
        <time>2026-05-09T22:05:58.233000Z</time>
      </trkpt>
      <trkpt lat="44.229296" lon="19.901164">
        <ele>376.2</ele>
        <time>2026-05-09T22:06:28.047000Z</time>
      </trkpt>
      <trkpt lat="44.228892" lon="19.901054">
        <ele>380</ele>
        <time>2026-05-09T22:06:49.437000Z</time>
      </trkpt>
      <trkpt lat="44.228497" lon="19.900819">
        <ele>383.7</ele>
        <time>2026-05-09T22:07:10.800000Z</time>
      </trkpt>
      <trkpt lat="44.227666" lon="19.899987">
        <ele>391.8</ele>
        <time>2026-05-09T22:07:58.672000Z</time>
      </trkpt>
      <trkpt lat="44.2264" lon="19.898665">
        <ele>404.6</ele>
        <time>2026-05-09T22:09:13.307000Z</time>
      </trkpt>
      <trkpt lat="44.226166" lon="19.898415">
        <ele>406.9</ele>
        <time>2026-05-09T22:09:26.848000Z</time>
      </trkpt>
      <trkpt lat="44.225994" lon="19.898143">
        <ele>408.8</ele>
        <time>2026-05-09T22:09:38.336000Z</time>
      </trkpt>
      <trkpt lat="44.225752" lon="19.897442">
        <ele>412.3</ele>
        <time>2026-05-09T22:10:00.864000Z</time>
      </trkpt>
      <trkpt lat="44.225598" lon="19.897087">
        <ele>413.9</ele>
        <time>2026-05-09T22:10:11.461000Z</time>
      </trkpt>
      <trkpt lat="44.22544" lon="19.89689">
        <ele>414.7</ele>
        <time>2026-05-09T22:10:18.088000Z</time>
      </trkpt>
      <trkpt lat="44.225014" lon="19.896516">
        <ele>416.2</ele>
        <time>2026-05-09T22:10:31.185000Z</time>
      </trkpt>
      <trkpt lat="44.224875" lon="19.896356">
        <ele>416.5</ele>
        <time>2026-05-09T22:10:35.366000Z</time>
      </trkpt>
      <trkpt lat="44.224685" lon="19.896036">
        <ele>417.1</ele>
        <time>2026-05-09T22:10:41.871000Z</time>
      </trkpt>
      <trkpt lat="44.224334" lon="19.895212">
        <ele>417.7</ele>
        <time>2026-05-09T22:10:54.784000Z</time>
      </trkpt>
      <trkpt lat="44.224139" lon="19.894837">
        <ele>417.8</ele>
        <time>2026-05-09T22:10:59.828000Z</time>
      </trkpt>
      <trkpt lat="44.223737" lon="19.89424">
        <ele>417.8</ele>
        <time>2026-05-09T22:11:08.619000Z</time>
      </trkpt>
      <trkpt lat="44.223356" lon="19.893833">
        <ele>418</ele>
        <time>2026-05-09T22:11:16.414000Z</time>
      </trkpt>
      <trkpt lat="44.222521" lon="19.893111">
        <ele>421.6</ele>
        <time>2026-05-09T22:11:45.468000Z</time>
      </trkpt>
      <trkpt lat="44.222157" lon="19.892801">
        <ele>424.2</ele>
        <time>2026-05-09T22:12:02.366000Z</time>
      </trkpt>
      <trkpt lat="44.221864" lon="19.892463">
        <ele>426.4</ele>
        <time>2026-05-09T22:12:16.927000Z</time>
      </trkpt>
      <trkpt lat="44.221546" lon="19.891974">
        <ele>428.7</ele>
        <time>2026-05-09T22:12:32.864000Z</time>
      </trkpt>
      <trkpt lat="44.221403" lon="19.891711">
        <ele>429.3</ele>
        <time>2026-05-09T22:12:38.973000Z</time>
      </trkpt>
      <trkpt lat="44.221237" lon="19.891204">
        <ele>429.6</ele>
        <time>2026-05-09T22:12:45.994000Z</time>
      </trkpt>
      <trkpt lat="44.221191" lon="19.891031">
        <ele>429.5</ele>
        <time>2026-05-09T22:12:47.733000Z</time>
      </trkpt>
      <trkpt lat="44.220776" lon="19.889599">
        <ele>427.2</ele>
        <time>2026-05-09T22:12:59.797000Z</time>
      </trkpt>
      <trkpt lat="44.220601" lon="19.889078">
        <ele>426.2</ele>
        <time>2026-05-09T22:13:04.203000Z</time>
      </trkpt>
      <trkpt lat="44.220396" lon="19.888674">
        <ele>425.7</ele>
        <time>2026-05-09T22:13:08.335000Z</time>
      </trkpt>
      <trkpt lat="44.220045" lon="19.888162">
        <ele>425.6</ele>
        <time>2026-05-09T22:13:15.494000Z</time>
      </trkpt>
      <trkpt lat="44.219891" lon="19.887996">
        <ele>425.7</ele>
        <time>2026-05-09T22:13:18.634000Z</time>
      </trkpt>
      <trkpt lat="44.21954" lon="19.887706">
        <ele>425.7</ele>
        <time>2026-05-09T22:13:24.711000Z</time>
      </trkpt>
      <trkpt lat="44.219322" lon="19.887615">
        <ele>425.6</ele>
        <time>2026-05-09T22:13:27.789000Z</time>
      </trkpt>
      <trkpt lat="44.219148" lon="19.887626">
        <ele>425.5</ele>
        <time>2026-05-09T22:13:29.945000Z</time>
      </trkpt>
      <trkpt lat="44.219021" lon="19.887684">
        <ele>425.3</ele>
        <time>2026-05-09T22:13:31.562000Z</time>
      </trkpt>
      <trkpt lat="44.218482" lon="19.888128">
        <ele>424</ele>
        <time>2026-05-09T22:13:38.415000Z</time>
      </trkpt>
      <trkpt lat="44.218236" lon="19.888285">
        <ele>423.3</ele>
        <time>2026-05-09T22:13:41.236000Z</time>
      </trkpt>
      <trkpt lat="44.217976" lon="19.888401">
        <ele>422.5</ele>
        <time>2026-05-09T22:13:44.063000Z</time>
      </trkpt>
      <trkpt lat="44.217691" lon="19.888434">
        <ele>421.8</ele>
        <time>2026-05-09T22:13:47.098000Z</time>
      </trkpt>
      <trkpt lat="44.216661" lon="19.888453">
        <ele>421.9</ele>
        <time>2026-05-09T22:14:02.690000Z</time>
      </trkpt>
      <trkpt lat="44.216017" lon="19.888457">
        <ele>423.5</ele>
        <time>2026-05-09T22:14:18.552000Z</time>
      </trkpt>
      <trkpt lat="44.215715" lon="19.888552">
        <ele>424.6</ele>
        <time>2026-05-09T22:14:27.409000Z</time>
      </trkpt>
      <trkpt lat="44.21509" lon="19.889077">
        <ele>427.4</ele>
        <time>2026-05-09T22:14:49.493000Z</time>
      </trkpt>
      <trkpt lat="44.214832" lon="19.889211">
        <ele>428.5</ele>
        <time>2026-05-09T22:14:57.998000Z</time>
      </trkpt>
      <trkpt lat="44.214693" lon="19.88923">
        <ele>429.1</ele>
        <time>2026-05-09T22:15:02.580000Z</time>
      </trkpt>
      <trkpt lat="44.214087" lon="19.889187">
        <ele>432.4</ele>
        <time>2026-05-09T22:15:24.703000Z</time>
      </trkpt>
      <trkpt lat="44.213796" lon="19.889149">
        <ele>434.2</ele>
        <time>2026-05-09T22:15:36.427000Z</time>
      </trkpt>
      <trkpt lat="44.213337" lon="19.888993">
        <ele>437.1</ele>
        <time>2026-05-09T22:15:55.101000Z</time>
      </trkpt>
      <trkpt lat="44.212572" lon="19.888696">
        <ele>442.1</ele>
        <time>2026-05-09T22:16:26.708000Z</time>
      </trkpt>
      <trkpt lat="44.211347" lon="19.888426">
        <ele>448.2</ele>
        <time>2026-05-09T22:17:09.537000Z</time>
      </trkpt>
      <trkpt lat="44.211082" lon="19.88833">
        <ele>449.5</ele>
        <time>2026-05-09T22:17:18.942000Z</time>
      </trkpt>
      <trkpt lat="44.210724" lon="19.888146">
        <ele>451.5</ele>
        <time>2026-05-09T22:17:32.711000Z</time>
      </trkpt>
      <trkpt lat="44.210436" lon="19.887927">
        <ele>453.5</ele>
        <time>2026-05-09T22:17:45.514000Z</time>
      </trkpt>
      <trkpt lat="44.21" lon="19.887368">
        <ele>457.8</ele>
        <time>2026-05-09T22:18:11.358000Z</time>
      </trkpt>
      <trkpt lat="44.209748" lon="19.887176">
        <ele>460.2</ele>
        <time>2026-05-09T22:18:25.165000Z</time>
      </trkpt>
      <trkpt lat="44.209528" lon="19.887132">
        <ele>462</ele>
        <time>2026-05-09T22:18:35.774000Z</time>
      </trkpt>
      <trkpt lat="44.208306" lon="19.887123">
        <ele>472</ele>
        <time>2026-05-09T22:19:34.088000Z</time>
      </trkpt>
      <trkpt lat="44.207824" lon="19.887009">
        <ele>475.9</ele>
        <time>2026-05-09T22:19:56.976000Z</time>
      </trkpt>
      <trkpt lat="44.207127" lon="19.886709">
        <ele>481.5</ele>
        <time>2026-05-09T22:20:30.376000Z</time>
      </trkpt>
      <trkpt lat="44.206593" lon="19.886311">
        <ele>485.5</ele>
        <time>2026-05-09T22:20:55.292000Z</time>
      </trkpt>
      <trkpt lat="44.205935" lon="19.885939">
        <ele>488.6</ele>
        <time>2026-05-09T22:21:18.368000Z</time>
      </trkpt>
      <trkpt lat="44.205684" lon="19.885699">
        <ele>489.4</ele>
        <time>2026-05-09T22:21:26.070000Z</time>
      </trkpt>
      <trkpt lat="44.205534" lon="19.885521">
        <ele>489.7</ele>
        <time>2026-05-09T22:21:30.313000Z</time>
      </trkpt>
      <trkpt lat="44.205405" lon="19.88538">
        <ele>490</ele>
        <time>2026-05-09T22:21:33.565000Z</time>
      </trkpt>
      <trkpt lat="44.205087" lon="19.885033">
        <ele>490.2</ele>
        <time>2026-05-09T22:21:40.652000Z</time>
      </trkpt>
      <trkpt lat="44.204504" lon="19.884373">
        <ele>491.3</ele>
        <time>2026-05-09T22:21:56.251000Z</time>
      </trkpt>
      <trkpt lat="44.204256" lon="19.884088">
        <ele>492.5</ele>
        <time>2026-05-09T22:22:05.626000Z</time>
      </trkpt>
      <trkpt lat="44.203762" lon="19.883471">
        <ele>495.8</ele>
        <time>2026-05-09T22:22:28.563000Z</time>
      </trkpt>
      <trkpt lat="44.203599" lon="19.883314">
        <ele>496.7</ele>
        <time>2026-05-09T22:22:35.152000Z</time>
      </trkpt>
      <trkpt lat="44.203502" lon="19.883269">
        <ele>497.1</ele>
        <time>2026-05-09T22:22:38.394000Z</time>
      </trkpt>
      <trkpt lat="44.203306" lon="19.883256">
        <ele>497.9</ele>
        <time>2026-05-09T22:22:44.358000Z</time>
      </trkpt>
      <trkpt lat="44.203127" lon="19.883318">
        <ele>498.5</ele>
        <time>2026-05-09T22:22:49.504000Z</time>
      </trkpt>
      <trkpt lat="44.202921" lon="19.883448">
        <ele>499</ele>
        <time>2026-05-09T22:22:55.037000Z</time>
      </trkpt>
      <trkpt lat="44.202598" lon="19.883756">
        <ele>499.5</ele>
        <time>2026-05-09T22:23:02.938000Z</time>
      </trkpt>
      <trkpt lat="44.202492" lon="19.883819">
        <ele>499.6</ele>
        <time>2026-05-09T22:23:04.802000Z</time>
      </trkpt>
      <trkpt lat="44.202393" lon="19.883827">
        <ele>499.6</ele>
        <time>2026-05-09T22:23:06.246000Z</time>
      </trkpt>
      <trkpt lat="44.202277" lon="19.883795">
        <ele>499.5</ele>
        <time>2026-05-09T22:23:07.846000Z</time>
      </trkpt>
      <trkpt lat="44.202043" lon="19.883637">
        <ele>499.3</ele>
        <time>2026-05-09T22:23:11.101000Z</time>
      </trkpt>
      <trkpt lat="44.201662" lon="19.883181">
        <ele>498.9</ele>
        <time>2026-05-09T22:23:17.473000Z</time>
      </trkpt>
      <trkpt lat="44.201488" lon="19.882923">
        <ele>498.9</ele>
        <time>2026-05-09T22:23:21.223000Z</time>
      </trkpt>
      <trkpt lat="44.201325" lon="19.882599">
        <ele>499.1</ele>
        <time>2026-05-09T22:23:26.073000Z</time>
      </trkpt>
      <trkpt lat="44.201156" lon="19.882075">
        <ele>499.4</ele>
        <time>2026-05-09T22:23:33.494000Z</time>
      </trkpt>
      <trkpt lat="44.20097" lon="19.881052">
        <ele>500.5</ele>
        <time>2026-05-09T22:23:49.129000Z</time>
      </trkpt>
      <trkpt lat="44.200863" lon="19.880751">
        <ele>501.1</ele>
        <time>2026-05-09T22:23:54.904000Z</time>
      </trkpt>
      <trkpt lat="44.200742" lon="19.880556">
        <ele>501.6</ele>
        <time>2026-05-09T22:23:59.621000Z</time>
      </trkpt>
      <trkpt lat="44.200467" lon="19.880234">
        <ele>502.6</ele>
        <time>2026-05-09T22:24:09.223000Z</time>
      </trkpt>
      <trkpt lat="44.200311" lon="19.880135">
        <ele>503.1</ele>
        <time>2026-05-09T22:24:13.784000Z</time>
      </trkpt>
      <trkpt lat="44.200201" lon="19.880103">
        <ele>503.5</ele>
        <time>2026-05-09T22:24:16.726000Z</time>
      </trkpt>
      <trkpt lat="44.200012" lon="19.880157">
        <ele>504</ele>
        <time>2026-05-09T22:24:21.784000Z</time>
      </trkpt>
      <trkpt lat="44.199714" lon="19.880385">
        <ele>505</ele>
        <time>2026-05-09T22:24:30.667000Z</time>
      </trkpt>
      <trkpt lat="44.199612" lon="19.880406">
        <ele>505.2</ele>
        <time>2026-05-09T22:24:33.208000Z</time>
      </trkpt>
      <trkpt lat="44.19947" lon="19.880356">
        <ele>505.5</ele>
        <time>2026-05-09T22:24:36.634000Z</time>
      </trkpt>
      <trkpt lat="44.19923" lon="19.880146">
        <ele>506</ele>
        <time>2026-05-09T22:24:42.524000Z</time>
      </trkpt>
      <trkpt lat="44.19901" lon="19.87987">
        <ele>506.1</ele>
        <time>2026-05-09T22:24:47.300000Z</time>
      </trkpt>
      <trkpt lat="44.198795" lon="19.879505">
        <ele>506.2</ele>
        <time>2026-05-09T22:24:52.736000Z</time>
      </trkpt>
      <trkpt lat="44.198607" lon="19.879077">
        <ele>506.8</ele>
        <time>2026-05-09T22:25:00.705000Z</time>
      </trkpt>
      <trkpt lat="44.198377" lon="19.878539">
        <ele>508.2</ele>
        <time>2026-05-09T22:25:12.983000Z</time>
      </trkpt>
      <trkpt lat="44.198293" lon="19.878335">
        <ele>508.9</ele>
        <time>2026-05-09T22:25:18.392000Z</time>
      </trkpt>
      <trkpt lat="44.198077" lon="19.877873">
        <ele>511.1</ele>
        <time>2026-05-09T22:25:32.981000Z</time>
      </trkpt>
      <trkpt lat="44.197955" lon="19.877726">
        <ele>512.2</ele>
        <time>2026-05-09T22:25:39.713000Z</time>
      </trkpt>
      <trkpt lat="44.197836" lon="19.877646">
        <ele>513.1</ele>
        <time>2026-05-09T22:25:45.412000Z</time>
      </trkpt>
      <trkpt lat="44.197679" lon="19.877596">
        <ele>514.3</ele>
        <time>2026-05-09T22:25:52.486000Z</time>
      </trkpt>
      <trkpt lat="44.197231" lon="19.877539">
        <ele>517.4</ele>
        <time>2026-05-09T22:26:11.384000Z</time>
      </trkpt>
      <trkpt lat="44.197116" lon="19.877481">
        <ele>518</ele>
        <time>2026-05-09T22:26:15.754000Z</time>
      </trkpt>
      <trkpt lat="44.196915" lon="19.877322">
        <ele>518.9</ele>
        <time>2026-05-09T22:26:22.772000Z</time>
      </trkpt>
      <trkpt lat="44.196389" lon="19.876839">
        <ele>519.8</ele>
        <time>2026-05-09T22:26:35.896000Z</time>
      </trkpt>
      <trkpt lat="44.196214" lon="19.87662">
        <ele>519.6</ele>
        <time>2026-05-09T22:26:38.705000Z</time>
      </trkpt>
      <trkpt lat="44.195483" lon="19.875537">
        <ele>515.6</ele>
        <time>2026-05-09T22:26:49.249000Z</time>
      </trkpt>
      <trkpt lat="44.195357" lon="19.87539">
        <ele>514.9</ele>
        <time>2026-05-09T22:26:50.843000Z</time>
      </trkpt>
      <trkpt lat="44.195119" lon="19.875207">
        <ele>513.8</ele>
        <time>2026-05-09T22:26:53.501000Z</time>
      </trkpt>
      <trkpt lat="44.194319" lon="19.874949">
        <ele>510.8</ele>
        <time>2026-05-09T22:27:01.646000Z</time>
      </trkpt>
      <trkpt lat="44.193772" lon="19.874522">
        <ele>508.9</ele>
        <time>2026-05-09T22:27:08.034000Z</time>
      </trkpt>
      <trkpt lat="44.193663" lon="19.874489">
        <ele>508.6</ele>
        <time>2026-05-09T22:27:09.172000Z</time>
      </trkpt>
      <trkpt lat="44.193443" lon="19.874497">
        <ele>507.9</ele>
        <time>2026-05-09T22:27:11.460000Z</time>
      </trkpt>
      <trkpt lat="44.192795" lon="19.874621">
        <ele>507</ele>
        <time>2026-05-09T22:27:18.998000Z</time>
      </trkpt>
      <trkpt lat="44.192501" lon="19.874596">
        <ele>507.1</ele>
        <time>2026-05-09T22:27:23.838000Z</time>
      </trkpt>
      <trkpt lat="44.19199" lon="19.874306">
        <ele>508.7</ele>
        <time>2026-05-09T22:27:38.489000Z</time>
      </trkpt>
      <trkpt lat="44.191724" lon="19.874234">
        <ele>510</ele>
        <time>2026-05-09T22:27:47.557000Z</time>
      </trkpt>
      <trkpt lat="44.190907" lon="19.874322">
        <ele>515</ele>
        <time>2026-05-09T22:28:19.948000Z</time>
      </trkpt>
      <trkpt lat="44.190534" lon="19.874454">
        <ele>517</ele>
        <time>2026-05-09T22:28:33.397000Z</time>
      </trkpt>
      <trkpt lat="44.190372" lon="19.874453">
        <ele>517.5</ele>
        <time>2026-05-09T22:28:37.920000Z</time>
      </trkpt>
      <trkpt lat="44.190257" lon="19.874387">
        <ele>517.8</ele>
        <time>2026-05-09T22:28:41.029000Z</time>
      </trkpt>
      <trkpt lat="44.189891" lon="19.8739">
        <ele>518.2</ele>
        <time>2026-05-09T22:28:49.970000Z</time>
      </trkpt>
      <trkpt lat="44.189844" lon="19.873861">
        <ele>518.1</ele>
        <time>2026-05-09T22:28:50.614000Z</time>
      </trkpt>
      <trkpt lat="44.189679" lon="19.873792">
        <ele>517.7</ele>
        <time>2026-05-09T22:28:52.448000Z</time>
      </trkpt>
      <trkpt lat="44.189539" lon="19.873822">
        <ele>517.1</ele>
        <time>2026-05-09T22:28:53.836000Z</time>
      </trkpt>
      <trkpt lat="44.189018" lon="19.874227">
        <ele>512.9</ele>
        <time>2026-05-09T22:28:59.182000Z</time>
      </trkpt>
      <trkpt lat="44.18848" lon="19.874395">
        <ele>508.5</ele>
        <time>2026-05-09T22:29:04.055000Z</time>
      </trkpt>
      <trkpt lat="44.188224" lon="19.874501">
        <ele>506.5</ele>
        <time>2026-05-09T22:29:06.438000Z</time>
      </trkpt>
      <trkpt lat="44.187913" lon="19.874675">
        <ele>504.1</ele>
        <time>2026-05-09T22:29:09.435000Z</time>
      </trkpt>
      <trkpt lat="44.187616" lon="19.874979">
        <ele>501.9</ele>
        <time>2026-05-09T22:29:12.797000Z</time>
      </trkpt>
      <trkpt lat="44.18728" lon="19.875415">
        <ele>500.1</ele>
        <time>2026-05-09T22:29:17.310000Z</time>
      </trkpt>
      <trkpt lat="44.187014" lon="19.875761">
        <ele>499.3</ele>
        <time>2026-05-09T22:29:21.223000Z</time>
      </trkpt>
      <trkpt lat="44.186685" lon="19.87629">
        <ele>498.2</ele>
        <time>2026-05-09T22:29:26.693000Z</time>
      </trkpt>
      <trkpt lat="44.185652" lon="19.877919">
        <ele>497.2</ele>
        <time>2026-05-09T22:29:46.853000Z</time>
      </trkpt>
      <trkpt lat="44.185165" lon="19.878746">
        <ele>497.9</ele>
        <time>2026-05-09T22:30:01.103000Z</time>
      </trkpt>
      <trkpt lat="44.18501" lon="19.879146">
        <ele>498.5</ele>
        <time>2026-05-09T22:30:08.062000Z</time>
      </trkpt>
      <trkpt lat="44.18494" lon="19.879571">
        <ele>499.1</ele>
        <time>2026-05-09T22:30:15.259000Z</time>
      </trkpt>
      <trkpt lat="44.184867" lon="19.879688">
        <ele>499.4</ele>
        <time>2026-05-09T22:30:17.991000Z</time>
      </trkpt>
      <trkpt lat="44.184791" lon="19.879727">
        <ele>499.6</ele>
        <time>2026-05-09T22:30:20.017000Z</time>
      </trkpt>
      <trkpt lat="44.184414" lon="19.879699">
        <ele>500.7</ele>
        <time>2026-05-09T22:30:30.172000Z</time>
      </trkpt>
      <trkpt lat="44.184333" lon="19.879719">
        <ele>501</ele>
        <time>2026-05-09T22:30:32.412000Z</time>
      </trkpt>
      <trkpt lat="44.183333" lon="19.880264">
        <ele>504.8</ele>
        <time>2026-05-09T22:31:03.772000Z</time>
      </trkpt>
      <trkpt lat="44.18323" lon="19.880284">
        <ele>505.2</ele>
        <time>2026-05-09T22:31:06.841000Z</time>
      </trkpt>
      <trkpt lat="44.18278" lon="19.880257">
        <ele>506.7</ele>
        <time>2026-05-09T22:31:19.353000Z</time>
      </trkpt>
      <trkpt lat="44.182636" lon="19.880184">
        <ele>507.1</ele>
        <time>2026-05-09T22:31:23.279000Z</time>
      </trkpt>
      <trkpt lat="44.182559" lon="19.88009">
        <ele>507.3</ele>
        <time>2026-05-09T22:31:25.754000Z</time>
      </trkpt>
      <trkpt lat="44.182531" lon="19.879973">
        <ele>507.5</ele>
        <time>2026-05-09T22:31:27.807000Z</time>
      </trkpt>
      <trkpt lat="44.182551" lon="19.879776">
        <ele>507.8</ele>
        <time>2026-05-09T22:31:30.958000Z</time>
      </trkpt>
      <trkpt lat="44.182682" lon="19.879635">
        <ele>508</ele>
        <time>2026-05-09T22:31:34.318000Z</time>
      </trkpt>
      <trkpt lat="44.182995" lon="19.879442">
        <ele>508.1</ele>
        <time>2026-05-09T22:31:39.733000Z</time>
      </trkpt>
      <trkpt lat="44.183217" lon="19.879089">
        <ele>507.7</ele>
        <time>2026-05-09T22:31:43.739000Z</time>
      </trkpt>
      <trkpt lat="44.183417" lon="19.878926">
        <ele>507.3</ele>
        <time>2026-05-09T22:31:46.330000Z</time>
      </trkpt>
      <trkpt lat="44.183727" lon="19.878541">
        <ele>506.7</ele>
        <time>2026-05-09T22:31:51.126000Z</time>
      </trkpt>
      <trkpt lat="44.183837" lon="19.87837">
        <ele>506.4</ele>
        <time>2026-05-09T22:31:53.080000Z</time>
      </trkpt>
      <trkpt lat="44.183882" lon="19.878234">
        <ele>506.3</ele>
        <time>2026-05-09T22:31:54.363000Z</time>
      </trkpt>
      <trkpt lat="44.183906" lon="19.878001">
        <ele>506.1</ele>
        <time>2026-05-09T22:31:56.392000Z</time>
      </trkpt>
      <trkpt lat="44.183895" lon="19.877803">
        <ele>506</ele>
        <time>2026-05-09T22:31:58.126000Z</time>
      </trkpt>
      <trkpt lat="44.183662" lon="19.876921">
        <ele>505.4</ele>
        <time>2026-05-09T22:32:06.568000Z</time>
      </trkpt>
      <trkpt lat="44.183889" lon="19.876404">
        <ele>504.9</ele>
        <time>2026-05-09T22:32:11.787000Z</time>
      </trkpt>
      <trkpt lat="44.184213" lon="19.875757">
        <ele>503</ele>
        <time>2026-05-09T22:32:17.496000Z</time>
      </trkpt>
      <trkpt lat="44.184228" lon="19.875545">
        <ele>502.2</ele>
        <time>2026-05-09T22:32:18.904000Z</time>
      </trkpt>
      <trkpt lat="44.184198" lon="19.875205">
        <ele>500.4</ele>
        <time>2026-05-09T22:32:21.098000Z</time>
      </trkpt>
      <trkpt lat="44.184221" lon="19.874987">
        <ele>499.1</ele>
        <time>2026-05-09T22:32:22.489000Z</time>
      </trkpt>
      <trkpt lat="44.184274" lon="19.874866">
        <ele>498.1</ele>
        <time>2026-05-09T22:32:23.369000Z</time>
      </trkpt>
      <trkpt lat="44.18442" lon="19.874652">
        <ele>496.1</ele>
        <time>2026-05-09T22:32:25.195000Z</time>
      </trkpt>
      <trkpt lat="44.184495" lon="19.874482">
        <ele>494.6</ele>
        <time>2026-05-09T22:32:26.425000Z</time>
      </trkpt>
      <trkpt lat="44.184583" lon="19.873931">
        <ele>490.3</ele>
        <time>2026-05-09T22:32:29.889000Z</time>
      </trkpt>
      <trkpt lat="44.184581" lon="19.873597">
        <ele>488</ele>
        <time>2026-05-09T22:32:31.961000Z</time>
      </trkpt>
      <trkpt lat="44.184495" lon="19.873369">
        <ele>486.5</ele>
        <time>2026-05-09T22:32:33.583000Z</time>
      </trkpt>
      <trkpt lat="44.184409" lon="19.873264">
        <ele>485.6</ele>
        <time>2026-05-09T22:32:34.591000Z</time>
      </trkpt>
      <trkpt lat="44.184316" lon="19.873207">
        <ele>484.8</ele>
        <time>2026-05-09T22:32:35.498000Z</time>
      </trkpt>
      <trkpt lat="44.184106" lon="19.873191">
        <ele>483.5</ele>
        <time>2026-05-09T22:32:37.420000Z</time>
      </trkpt>
      <trkpt lat="44.183389" lon="19.873252">
        <ele>481.3</ele>
        <time>2026-05-09T22:32:44.749000Z</time>
      </trkpt>
      <trkpt lat="44.182951" lon="19.873323">
        <ele>480.9</ele>
        <time>2026-05-09T22:32:50.254000Z</time>
      </trkpt>
      <trkpt lat="44.182433" lon="19.873488">
        <ele>481.2</ele>
        <time>2026-05-09T22:32:59.085000Z</time>
      </trkpt>
      <trkpt lat="44.182172" lon="19.873633">
        <ele>481.7</ele>
        <time>2026-05-09T22:33:05.517000Z</time>
      </trkpt>
      <trkpt lat="44.181827" lon="19.873907">
        <ele>483.1</ele>
        <time>2026-05-09T22:33:16.774000Z</time>
      </trkpt>
      <trkpt lat="44.181164" lon="19.874481">
        <ele>488.2</ele>
        <time>2026-05-09T22:33:48.797000Z</time>
      </trkpt>
      <trkpt lat="44.180607" lon="19.874799">
        <ele>492.7</ele>
        <time>2026-05-09T22:34:15.968000Z</time>
      </trkpt>
      <trkpt lat="44.180499" lon="19.874824">
        <ele>493.3</ele>
        <time>2026-05-09T22:34:19.994000Z</time>
      </trkpt>
      <trkpt lat="44.180434" lon="19.87479">
        <ele>493.6</ele>
        <time>2026-05-09T22:34:22.272000Z</time>
      </trkpt>
      <trkpt lat="44.180371" lon="19.874674">
        <ele>494</ele>
        <time>2026-05-09T22:34:25.427000Z</time>
      </trkpt>
      <trkpt lat="44.180363" lon="19.874541">
        <ele>494.3</ele>
        <time>2026-05-09T22:34:27.960000Z</time>
      </trkpt>
      <trkpt lat="44.1806" lon="19.873681">
        <ele>494.1</ele>
        <time>2026-05-09T22:34:36.925000Z</time>
      </trkpt>
      <trkpt lat="44.180713" lon="19.873175">
        <ele>492.7</ele>
        <time>2026-05-09T22:34:40.711000Z</time>
      </trkpt>
      <trkpt lat="44.180764" lon="19.872818">
        <ele>491.2</ele>
        <time>2026-05-09T22:34:43.108000Z</time>
      </trkpt>
      <trkpt lat="44.180735" lon="19.872636">
        <ele>490.3</ele>
        <time>2026-05-09T22:34:44.317000Z</time>
      </trkpt>
      <trkpt lat="44.180687" lon="19.872517">
        <ele>489.6</ele>
        <time>2026-05-09T22:34:45.190000Z</time>
      </trkpt>
      <trkpt lat="44.180352" lon="19.872121">
        <ele>486</ele>
        <time>2026-05-09T22:34:49.060000Z</time>
      </trkpt>
      <trkpt lat="44.179869" lon="19.871491">
        <ele>480.6</ele>
        <time>2026-05-09T22:34:54.884000Z</time>
      </trkpt>
      <trkpt lat="44.179679" lon="19.871364">
        <ele>479.1</ele>
        <time>2026-05-09T22:34:56.779000Z</time>
      </trkpt>
      <trkpt lat="44.179505" lon="19.871377">
        <ele>477.9</ele>
        <time>2026-05-09T22:34:58.341000Z</time>
      </trkpt>
      <trkpt lat="44.179375" lon="19.871461">
        <ele>476.8</ele>
        <time>2026-05-09T22:34:59.619000Z</time>
      </trkpt>
      <trkpt lat="44.17897" lon="19.871897">
        <ele>473.5</ele>
        <time>2026-05-09T22:35:04.259000Z</time>
      </trkpt>
      <trkpt lat="44.178382" lon="19.872474">
        <ele>469.9</ele>
        <time>2026-05-09T22:35:11.045000Z</time>
      </trkpt>
      <trkpt lat="44.177819" lon="19.872891">
        <ele>467.1</ele>
        <time>2026-05-09T22:35:17.169000Z</time>
      </trkpt>
      <trkpt lat="44.177561" lon="19.873038">
        <ele>465.8</ele>
        <time>2026-05-09T22:35:19.840000Z</time>
      </trkpt>
      <trkpt lat="44.177377" lon="19.873099">
        <ele>465</ele>
        <time>2026-05-09T22:35:21.662000Z</time>
      </trkpt>
      <trkpt lat="44.176563" lon="19.873185">
        <ele>463.2</ele>
        <time>2026-05-09T22:35:30.440000Z</time>
      </trkpt>
      <trkpt lat="44.176282" lon="19.873311">
        <ele>463.4</ele>
        <time>2026-05-09T22:35:35.947000Z</time>
      </trkpt>
      <trkpt lat="44.176092" lon="19.873506">
        <ele>464.1</ele>
        <time>2026-05-09T22:35:42.123000Z</time>
      </trkpt>
      <trkpt lat="44.175976" lon="19.873685">
        <ele>464.8</ele>
        <time>2026-05-09T22:35:47.274000Z</time>
      </trkpt>
      <trkpt lat="44.175677" lon="19.874317">
        <ele>467.9</ele>
        <time>2026-05-09T22:36:07.784000Z</time>
      </trkpt>
      <trkpt lat="44.17543" lon="19.874837">
        <ele>469.1</ele>
        <time>2026-05-09T22:36:19.552000Z</time>
      </trkpt>
      <trkpt lat="44.175345" lon="19.874949">
        <ele>469.1</ele>
        <time>2026-05-09T22:36:21.256000Z</time>
      </trkpt>
      <trkpt lat="44.175234" lon="19.874962">
        <ele>469</ele>
        <time>2026-05-09T22:36:22.657000Z</time>
      </trkpt>
      <trkpt lat="44.175169" lon="19.874907">
        <ele>468.9</ele>
        <time>2026-05-09T22:36:23.488000Z</time>
      </trkpt>
      <trkpt lat="44.175122" lon="19.874808">
        <ele>468.6</ele>
        <time>2026-05-09T22:36:24.358000Z</time>
      </trkpt>
      <trkpt lat="44.175106" lon="19.874485">
        <ele>467.6</ele>
        <time>2026-05-09T22:36:26.575000Z</time>
      </trkpt>
      <trkpt lat="44.175151" lon="19.873516">
        <ele>461.7</ele>
        <time>2026-05-09T22:36:32.688000Z</time>
      </trkpt>
      <trkpt lat="44.17512" lon="19.873322">
        <ele>460</ele>
        <time>2026-05-09T22:36:33.892000Z</time>
      </trkpt>
      <trkpt lat="44.175024" lon="19.873134">
        <ele>457.9</ele>
        <time>2026-05-09T22:36:35.279000Z</time>
      </trkpt>
      <trkpt lat="44.174936" lon="19.873044">
        <ele>456.5</ele>
        <time>2026-05-09T22:36:36.200000Z</time>
      </trkpt>
      <trkpt lat="44.174815" lon="19.872975">
        <ele>454.7</ele>
        <time>2026-05-09T22:36:37.292000Z</time>
      </trkpt>
      <trkpt lat="44.174379" lon="19.872841">
        <ele>448.3</ele>
        <time>2026-05-09T22:36:41.012000Z</time>
      </trkpt>
      <trkpt lat="44.173932" lon="19.872512">
        <ele>441.6</ele>
        <time>2026-05-09T22:36:45.246000Z</time>
      </trkpt>
      <trkpt lat="44.173634" lon="19.872335">
        <ele>438.7</ele>
        <time>2026-05-09T22:36:48.065000Z</time>
      </trkpt>
      <trkpt lat="44.173468" lon="19.872283">
        <ele>437.4</ele>
        <time>2026-05-09T22:36:49.580000Z</time>
      </trkpt>
      <trkpt lat="44.173334" lon="19.872322">
        <ele>436.6</ele>
        <time>2026-05-09T22:36:50.830000Z</time>
      </trkpt>
      <trkpt lat="44.173175" lon="19.872451">
        <ele>435.6</ele>
        <time>2026-05-09T22:36:52.545000Z</time>
      </trkpt>
      <trkpt lat="44.173068" lon="19.872648">
        <ele>434.8</ele>
        <time>2026-05-09T22:36:54.244000Z</time>
      </trkpt>
      <trkpt lat="44.173018" lon="19.87289">
        <ele>434</ele>
        <time>2026-05-09T22:36:55.996000Z</time>
      </trkpt>
      <trkpt lat="44.17298" lon="19.873634">
        <ele>433.1</ele>
        <time>2026-05-09T22:37:02.055000Z</time>
      </trkpt>
      <trkpt lat="44.172926" lon="19.873945">
        <ele>433.6</ele>
        <time>2026-05-09T22:37:07.223000Z</time>
      </trkpt>
      <trkpt lat="44.172861" lon="19.874114">
        <ele>433.8</ele>
        <time>2026-05-09T22:37:10.361000Z</time>
      </trkpt>
      <trkpt lat="44.172569" lon="19.874633">
        <ele>433.9</ele>
        <time>2026-05-09T22:37:17.777000Z</time>
      </trkpt>
      <trkpt lat="44.172065" lon="19.875131">
        <ele>432.2</ele>
        <time>2026-05-09T22:37:24.188000Z</time>
      </trkpt>
      <trkpt lat="44.171447" lon="19.875555">
        <ele>430.7</ele>
        <time>2026-05-09T22:37:31.585000Z</time>
      </trkpt>
      <trkpt lat="44.17092" lon="19.876013">
        <ele>432</ele>
        <time>2026-05-09T22:37:46.093000Z</time>
      </trkpt>
      <trkpt lat="44.170794" lon="19.876096">
        <ele>432.4</ele>
        <time>2026-05-09T22:37:49.861000Z</time>
      </trkpt>
      <trkpt lat="44.170546" lon="19.8762">
        <ele>433.2</ele>
        <time>2026-05-09T22:37:56.894000Z</time>
      </trkpt>
      <trkpt lat="44.170151" lon="19.876203">
        <ele>434.1</ele>
        <time>2026-05-09T22:38:06.486000Z</time>
      </trkpt>
      <trkpt lat="44.169887" lon="19.876303">
        <ele>434.2</ele>
        <time>2026-05-09T22:38:10.795000Z</time>
      </trkpt>
      <trkpt lat="44.169767" lon="19.876319">
        <ele>434.1</ele>
        <time>2026-05-09T22:38:12.371000Z</time>
      </trkpt>
      <trkpt lat="44.16968" lon="19.876288">
        <ele>434</ele>
        <time>2026-05-09T22:38:13.458000Z</time>
      </trkpt>
      <trkpt lat="44.169506" lon="19.876111">
        <ele>433.6</ele>
        <time>2026-05-09T22:38:15.787000Z</time>
      </trkpt>
      <trkpt lat="44.169366" lon="19.876015">
        <ele>433</ele>
        <time>2026-05-09T22:38:17.330000Z</time>
      </trkpt>
      <trkpt lat="44.169043" lon="19.8759">
        <ele>430.9</ele>
        <time>2026-05-09T22:38:20.363000Z</time>
      </trkpt>
      <trkpt lat="44.168876" lon="19.875808">
        <ele>429.4</ele>
        <time>2026-05-09T22:38:21.940000Z</time>
      </trkpt>
      <trkpt lat="44.16825" lon="19.875346">
        <ele>422.3</ele>
        <time>2026-05-09T22:38:28.034000Z</time>
      </trkpt>
      <trkpt lat="44.167719" lon="19.875349">
        <ele>416.6</ele>
        <time>2026-05-09T22:38:32.570000Z</time>
      </trkpt>
      <trkpt lat="44.167068" lon="19.875657">
        <ele>410.8</ele>
        <time>2026-05-09T22:38:38.606000Z</time>
      </trkpt>
      <trkpt lat="44.166609" lon="19.876154">
        <ele>407.7</ele>
        <time>2026-05-09T22:38:44.034000Z</time>
      </trkpt>
      <trkpt lat="44.166229" lon="19.876467">
        <ele>406.1</ele>
        <time>2026-05-09T22:38:48.368000Z</time>
      </trkpt>
      <trkpt lat="44.166038" lon="19.876753">
        <ele>405.5</ele>
        <time>2026-05-09T22:38:51.412000Z</time>
      </trkpt>
      <trkpt lat="44.165526" lon="19.877312">
        <ele>404.6</ele>
        <time>2026-05-09T22:38:59.118000Z</time>
      </trkpt>
      <trkpt lat="44.165438" lon="19.877468">
        <ele>404.4</ele>
        <time>2026-05-09T22:39:00.764000Z</time>
      </trkpt>
      <trkpt lat="44.165366" lon="19.877755">
        <ele>403.9</ele>
        <time>2026-05-09T22:39:03.090000Z</time>
      </trkpt>
      <trkpt lat="44.165295" lon="19.877887">
        <ele>403.6</ele>
        <time>2026-05-09T22:39:04.318000Z</time>
      </trkpt>
      <trkpt lat="44.165157" lon="19.877946">
        <ele>403.2</ele>
        <time>2026-05-09T22:39:05.807000Z</time>
      </trkpt>
      <trkpt lat="44.164937" lon="19.877922">
        <ele>402.6</ele>
        <time>2026-05-09T22:39:08.146000Z</time>
      </trkpt>
      <trkpt lat="44.164728" lon="19.878066">
        <ele>402.1</ele>
        <time>2026-05-09T22:39:10.637000Z</time>
      </trkpt>
      <trkpt lat="44.164646" lon="19.878224">
        <ele>401.8</ele>
        <time>2026-05-09T22:39:12.142000Z</time>
      </trkpt>
      <trkpt lat="44.164518" lon="19.878616">
        <ele>401.1</ele>
        <time>2026-05-09T22:39:15.461000Z</time>
      </trkpt>
      <trkpt lat="44.164427" lon="19.878755">
        <ele>400.7</ele>
        <time>2026-05-09T22:39:16.876000Z</time>
      </trkpt>
      <trkpt lat="44.16438" lon="19.87878">
        <ele>400.6</ele>
        <time>2026-05-09T22:39:17.407000Z</time>
      </trkpt>
      <trkpt lat="44.164211" lon="19.878781">
        <ele>400</ele>
        <time>2026-05-09T22:39:19.119000Z</time>
      </trkpt>
      <trkpt lat="44.164077" lon="19.87883">
        <ele>399.5</ele>
        <time>2026-05-09T22:39:20.473000Z</time>
      </trkpt>
      <trkpt lat="44.163562" lon="19.87916">
        <ele>396.5</ele>
        <time>2026-05-09T22:39:25.779000Z</time>
      </trkpt>
      <trkpt lat="44.163485" lon="19.879291">
        <ele>395.8</ele>
        <time>2026-05-09T22:39:26.904000Z</time>
      </trkpt>
      <trkpt lat="44.163389" lon="19.879672">
        <ele>394.3</ele>
        <time>2026-05-09T22:39:29.608000Z</time>
      </trkpt>
      <trkpt lat="44.163321" lon="19.879788">
        <ele>393.8</ele>
        <time>2026-05-09T22:39:30.619000Z</time>
      </trkpt>
      <trkpt lat="44.162711" lon="19.880361">
        <ele>392.5</ele>
        <time>2026-05-09T22:39:38.871000Z</time>
      </trkpt>
      <trkpt lat="44.162577" lon="19.880824">
        <ele>392.5</ele>
        <time>2026-05-09T22:39:44.442000Z</time>
      </trkpt>
      <trkpt lat="44.162466" lon="19.881046">
        <ele>392.7</ele>
        <time>2026-05-09T22:39:47.996000Z</time>
      </trkpt>
      <trkpt lat="44.162359" lon="19.88118">
        <ele>392.8</ele>
        <time>2026-05-09T22:39:50.501000Z</time>
      </trkpt>
      <trkpt lat="44.161982" lon="19.881533">
        <ele>393</ele>
        <time>2026-05-09T22:39:57.897000Z</time>
      </trkpt>
      <trkpt lat="44.160996" lon="19.882651">
        <ele>393.4</ele>
        <time>2026-05-09T22:40:18.659000Z</time>
      </trkpt>
      <trkpt lat="44.160759" lon="19.882962">
        <ele>394.4</ele>
        <time>2026-05-09T22:40:27.279000Z</time>
      </trkpt>
      <trkpt lat="44.160525" lon="19.883169">
        <ele>395</ele>
        <time>2026-05-09T22:40:34.067000Z</time>
      </trkpt>
      <trkpt lat="44.160337" lon="19.883303">
        <ele>395.6</ele>
        <time>2026-05-09T22:40:39.231000Z</time>
      </trkpt>
      <trkpt lat="44.159999" lon="19.883466">
        <ele>396.3</ele>
        <time>2026-05-09T22:40:47.700000Z</time>
      </trkpt>
      <trkpt lat="44.159284" lon="19.884055">
        <ele>396.9</ele>
        <time>2026-05-09T22:41:02.187000Z</time>
      </trkpt>
      <trkpt lat="44.158624" lon="19.88433">
        <ele>395.8</ele>
        <time>2026-05-09T22:41:10.004000Z</time>
      </trkpt>
      <trkpt lat="44.158331" lon="19.884471">
        <ele>396</ele>
        <time>2026-05-09T22:41:15.621000Z</time>
      </trkpt>
      <trkpt lat="44.15796" lon="19.88487">
        <ele>395.7</ele>
        <time>2026-05-09T22:41:21.733000Z</time>
      </trkpt>
      <trkpt lat="44.157503" lon="19.8854">
        <ele>394.6</ele>
        <time>2026-05-09T22:41:28.315000Z</time>
      </trkpt>
      <trkpt lat="44.157269" lon="19.885676">
        <ele>394.2</ele>
        <time>2026-05-09T22:41:31.943000Z</time>
      </trkpt>
      <trkpt lat="44.157136" lon="19.885903">
        <ele>393.9</ele>
        <time>2026-05-09T22:41:34.353000Z</time>
      </trkpt>
      <trkpt lat="44.156496" lon="19.887331">
        <ele>393.2</ele>
        <time>2026-05-09T22:41:50.052000Z</time>
      </trkpt>
      <trkpt lat="44.156279" lon="19.88772">
        <ele>394</ele>
        <time>2026-05-09T22:41:58.471000Z</time>
      </trkpt>
      <trkpt lat="44.155915" lon="19.888235">
        <ele>394.7</ele>
        <time>2026-05-09T22:42:08.927000Z</time>
      </trkpt>
      <trkpt lat="44.155755" lon="19.888515">
        <ele>394.8</ele>
        <time>2026-05-09T22:42:13.328000Z</time>
      </trkpt>
      <trkpt lat="44.155375" lon="19.889976">
        <ele>394.1</ele>
        <time>2026-05-09T22:42:27.667000Z</time>
      </trkpt>
      <trkpt lat="44.155271" lon="19.89065">
        <ele>393.4</ele>
        <time>2026-05-09T22:42:33.491000Z</time>
      </trkpt>
      <trkpt lat="44.155226" lon="19.891255">
        <ele>393.1</ele>
        <time>2026-05-09T22:42:38.973000Z</time>
      </trkpt>
      <trkpt lat="44.15517" lon="19.891629">
        <ele>393</ele>
        <time>2026-05-09T22:42:42.828000Z</time>
      </trkpt>
      <trkpt lat="44.155019" lon="19.89235">
        <ele>393.4</ele>
        <time>2026-05-09T22:42:52.616000Z</time>
      </trkpt>
      <trkpt lat="44.154835" lon="19.893065">
        <ele>394.4</ele>
        <time>2026-05-09T22:43:04.692000Z</time>
      </trkpt>
      <trkpt lat="44.154378" lon="19.894222">
        <ele>397.1</ele>
        <time>2026-05-09T22:43:29.511000Z</time>
      </trkpt>
      <trkpt lat="44.154027" lon="19.895823">
        <ele>399.8</ele>
        <time>2026-05-09T22:43:58.001000Z</time>
      </trkpt>
      <trkpt lat="44.153757" lon="19.896537">
        <ele>400.4</ele>
        <time>2026-05-09T22:44:09.065000Z</time>
      </trkpt>
      <trkpt lat="44.15369" lon="19.897104">
        <ele>400.5</ele>
        <time>2026-05-09T22:44:15.619000Z</time>
      </trkpt>
      <trkpt lat="44.153656" lon="19.897246">
        <ele>400.6</ele>
        <time>2026-05-09T22:44:17.277000Z</time>
      </trkpt>
      <trkpt lat="44.153237" lon="19.89835">
        <ele>400.8</ele>
        <time>2026-05-09T22:44:31.751000Z</time>
      </trkpt>
      <trkpt lat="44.152868" lon="19.899034">
        <ele>402.3</ele>
        <time>2026-05-09T22:44:46.700000Z</time>
      </trkpt>
      <trkpt lat="44.152803" lon="19.899274">
        <ele>402.9</ele>
        <time>2026-05-09T22:44:51.876000Z</time>
      </trkpt>
      <trkpt lat="44.15275" lon="19.899675">
        <ele>404</ele>
        <time>2026-05-09T22:45:00.624000Z</time>
      </trkpt>
      <trkpt lat="44.152673" lon="19.899974">
        <ele>404.9</ele>
        <time>2026-05-09T22:45:07.466000Z</time>
      </trkpt>
      <trkpt lat="44.152479" lon="19.900874">
        <ele>407.4</ele>
        <time>2026-05-09T22:45:27.361000Z</time>
      </trkpt>
      <trkpt lat="44.152423" lon="19.901158">
        <ele>407.9</ele>
        <time>2026-05-09T22:45:32.682000Z</time>
      </trkpt>
      <trkpt lat="44.152185" lon="19.90177">
        <ele>408.7</ele>
        <time>2026-05-09T22:45:43.374000Z</time>
      </trkpt>
      <trkpt lat="44.151701" lon="19.90256">
        <ele>409.5</ele>
        <time>2026-05-09T22:45:57.501000Z</time>
      </trkpt>
      <trkpt lat="44.151593" lon="19.902791">
        <ele>409.6</ele>
        <time>2026-05-09T22:46:00.836000Z</time>
      </trkpt>
      <trkpt lat="44.151561" lon="19.902949">
        <ele>409.6</ele>
        <time>2026-05-09T22:46:02.669000Z</time>
      </trkpt>
      <trkpt lat="44.151544" lon="19.903584">
        <ele>409.5</ele>
        <time>2026-05-09T22:46:09.108000Z</time>
      </trkpt>
      <trkpt lat="44.151465" lon="19.903984">
        <ele>409.5</ele>
        <time>2026-05-09T22:46:13.455000Z</time>
      </trkpt>
      <trkpt lat="44.151169" lon="19.904583">
        <ele>409.7</ele>
        <time>2026-05-09T22:46:22.129000Z</time>
      </trkpt>
      <trkpt lat="44.150864" lon="19.905278">
        <ele>409.8</ele>
        <time>2026-05-09T22:46:31.001000Z</time>
      </trkpt>
      <trkpt lat="44.150718" lon="19.905504">
        <ele>409.9</ele>
        <time>2026-05-09T22:46:34.728000Z</time>
      </trkpt>
      <trkpt lat="44.150286" lon="19.906108">
        <ele>410.8</ele>
        <time>2026-05-09T22:46:47.264000Z</time>
      </trkpt>
      <trkpt lat="44.150168" lon="19.906364">
        <ele>411.1</ele>
        <time>2026-05-09T22:46:51.616000Z</time>
      </trkpt>
      <trkpt lat="44.150106" lon="19.906586">
        <ele>411.3</ele>
        <time>2026-05-09T22:46:55.065000Z</time>
      </trkpt>
      <trkpt lat="44.150071" lon="19.906831">
        <ele>411.5</ele>
        <time>2026-05-09T22:46:58.473000Z</time>
      </trkpt>
      <trkpt lat="44.15007" lon="19.907226">
        <ele>412</ele>
        <time>2026-05-09T22:47:04.585000Z</time>
      </trkpt>
      <trkpt lat="44.150114" lon="19.907513">
        <ele>412.5</ele>
        <time>2026-05-09T22:47:10.001000Z</time>
      </trkpt>
      <trkpt lat="44.150216" lon="19.907935">
        <ele>413.8</ele>
        <time>2026-05-09T22:47:19.654000Z</time>
      </trkpt>
      <trkpt lat="44.150646" lon="19.909687">
        <ele>420.2</ele>
        <time>2026-05-09T22:48:04.958000Z</time>
      </trkpt>
      <trkpt lat="44.150725" lon="19.910065">
        <ele>420.9</ele>
        <time>2026-05-09T22:48:12.210000Z</time>
      </trkpt>
      <trkpt lat="44.150754" lon="19.910476">
        <ele>421.3</ele>
        <time>2026-05-09T22:48:18.172000Z</time>
      </trkpt>
      <trkpt lat="44.150685" lon="19.910944">
        <ele>421.3</ele>
        <time>2026-05-09T22:48:23.062000Z</time>
      </trkpt>
      <trkpt lat="44.150542" lon="19.911381">
        <ele>420.7</ele>
        <time>2026-05-09T22:48:27.021000Z</time>
      </trkpt>
      <trkpt lat="44.150179" lon="19.912399">
        <ele>420</ele>
        <time>2026-05-09T22:48:37.062000Z</time>
      </trkpt>
      <trkpt lat="44.150019" lon="19.912984">
        <ele>420.4</ele>
        <time>2026-05-09T22:48:45.427000Z</time>
      </trkpt>
      <trkpt lat="44.149844" lon="19.913686">
        <ele>421.7</ele>
        <time>2026-05-09T22:48:58.680000Z</time>
      </trkpt>
      <trkpt lat="44.149764" lon="19.914193">
        <ele>423</ele>
        <time>2026-05-09T22:49:09.320000Z</time>
      </trkpt>
      <trkpt lat="44.149523" lon="19.916136">
        <ele>427</ele>
        <time>2026-05-09T22:49:46.192000Z</time>
      </trkpt>
      <trkpt lat="44.149366" lon="19.916841">
        <ele>427.8</ele>
        <time>2026-05-09T22:49:57.307000Z</time>
      </trkpt>
      <trkpt lat="44.14914" lon="19.917756">
        <ele>428.8</ele>
        <time>2026-05-09T22:50:11.812000Z</time>
      </trkpt>
      <trkpt lat="44.149068" lon="19.918069">
        <ele>429.1</ele>
        <time>2026-05-09T22:50:16.547000Z</time>
      </trkpt>
      <trkpt lat="44.149019" lon="19.918215">
        <ele>429.2</ele>
        <time>2026-05-09T22:50:18.657000Z</time>
      </trkpt>
      <trkpt lat="44.148925" lon="19.918366">
        <ele>429.3</ele>
        <time>2026-05-09T22:50:21.193000Z</time>
      </trkpt>
      <trkpt lat="44.148281" lon="19.919047">
        <ele>430.8</ele>
        <time>2026-05-09T22:50:38.940000Z</time>
      </trkpt>
      <trkpt lat="44.148074" lon="19.919304">
        <ele>431.5</ele>
        <time>2026-05-09T22:50:45.983000Z</time>
      </trkpt>
      <trkpt lat="44.147981" lon="19.919511">
        <ele>432</ele>
        <time>2026-05-09T22:50:50.557000Z</time>
      </trkpt>
      <trkpt lat="44.147932" lon="19.91974">
        <ele>432.5</ele>
        <time>2026-05-09T22:50:54.940000Z</time>
      </trkpt>
      <trkpt lat="44.147788" lon="19.920654">
        <ele>434.1</ele>
        <time>2026-05-09T22:51:11.363000Z</time>
      </trkpt>
      <trkpt lat="44.147699" lon="19.920879">
        <ele>434.5</ele>
        <time>2026-05-09T22:51:15.738000Z</time>
      </trkpt>
      <trkpt lat="44.147589" lon="19.921025">
        <ele>434.8</ele>
        <time>2026-05-09T22:51:19.340000Z</time>
      </trkpt>
      <trkpt lat="44.146893" lon="19.921679">
        <ele>436.8</ele>
        <time>2026-05-09T22:51:39.494000Z</time>
      </trkpt>
      <trkpt lat="44.14669" lon="19.921882">
        <ele>437.3</ele>
        <time>2026-05-09T22:51:45.455000Z</time>
      </trkpt>
      <trkpt lat="44.146448" lon="19.922167">
        <ele>438.1</ele>
        <time>2026-05-09T22:51:53.420000Z</time>
      </trkpt>
      <trkpt lat="44.146233" lon="19.922513">
        <ele>439.1</ele>
        <time>2026-05-09T22:52:02.231000Z</time>
      </trkpt>
      <trkpt lat="44.145999" lon="19.922925">
        <ele>440.4</ele>
        <time>2026-05-09T22:52:12.971000Z</time>
      </trkpt>
      <trkpt lat="44.145712" lon="19.923482">
        <ele>442.2</ele>
        <time>2026-05-09T22:52:27.313000Z</time>
      </trkpt>
      <trkpt lat="44.145333" lon="19.924241">
        <ele>444.2</ele>
        <time>2026-05-09T22:52:45.420000Z</time>
      </trkpt>
      <trkpt lat="44.145182" lon="19.92447">
        <ele>445</ele>
        <time>2026-05-09T22:52:51.614000Z</time>
      </trkpt>
      <trkpt lat="44.144941" lon="19.924699">
        <ele>446</ele>
        <time>2026-05-09T22:53:00.119000Z</time>
      </trkpt>
      <trkpt lat="44.144709" lon="19.924825">
        <ele>446.9</ele>
        <time>2026-05-09T22:53:07.499000Z</time>
      </trkpt>
      <trkpt lat="44.144647" lon="19.924847">
        <ele>447.2</ele>
        <time>2026-05-09T22:53:09.381000Z</time>
      </trkpt>
      <trkpt lat="44.144359" lon="19.924922">
        <ele>448.4</ele>
        <time>2026-05-09T22:53:18.567000Z</time>
      </trkpt>
      <trkpt lat="44.143936" lon="19.925006">
        <ele>450.8</ele>
        <time>2026-05-09T22:53:34.790000Z</time>
      </trkpt>
      <trkpt lat="44.143605" lon="19.925116">
        <ele>453.5</ele>
        <time>2026-05-09T22:53:50.417000Z</time>
      </trkpt>
      <trkpt lat="44.143479" lon="19.925155">
        <ele>454.7</ele>
        <time>2026-05-09T22:53:57.141000Z</time>
      </trkpt>
      <trkpt lat="44.143292" lon="19.925266">
        <ele>456.7</ele>
        <time>2026-05-09T22:54:08.152000Z</time>
      </trkpt>
      <trkpt lat="44.142656" lon="19.925769">
        <ele>464.2</ele>
        <time>2026-05-09T22:54:49.438000Z</time>
      </trkpt>
      <trkpt lat="44.14248" lon="19.925937">
        <ele>466.3</ele>
        <time>2026-05-09T22:55:00.945000Z</time>
      </trkpt>
      <trkpt lat="44.142314" lon="19.926187">
        <ele>468.2</ele>
        <time>2026-05-09T22:55:12.091000Z</time>
      </trkpt>
      <trkpt lat="44.142165" lon="19.926506">
        <ele>469.4</ele>
        <time>2026-05-09T22:55:20.950000Z</time>
      </trkpt>
      <trkpt lat="44.142024" lon="19.92691">
        <ele>469.7</ele>
        <time>2026-05-09T22:55:27.108000Z</time>
      </trkpt>
      <trkpt lat="44.141943" lon="19.927262">
        <ele>469.4</ele>
        <time>2026-05-09T22:55:30.244000Z</time>
      </trkpt>
      <trkpt lat="44.141802" lon="19.927982">
        <ele>467.7</ele>
        <time>2026-05-09T22:55:35.665000Z</time>
      </trkpt>
      <trkpt lat="44.141661" lon="19.928418">
        <ele>466.5</ele>
        <time>2026-05-09T22:55:39.098000Z</time>
      </trkpt>
      <trkpt lat="44.141464" lon="19.928712">
        <ele>465.7</ele>
        <time>2026-05-09T22:55:42.093000Z</time>
      </trkpt>
      <trkpt lat="44.141077" lon="19.929089">
        <ele>465.6</ele>
        <time>2026-05-09T22:55:49.032000Z</time>
      </trkpt>
      <trkpt lat="44.140805" lon="19.929359">
        <ele>466.7</ele>
        <time>2026-05-09T22:55:58.159000Z</time>
      </trkpt>
      <trkpt lat="44.140403" lon="19.929756">
        <ele>468.8</ele>
        <time>2026-05-09T22:56:14.011000Z</time>
      </trkpt>
      <trkpt lat="44.14015" lon="19.930005">
        <ele>470.1</ele>
        <time>2026-05-09T22:56:23.631000Z</time>
      </trkpt>
      <trkpt lat="44.13983" lon="19.930308">
        <ele>471.4</ele>
        <time>2026-05-09T22:57:12.045000Z</time>
      </trkpt>
      <trkpt lat="44.139753" lon="19.930381">
        <ele>471.7</ele>
        <time>2026-05-09T22:57:23.595000Z</time>
      </trkpt>
      <trkpt lat="44.138711" lon="19.931368">
        <ele>475.1</ele>
        <time>2026-05-09T22:57:55.914000Z</time>
      </trkpt>
      <trkpt lat="44.138233" lon="19.931785">
        <ele>477.6</ele>
        <time>2026-05-09T22:58:14.358000Z</time>
      </trkpt>
      <trkpt lat="44.137777" lon="19.932196">
        <ele>481.1</ele>
        <time>2026-05-09T22:58:36.302000Z</time>
      </trkpt>
      <trkpt lat="44.137562" lon="19.932362">
        <ele>482.8</ele>
        <time>2026-05-09T22:58:46.680000Z</time>
      </trkpt>
      <trkpt lat="44.13749" lon="19.932384">
        <ele>483.3</ele>
        <time>2026-05-09T22:58:49.919000Z</time>
      </trkpt>
      <trkpt lat="44.137377" lon="19.932341">
        <ele>484.2</ele>
        <time>2026-05-09T22:58:55.116000Z</time>
      </trkpt>
      <trkpt lat="44.137315" lon="19.932262">
        <ele>484.8</ele>
        <time>2026-05-09T22:58:58.784000Z</time>
      </trkpt>
      <trkpt lat="44.137303" lon="19.932077">
        <ele>485.8</ele>
        <time>2026-05-09T22:59:04.820000Z</time>
      </trkpt>
      <trkpt lat="44.137358" lon="19.931869">
        <ele>487</ele>
        <time>2026-05-09T22:59:11.938000Z</time>
      </trkpt>
      <trkpt lat="44.137699" lon="19.930955">
        <ele>492.7</ele>
        <time>2026-05-09T22:59:45.991000Z</time>
      </trkpt>
      <trkpt lat="44.137828" lon="19.930742">
        <ele>494.3</ele>
        <time>2026-05-09T22:59:55.346000Z</time>
      </trkpt>
      <trkpt lat="44.138128" lon="19.930388">
        <ele>497.4</ele>
        <time>2026-05-09T23:00:13.512000Z</time>
      </trkpt>
      <trkpt lat="44.138193" lon="19.930212">
        <ele>498.5</ele>
        <time>2026-05-09T23:00:19.989000Z</time>
      </trkpt>
      <trkpt lat="44.138192" lon="19.930038">
        <ele>499.4</ele>
        <time>2026-05-09T23:00:25.522000Z</time>
      </trkpt>
      <trkpt lat="44.138156" lon="19.929943">
        <ele>500</ele>
        <time>2026-05-09T23:00:28.899000Z</time>
      </trkpt>
      <trkpt lat="44.137988" lon="19.929676">
        <ele>501.8</ele>
        <time>2026-05-09T23:00:40.154000Z</time>
      </trkpt>
      <trkpt lat="44.137971" lon="19.929626">
        <ele>502.1</ele>
        <time>2026-05-09T23:00:41.896000Z</time>
      </trkpt>
      <trkpt lat="44.137983" lon="19.929521">
        <ele>502.7</ele>
        <time>2026-05-09T23:00:45.297000Z</time>
      </trkpt>
      <trkpt lat="44.138021" lon="19.929452">
        <ele>503.1</ele>
        <time>2026-05-09T23:00:48.029000Z</time>
      </trkpt>
      <trkpt lat="44.138078" lon="19.92941">
        <ele>503.6</ele>
        <time>2026-05-09T23:00:50.909000Z</time>
      </trkpt>
      <trkpt lat="44.138411" lon="19.92943">
        <ele>505.9</ele>
        <time>2026-05-09T23:01:04.955000Z</time>
      </trkpt>
      <trkpt lat="44.138499" lon="19.929409">
        <ele>506.4</ele>
        <time>2026-05-09T23:01:08.496000Z</time>
      </trkpt>
      <trkpt lat="44.1386" lon="19.929338">
        <ele>507.1</ele>
        <time>2026-05-09T23:01:12.940000Z</time>
      </trkpt>
      <trkpt lat="44.139268" lon="19.928362">
        <ele>513.7</ele>
        <time>2026-05-09T23:01:53.593000Z</time>
      </trkpt>
      <trkpt lat="44.139373" lon="19.928137">
        <ele>515.4</ele>
        <time>2026-05-09T23:02:03.488000Z</time>
      </trkpt>
      <trkpt lat="44.139384" lon="19.92802">
        <ele>516.2</ele>
        <time>2026-05-09T23:02:07.892000Z</time>
      </trkpt>
      <trkpt lat="44.13935" lon="19.92786">
        <ele>517.3</ele>
        <time>2026-05-09T23:02:14.124000Z</time>
      </trkpt>
      <trkpt lat="44.138772" lon="19.927013">
        <ele>523.4</ele>
        <time>2026-05-09T23:02:50.965000Z</time>
      </trkpt>
      <trkpt lat="44.13875" lon="19.92689">
        <ele>523.8</ele>
        <time>2026-05-09T23:02:53.943000Z</time>
      </trkpt>
      <trkpt lat="44.138776" lon="19.926771">
        <ele>524.2</ele>
        <time>2026-05-09T23:02:56.680000Z</time>
      </trkpt>
      <trkpt lat="44.138885" lon="19.92666">
        <ele>524.6</ele>
        <time>2026-05-09T23:03:00.399000Z</time>
      </trkpt>
      <trkpt lat="44.138972" lon="19.926647">
        <ele>524.8</ele>
        <time>2026-05-09T23:03:02.723000Z</time>
      </trkpt>
      <trkpt lat="44.13954" lon="19.926767">
        <ele>525.7</ele>
        <time>2026-05-09T23:03:14.534000Z</time>
      </trkpt>
      <trkpt lat="44.139678" lon="19.926765">
        <ele>525.8</ele>
        <time>2026-05-09T23:03:16.887000Z</time>
      </trkpt>
      <trkpt lat="44.139794" lon="19.926705">
        <ele>525.9</ele>
        <time>2026-05-09T23:03:19.264000Z</time>
      </trkpt>
      <trkpt lat="44.139895" lon="19.926562">
        <ele>526</ele>
        <time>2026-05-09T23:03:21.733000Z</time>
      </trkpt>
      <trkpt lat="44.140211" lon="19.925898">
        <ele>526.1</ele>
        <time>2026-05-09T23:03:30.728000Z</time>
      </trkpt>
      <trkpt lat="44.140227" lon="19.925736">
        <ele>526.3</ele>
        <time>2026-05-09T23:03:33.292000Z</time>
      </trkpt>
      <trkpt lat="44.140203" lon="19.925685">
        <ele>526.4</ele>
        <time>2026-05-09T23:03:34.412000Z</time>
      </trkpt>
      <trkpt lat="44.140138" lon="19.92563">
        <ele>526.7</ele>
        <time>2026-05-09T23:03:36.458000Z</time>
      </trkpt>
      <trkpt lat="44.140048" lon="19.925633">
        <ele>527</ele>
        <time>2026-05-09T23:03:39.297000Z</time>
      </trkpt>
      <trkpt lat="44.140002" lon="19.925668">
        <ele>527.3</ele>
        <time>2026-05-09T23:03:41.073000Z</time>
      </trkpt>
      <trkpt lat="44.139952" lon="19.925783">
        <ele>527.8</ele>
        <time>2026-05-09T23:03:44.611000Z</time>
      </trkpt>
      <trkpt lat="44.13991" lon="19.926117">
        <ele>529.4</ele>
        <time>2026-05-09T23:03:54.695000Z</time>
      </trkpt>
      <trkpt lat="44.139865" lon="19.926282">
        <ele>530.4</ele>
        <time>2026-05-09T23:04:00.542000Z</time>
      </trkpt>
      <trkpt lat="44.139778" lon="19.926403">
        <ele>531.4</ele>
        <time>2026-05-09T23:04:06.552000Z</time>
      </trkpt>
      <trkpt lat="44.139717" lon="19.926436">
        <ele>532</ele>
        <time>2026-05-09T23:04:09.738000Z</time>
      </trkpt>
      <trkpt lat="44.139506" lon="19.926466">
        <ele>534</ele>
        <time>2026-05-09T23:04:21.080000Z</time>
      </trkpt>
      <trkpt lat="44.138258" lon="19.926234">
        <ele>544.2</ele>
        <time>2026-05-09T23:05:20.453000Z</time>
      </trkpt>
      <trkpt lat="44.13813" lon="19.92629">
        <ele>544.6</ele>
        <time>2026-05-09T23:05:23.978000Z</time>
      </trkpt>
      <trkpt lat="44.13809" lon="19.926367">
        <ele>544.7</ele>
        <time>2026-05-09T23:05:25.461000Z</time>
      </trkpt>
      <trkpt lat="44.138092" lon="19.926472">
        <ele>544.8</ele>
        <time>2026-05-09T23:05:26.983000Z</time>
      </trkpt>
      <trkpt lat="44.138155" lon="19.926602">
        <ele>544.8</ele>
        <time>2026-05-09T23:05:28.841000Z</time>
      </trkpt>
      <trkpt lat="44.138368" lon="19.92686">
        <ele>544.6</ele>
        <time>2026-05-09T23:05:32.473000Z</time>
      </trkpt>
      <trkpt lat="44.138451" lon="19.92703">
        <ele>544.4</ele>
        <time>2026-05-09T23:05:34.108000Z</time>
      </trkpt>
      <trkpt lat="44.138535" lon="19.927396">
        <ele>543.6</ele>
        <time>2026-05-09T23:05:36.988000Z</time>
      </trkpt>
      <trkpt lat="44.138542" lon="19.927571">
        <ele>543.2</ele>
        <time>2026-05-09T23:05:38.274000Z</time>
      </trkpt>
      <trkpt lat="44.138508" lon="19.927705">
        <ele>543</ele>
        <time>2026-05-09T23:05:39.330000Z</time>
      </trkpt>
      <trkpt lat="44.13842" lon="19.927833">
        <ele>542.7</ele>
        <time>2026-05-09T23:05:40.726000Z</time>
      </trkpt>
      <trkpt lat="44.137985" lon="19.928075">
        <ele>543.2</ele>
        <time>2026-05-09T23:05:49.812000Z</time>
      </trkpt>
      <trkpt lat="44.13786" lon="19.92811">
        <ele>543.9</ele>
        <time>2026-05-09T23:05:54.279000Z</time>
      </trkpt>
      <trkpt lat="44.137692" lon="19.92811">
        <ele>545.1</ele>
        <time>2026-05-09T23:06:01.618000Z</time>
      </trkpt>
      <trkpt lat="44.137424" lon="19.928034">
        <ele>547.9</ele>
        <time>2026-05-09T23:06:16.909000Z</time>
      </trkpt>
      <trkpt lat="44.136961" lon="19.927848">
        <ele>554.4</ele>
        <time>2026-05-09T23:06:50.317000Z</time>
      </trkpt>
      <trkpt lat="44.13682" lon="19.927773">
        <ele>556.6</ele>
        <time>2026-05-09T23:07:01.522000Z</time>
      </trkpt>
      <trkpt lat="44.136291" lon="19.927343">
        <ele>564.6</ele>
        <time>2026-05-09T23:07:42.828000Z</time>
      </trkpt>
      <trkpt lat="44.136017" lon="19.927163">
        <ele>567.2</ele>
        <time>2026-05-09T23:07:57.922000Z</time>
      </trkpt>
      <trkpt lat="44.135859" lon="19.927077">
        <ele>568.2</ele>
        <time>2026-05-09T23:08:04.392000Z</time>
      </trkpt>
      <trkpt lat="44.135766" lon="19.927096">
        <ele>568.6</ele>
        <time>2026-05-09T23:08:07.290000Z</time>
      </trkpt>
      <trkpt lat="44.135695" lon="19.927182">
        <ele>568.9</ele>
        <time>2026-05-09T23:08:09.851000Z</time>
      </trkpt>
      <trkpt lat="44.135681" lon="19.927241">
        <ele>569</ele>
        <time>2026-05-09T23:08:10.864000Z</time>
      </trkpt>
      <trkpt lat="44.135699" lon="19.927359">
        <ele>569.1</ele>
        <time>2026-05-09T23:08:12.713000Z</time>
      </trkpt>
      <trkpt lat="44.135789" lon="19.927575">
        <ele>569.1</ele>
        <time>2026-05-09T23:08:15.422000Z</time>
      </trkpt>
      <trkpt lat="44.135914" lon="19.928133">
        <ele>568</ele>
        <time>2026-05-09T23:08:19.800000Z</time>
      </trkpt>
      <trkpt lat="44.136103" lon="19.928442">
        <ele>566.6</ele>
        <time>2026-05-09T23:08:22.575000Z</time>
      </trkpt>
      <trkpt lat="44.136157" lon="19.928638">
        <ele>565.9</ele>
        <time>2026-05-09T23:08:24.014000Z</time>
      </trkpt>
      <trkpt lat="44.136152" lon="19.928856">
        <ele>565.2</ele>
        <time>2026-05-09T23:08:25.522000Z</time>
      </trkpt>
      <trkpt lat="44.136123" lon="19.928984">
        <ele>564.9</ele>
        <time>2026-05-09T23:08:26.481000Z</time>
      </trkpt>
      <trkpt lat="44.136051" lon="19.929078">
        <ele>564.6</ele>
        <time>2026-05-09T23:08:27.478000Z</time>
      </trkpt>
      <trkpt lat="44.13597" lon="19.929123">
        <ele>564.4</ele>
        <time>2026-05-09T23:08:28.397000Z</time>
      </trkpt>
      <trkpt lat="44.135661" lon="19.929053">
        <ele>564.1</ele>
        <time>2026-05-09T23:08:32.353000Z</time>
      </trkpt>
      <trkpt lat="44.135298" lon="19.929047">
        <ele>564.8</ele>
        <time>2026-05-09T23:08:40.435000Z</time>
      </trkpt>
      <trkpt lat="44.135213" lon="19.929007">
        <ele>565.1</ele>
        <time>2026-05-09T23:08:42.874000Z</time>
      </trkpt>
      <trkpt lat="44.135068" lon="19.928842">
        <ele>565.7</ele>
        <time>2026-05-09T23:08:48.338000Z</time>
      </trkpt>
      <trkpt lat="44.134828" lon="19.928368">
        <ele>567.5</ele>
        <time>2026-05-09T23:09:01.443000Z</time>
      </trkpt>
      <trkpt lat="44.134744" lon="19.928249">
        <ele>567.9</ele>
        <time>2026-05-09T23:09:05.152000Z</time>
      </trkpt>
      <trkpt lat="44.134578" lon="19.928132">
        <ele>568.9</ele>
        <time>2026-05-09T23:09:11.879000Z</time>
      </trkpt>
      <trkpt lat="44.134465" lon="19.928096">
        <ele>569.6</ele>
        <time>2026-05-09T23:09:16.343000Z</time>
      </trkpt>
      <trkpt lat="44.134109" lon="19.928121">
        <ele>572.1</ele>
        <time>2026-05-09T23:09:31.512000Z</time>
      </trkpt>
      <trkpt lat="44.133905" lon="19.928094">
        <ele>573.6</ele>
        <time>2026-05-09T23:09:40.634000Z</time>
      </trkpt>
      <trkpt lat="44.133752" lon="19.927934">
        <ele>575.1</ele>
        <time>2026-05-09T23:09:49.373000Z</time>
      </trkpt>
      <trkpt lat="44.13361" lon="19.927643">
        <ele>577.1</ele>
        <time>2026-05-09T23:10:01.443000Z</time>
      </trkpt>
      <trkpt lat="44.133437" lon="19.927163">
        <ele>580.5</ele>
        <time>2026-05-09T23:10:20.478000Z</time>
      </trkpt>
      <trkpt lat="44.133421" lon="19.926847">
        <ele>582.6</ele>
        <time>2026-05-09T23:10:32.330000Z</time>
      </trkpt>
      <trkpt lat="44.133438" lon="19.926551">
        <ele>584.7</ele>
        <time>2026-05-09T23:10:43.907000Z</time>
      </trkpt>
      <trkpt lat="44.133475" lon="19.926401">
        <ele>585.9</ele>
        <time>2026-05-09T23:10:50.542000Z</time>
      </trkpt>
      <trkpt lat="44.133672" lon="19.926004">
        <ele>589.3</ele>
        <time>2026-05-09T23:11:09.402000Z</time>
      </trkpt>
      <trkpt lat="44.13368" lon="19.925943">
        <ele>589.7</ele>
        <time>2026-05-09T23:11:11.820000Z</time>
      </trkpt>
      <trkpt lat="44.133648" lon="19.925836">
        <ele>590.6</ele>
        <time>2026-05-09T23:11:16.317000Z</time>
      </trkpt>
      <trkpt lat="44.133542" lon="19.925759">
        <ele>591.7</ele>
        <time>2026-05-09T23:11:22.836000Z</time>
      </trkpt>
      <trkpt lat="44.133285" lon="19.925758">
        <ele>594.3</ele>
        <time>2026-05-09T23:11:36.971000Z</time>
      </trkpt>
      <trkpt lat="44.133177" lon="19.925676">
        <ele>595.6</ele>
        <time>2026-05-09T23:11:44.040000Z</time>
      </trkpt>
      <trkpt lat="44.132959" lon="19.92542">
        <ele>599</ele>
        <time>2026-05-09T23:12:02.045000Z</time>
      </trkpt>
      <trkpt lat="44.132486" lon="19.925355">
        <ele>605.4</ele>
        <time>2026-05-09T23:12:34.716000Z</time>
      </trkpt>
      <trkpt lat="44.132356" lon="19.925286">
        <ele>607</ele>
        <time>2026-05-09T23:12:43.177000Z</time>
      </trkpt>
      <trkpt lat="44.132084" lon="19.925037">
        <ele>610.1</ele>
        <time>2026-05-09T23:13:00.662000Z</time>
      </trkpt>
      <trkpt lat="44.131923" lon="19.924979">
        <ele>611.4</ele>
        <time>2026-05-09T23:13:08.272000Z</time>
      </trkpt>
      <trkpt lat="44.131793" lon="19.925019">
        <ele>612.2</ele>
        <time>2026-05-09T23:13:13.529000Z</time>
      </trkpt>
      <trkpt lat="44.131702" lon="19.925124">
        <ele>612.8</ele>
        <time>2026-05-09T23:13:17.529000Z</time>
      </trkpt>
      <trkpt lat="44.131663" lon="19.925188">
        <ele>613</ele>
        <time>2026-05-09T23:13:19.415000Z</time>
      </trkpt>
      <trkpt lat="44.131612" lon="19.92543">
        <ele>613.5</ele>
        <time>2026-05-09T23:13:23.841000Z</time>
      </trkpt>
      <trkpt lat="44.131617" lon="19.925614">
        <ele>613.6</ele>
        <time>2026-05-09T23:13:26.287000Z</time>
      </trkpt>
      <trkpt lat="44.131838" lon="19.926859">
        <ele>610.3</ele>
        <time>2026-05-09T23:13:35.427000Z</time>
      </trkpt>
      <trkpt lat="44.131796" lon="19.927099">
        <ele>609.7</ele>
        <time>2026-05-09T23:13:37.208000Z</time>
      </trkpt>
      <trkpt lat="44.131624" lon="19.927382">
        <ele>609.5</ele>
        <time>2026-05-09T23:13:40.741000Z</time>
      </trkpt>
      <trkpt lat="44.131531" lon="19.927474">
        <ele>609.7</ele>
        <time>2026-05-09T23:13:43.338000Z</time>
      </trkpt>
      <trkpt lat="44.1314" lon="19.927547">
        <ele>610.2</ele>
        <time>2026-05-09T23:13:47.341000Z</time>
      </trkpt>
      <trkpt lat="44.131226" lon="19.927543">
        <ele>611.1</ele>
        <time>2026-05-09T23:13:53.323000Z</time>
      </trkpt>
      <trkpt lat="44.131142" lon="19.927496">
        <ele>611.6</ele>
        <time>2026-05-09T23:13:56.807000Z</time>
      </trkpt>
      <trkpt lat="44.130989" lon="19.927344">
        <ele>613</ele>
        <time>2026-05-09T23:14:04.978000Z</time>
      </trkpt>
      <trkpt lat="44.130638" lon="19.926888">
        <ele>617.3</ele>
        <time>2026-05-09T23:14:29.404000Z</time>
      </trkpt>
      <trkpt lat="44.13052" lon="19.926825">
        <ele>618.4</ele>
        <time>2026-05-09T23:14:35.953000Z</time>
      </trkpt>
      <trkpt lat="44.130346" lon="19.926874">
        <ele>619.9</ele>
        <time>2026-05-09T23:14:44.662000Z</time>
      </trkpt>
      <trkpt lat="44.130276" lon="19.926959">
        <ele>620.6</ele>
        <time>2026-05-09T23:14:48.853000Z</time>
      </trkpt>
      <trkpt lat="44.130233" lon="19.927087">
        <ele>621.4</ele>
        <time>2026-05-09T23:14:53.259000Z</time>
      </trkpt>
      <trkpt lat="44.130234" lon="19.927528">
        <ele>623</ele>
        <time>2026-05-09T23:15:04.532000Z</time>
      </trkpt>
      <trkpt lat="44.13019" lon="19.927739">
        <ele>623.4</ele>
        <time>2026-05-09T23:15:08.662000Z</time>
      </trkpt>
      <trkpt lat="44.130101" lon="19.927902">
        <ele>623.6</ele>
        <time>2026-05-09T23:15:11.595000Z</time>
      </trkpt>
      <trkpt lat="44.129855" lon="19.928104">
        <ele>623.5</ele>
        <time>2026-05-09T23:15:15.302000Z</time>
      </trkpt>
      <trkpt lat="44.129784" lon="19.928191">
        <ele>623.3</ele>
        <time>2026-05-09T23:15:16.346000Z</time>
      </trkpt>
      <trkpt lat="44.129763" lon="19.928255">
        <ele>623.2</ele>
        <time>2026-05-09T23:15:16.902000Z</time>
      </trkpt>
      <trkpt lat="44.129764" lon="19.928439">
        <ele>622.8</ele>
        <time>2026-05-09T23:15:18.290000Z</time>
      </trkpt>
      <trkpt lat="44.129952" lon="19.928787">
        <ele>621.7</ele>
        <time>2026-05-09T23:15:21.402000Z</time>
      </trkpt>
      <trkpt lat="44.13" lon="19.928924">
        <ele>621.2</ele>
        <time>2026-05-09T23:15:22.440000Z</time>
      </trkpt>
      <trkpt lat="44.129996" lon="19.929073">
        <ele>620.7</ele>
        <time>2026-05-09T23:15:23.443000Z</time>
      </trkpt>
      <trkpt lat="44.129955" lon="19.929165">
        <ele>620.2</ele>
        <time>2026-05-09T23:15:24.172000Z</time>
      </trkpt>
      <trkpt lat="44.129834" lon="19.929266">
        <ele>619.4</ele>
        <time>2026-05-09T23:15:25.473000Z</time>
      </trkpt>
      <trkpt lat="44.129478" lon="19.929322">
        <ele>617.3</ele>
        <time>2026-05-09T23:15:28.764000Z</time>
      </trkpt>
      <trkpt lat="44.12933" lon="19.929398">
        <ele>616.5</ele>
        <time>2026-05-09T23:15:30.233000Z</time>
      </trkpt>
      <trkpt lat="44.129272" lon="19.929487">
        <ele>616</ele>
        <time>2026-05-09T23:15:31.055000Z</time>
      </trkpt>
      <trkpt lat="44.129222" lon="19.92963">
        <ele>615.6</ele>
        <time>2026-05-09T23:15:32.164000Z</time>
      </trkpt>
      <trkpt lat="44.129177" lon="19.930049">
        <ele>614.7</ele>
        <time>2026-05-09T23:15:35.313000Z</time>
      </trkpt>
      <trkpt lat="44.129085" lon="19.930183">
        <ele>614.5</ele>
        <time>2026-05-09T23:15:36.869000Z</time>
      </trkpt>
      <trkpt lat="44.128996" lon="19.930219">
        <ele>614.5</ele>
        <time>2026-05-09T23:15:38.103000Z</time>
      </trkpt>
      <trkpt lat="44.128877" lon="19.930198">
        <ele>614.5</ele>
        <time>2026-05-09T23:15:39.953000Z</time>
      </trkpt>
      <trkpt lat="44.128778" lon="19.930084">
        <ele>614.6</ele>
        <time>2026-05-09T23:15:42.396000Z</time>
      </trkpt>
      <trkpt lat="44.12843" lon="19.929351">
        <ele>616.5</ele>
        <time>2026-05-09T23:15:59.203000Z</time>
      </trkpt>
      <trkpt lat="44.128188" lon="19.92885">
        <ele>619.2</ele>
        <time>2026-05-09T23:16:16.499000Z</time>
      </trkpt>
      <trkpt lat="44.127941" lon="19.928491">
        <ele>622.8</ele>
        <time>2026-05-09T23:16:36.364000Z</time>
      </trkpt>
      <trkpt lat="44.127626" lon="19.928106">
        <ele>627.4</ele>
        <time>2026-05-09T23:17:00.999000Z</time>
      </trkpt>
      <trkpt lat="44.127522" lon="19.927832">
        <ele>629.5</ele>
        <time>2026-05-09T23:17:12.489000Z</time>
      </trkpt>
      <trkpt lat="44.127474" lon="19.927149">
        <ele>632.2</ele>
        <time>2026-05-09T23:17:30.682000Z</time>
      </trkpt>
      <trkpt lat="44.127396" lon="19.926917">
        <ele>632.6</ele>
        <time>2026-05-09T23:17:34.932000Z</time>
      </trkpt>
      <trkpt lat="44.127261" lon="19.926777">
        <ele>632.8</ele>
        <time>2026-05-09T23:17:38.290000Z</time>
      </trkpt>
      <trkpt lat="44.127141" lon="19.926734">
        <ele>633</ele>
        <time>2026-05-09T23:17:41.103000Z</time>
      </trkpt>
      <trkpt lat="44.126615" lon="19.926807">
        <ele>634.2</ele>
        <time>2026-05-09T23:17:53.697000Z</time>
      </trkpt>
      <trkpt lat="44.126434" lon="19.926765">
        <ele>634.6</ele>
        <time>2026-05-09T23:17:58.004000Z</time>
      </trkpt>
      <trkpt lat="44.126328" lon="19.926668">
        <ele>634.9</ele>
        <time>2026-05-09T23:18:01.208000Z</time>
      </trkpt>
      <trkpt lat="44.12627" lon="19.92656">
        <ele>635.2</ele>
        <time>2026-05-09T23:18:03.818000Z</time>
      </trkpt>
      <trkpt lat="44.126235" lon="19.926395">
        <ele>635.7</ele>
        <time>2026-05-09T23:18:07.499000Z</time>
      </trkpt>
      <trkpt lat="44.126231" lon="19.926224">
        <ele>636.3</ele>
        <time>2026-05-09T23:18:11.670000Z</time>
      </trkpt>
      <trkpt lat="44.126343" lon="19.925378">
        <ele>641.5</ele>
        <time>2026-05-09T23:18:41.614000Z</time>
      </trkpt>
      <trkpt lat="44.126397" lon="19.924981">
        <ele>645.4</ele>
        <time>2026-05-09T23:19:01.848000Z</time>
      </trkpt>
      <trkpt lat="44.126403" lon="19.924709">
        <ele>648.4</ele>
        <time>2026-05-09T23:19:16.751000Z</time>
      </trkpt>
      <trkpt lat="44.126296" lon="19.92407">
        <ele>654.8</ele>
        <time>2026-05-09T23:19:49.723000Z</time>
      </trkpt>
      <trkpt lat="44.126267" lon="19.923888">
        <ele>656.5</ele>
        <time>2026-05-09T23:19:58.376000Z</time>
      </trkpt>
      <trkpt lat="44.126275" lon="19.923655">
        <ele>658.5</ele>
        <time>2026-05-09T23:20:08.940000Z</time>
      </trkpt>
      <trkpt lat="44.126336" lon="19.923095">
        <ele>663.1</ele>
        <time>2026-05-09T23:20:33.601000Z</time>
      </trkpt>
      <trkpt lat="44.126303" lon="19.922781">
        <ele>665.6</ele>
        <time>2026-05-09T23:20:47.090000Z</time>
      </trkpt>
      <trkpt lat="44.126243" lon="19.92257">
        <ele>667.4</ele>
        <time>2026-05-09T23:20:56.777000Z</time>
      </trkpt>
      <trkpt lat="44.126154" lon="19.92238">
        <ele>669.2</ele>
        <time>2026-05-09T23:21:06.629000Z</time>
      </trkpt>
      <trkpt lat="44.125641" lon="19.921578">
        <ele>679.3</ele>
        <time>2026-05-09T23:21:58.476000Z</time>
      </trkpt>
      <trkpt lat="44.125172" lon="19.920874">
        <ele>687.4</ele>
        <time>2026-05-09T23:22:41.417000Z</time>
      </trkpt>
      <trkpt lat="44.125075" lon="19.920786">
        <ele>688.3</ele>
        <time>2026-05-09T23:22:47.001000Z</time>
      </trkpt>
      <trkpt lat="44.124982" lon="19.92081">
        <ele>689</ele>
        <time>2026-05-09T23:22:51.152000Z</time>
      </trkpt>
      <trkpt lat="44.124929" lon="19.920879">
        <ele>689.5</ele>
        <time>2026-05-09T23:22:53.950000Z</time>
      </trkpt>
      <trkpt lat="44.124878" lon="19.921089">
        <ele>690.3</ele>
        <time>2026-05-09T23:22:59.511000Z</time>
      </trkpt>
      <trkpt lat="44.124939" lon="19.921806">
        <ele>691.6</ele>
        <time>2026-05-09T23:23:12.665000Z</time>
      </trkpt>
      <trkpt lat="44.125138" lon="19.922496">
        <ele>690.6</ele>
        <time>2026-05-09T23:23:18.529000Z</time>
      </trkpt>
      <trkpt lat="44.125141" lon="19.922826">
        <ele>689.4</ele>
        <time>2026-05-09T23:23:20.766000Z</time>
      </trkpt>
      <trkpt lat="44.125107" lon="19.922971">
        <ele>688.9</ele>
        <time>2026-05-09T23:23:21.817000Z</time>
      </trkpt>
      <trkpt lat="44.125026" lon="19.92314">
        <ele>688.3</ele>
        <time>2026-05-09T23:23:23.233000Z</time>
      </trkpt>
      <trkpt lat="44.124931" lon="19.923254">
        <ele>687.9</ele>
        <time>2026-05-09T23:23:24.481000Z</time>
      </trkpt>
      <trkpt lat="44.124125" lon="19.923896">
        <ele>688.8</ele>
        <time>2026-05-09T23:23:42.057000Z</time>
      </trkpt>
      <trkpt lat="44.123976" lon="19.923927">
        <ele>689.6</ele>
        <time>2026-05-09T23:23:47.361000Z</time>
      </trkpt>
      <trkpt lat="44.123888" lon="19.923913">
        <ele>690.1</ele>
        <time>2026-05-09T23:23:50.700000Z</time>
      </trkpt>
      <trkpt lat="44.123769" lon="19.923841">
        <ele>690.9</ele>
        <time>2026-05-09T23:23:55.909000Z</time>
      </trkpt>
      <trkpt lat="44.123236" lon="19.923383">
        <ele>695.8</ele>
        <time>2026-05-09T23:24:24.909000Z</time>
      </trkpt>
      <trkpt lat="44.122398" lon="19.923057">
        <ele>703.2</ele>
        <time>2026-05-09T23:25:07.532000Z</time>
      </trkpt>
      <trkpt lat="44.122134" lon="19.923059">
        <ele>705.4</ele>
        <time>2026-05-09T23:25:20.307000Z</time>
      </trkpt>
      <trkpt lat="44.121724" lon="19.923299">
        <ele>709.4</ele>
        <time>2026-05-09T23:25:42.736000Z</time>
      </trkpt>
      <trkpt lat="44.121608" lon="19.92333">
        <ele>710.4</ele>
        <time>2026-05-09T23:25:48.598000Z</time>
      </trkpt>
      <trkpt lat="44.121521" lon="19.923313">
        <ele>711.1</ele>
        <time>2026-05-09T23:25:52.846000Z</time>
      </trkpt>
      <trkpt lat="44.121374" lon="19.923213">
        <ele>712.4</ele>
        <time>2026-05-09T23:26:00.392000Z</time>
      </trkpt>
      <trkpt lat="44.120966" lon="19.922728">
        <ele>716</ele>
        <time>2026-05-09T23:26:23.006000Z</time>
      </trkpt>
      <trkpt lat="44.120801" lon="19.922639">
        <ele>717.2</ele>
        <time>2026-05-09T23:26:30.188000Z</time>
      </trkpt>
      <trkpt lat="44.120646" lon="19.92269">
        <ele>718.2</ele>
        <time>2026-05-09T23:26:36.741000Z</time>
      </trkpt>
      <trkpt lat="44.120547" lon="19.922803">
        <ele>719.1</ele>
        <time>2026-05-09T23:26:42.019000Z</time>
      </trkpt>
      <trkpt lat="44.120321" lon="19.923379">
        <ele>722.1</ele>
        <time>2026-05-09T23:27:00.945000Z</time>
      </trkpt>
      <trkpt lat="44.120247" lon="19.923517">
        <ele>722.8</ele>
        <time>2026-05-09T23:27:05.670000Z</time>
      </trkpt>
      <trkpt lat="44.120162" lon="19.923596">
        <ele>723.3</ele>
        <time>2026-05-09T23:27:09.387000Z</time>
      </trkpt>
      <trkpt lat="44.120044" lon="19.923638">
        <ele>724</ele>
        <time>2026-05-09T23:27:13.879000Z</time>
      </trkpt>
      <trkpt lat="44.119748" lon="19.923637">
        <ele>725.7</ele>
        <time>2026-05-09T23:27:24.981000Z</time>
      </trkpt>
      <trkpt lat="44.119482" lon="19.923676">
        <ele>727.4</ele>
        <time>2026-05-09T23:27:35.741000Z</time>
      </trkpt>
      <trkpt lat="44.118834" lon="19.923984">
        <ele>732.6</ele>
        <time>2026-05-09T23:28:06.915000Z</time>
      </trkpt>
      <trkpt lat="44.118468" lon="19.92405">
        <ele>735.5</ele>
        <time>2026-05-09T23:28:24.088000Z</time>
      </trkpt>
      <trkpt lat="44.118318" lon="19.924136">
        <ele>736.7</ele>
        <time>2026-05-09T23:28:31.073000Z</time>
      </trkpt>
      <trkpt lat="44.118262" lon="19.924251">
        <ele>737.3</ele>
        <time>2026-05-09T23:28:35.126000Z</time>
      </trkpt>
      <trkpt lat="44.118253" lon="19.924345">
        <ele>737.7</ele>
        <time>2026-05-09T23:28:37.794000Z</time>
      </trkpt>
      <trkpt lat="44.118285" lon="19.924767">
        <ele>739.2</ele>
        <time>2026-05-09T23:28:48.182000Z</time>
      </trkpt>
      <trkpt lat="44.118268" lon="19.92497">
        <ele>739.6</ele>
        <time>2026-05-09T23:28:52.154000Z</time>
      </trkpt>
      <trkpt lat="44.118042" lon="19.925569">
        <ele>740.1</ele>
        <time>2026-05-09T23:29:01.152000Z</time>
      </trkpt>
      <trkpt lat="44.118041" lon="19.925711">
        <ele>740</ele>
        <time>2026-05-09T23:29:02.498000Z</time>
      </trkpt>
      <trkpt lat="44.11806" lon="19.925758">
        <ele>740</ele>
        <time>2026-05-09T23:29:02.999000Z</time>
      </trkpt>
      <trkpt lat="44.118163" lon="19.925822">
        <ele>739.9</ele>
        <time>2026-05-09T23:29:04.387000Z</time>
      </trkpt>
      <trkpt lat="44.118345" lon="19.925814">
        <ele>739.7</ele>
        <time>2026-05-09T23:29:06.540000Z</time>
      </trkpt>
      <trkpt lat="44.11875" lon="19.925666">
        <ele>739</ele>
        <time>2026-05-09T23:29:11.307000Z</time>
      </trkpt>
      <trkpt lat="44.118876" lon="19.925655">
        <ele>738.8</ele>
        <time>2026-05-09T23:29:12.741000Z</time>
      </trkpt>
      <trkpt lat="44.119032" lon="19.925693">
        <ele>738.6</ele>
        <time>2026-05-09T23:29:14.616000Z</time>
      </trkpt>
      <trkpt lat="44.119143" lon="19.92577">
        <ele>738.5</ele>
        <time>2026-05-09T23:29:16.126000Z</time>
      </trkpt>
      <trkpt lat="44.119224" lon="19.925878">
        <ele>738.4</ele>
        <time>2026-05-09T23:29:17.583000Z</time>
      </trkpt>
      <trkpt lat="44.119291" lon="19.926081">
        <ele>738.4</ele>
        <time>2026-05-09T23:29:19.925000Z</time>
      </trkpt>
      <trkpt lat="44.11944" lon="19.926819">
        <ele>739.6</ele>
        <time>2026-05-09T23:29:33.057000Z</time>
      </trkpt>
      <trkpt lat="44.119471" lon="19.927118">
        <ele>740.7</ele>
        <time>2026-05-09T23:29:40.575000Z</time>
      </trkpt>
      <trkpt lat="44.119404" lon="19.927365">
        <ele>741.8</ele>
        <time>2026-05-09T23:29:47.876000Z</time>
      </trkpt>
      <trkpt lat="44.119301" lon="19.927483">
        <ele>742.7</ele>
        <time>2026-05-09T23:29:53.302000Z</time>
      </trkpt>
      <trkpt lat="44.119146" lon="19.927534">
        <ele>743.8</ele>
        <time>2026-05-09T23:30:00.012000Z</time>
      </trkpt>
      <trkpt lat="44.11901" lon="19.927472">
        <ele>744.8</ele>
        <time>2026-05-09T23:30:06.430000Z</time>
      </trkpt>
      <trkpt lat="44.118639" lon="19.92712">
        <ele>748.1</ele>
        <time>2026-05-09T23:30:26.185000Z</time>
      </trkpt>
      <trkpt lat="44.1184" lon="19.927034">
        <ele>749.8</ele>
        <time>2026-05-09T23:30:36.723000Z</time>
      </trkpt>
      <trkpt lat="44.118167" lon="19.927002">
        <ele>751.3</ele>
        <time>2026-05-09T23:30:46.085000Z</time>
      </trkpt>
      <trkpt lat="44.11797" lon="19.92696">
        <ele>752.4</ele>
        <time>2026-05-09T23:30:53.687000Z</time>
      </trkpt>
      <trkpt lat="44.11789" lon="19.926883">
        <ele>752.9</ele>
        <time>2026-05-09T23:30:57.022000Z</time>
      </trkpt>
      <trkpt lat="44.117783" lon="19.926684">
        <ele>753.7</ele>
        <time>2026-05-09T23:31:02.894000Z</time>
      </trkpt>
      <trkpt lat="44.11762" lon="19.926273">
        <ele>754.9</ele>
        <time>2026-05-09T23:31:12.652000Z</time>
      </trkpt>
      <trkpt lat="44.117367" lon="19.926024">
        <ele>755.5</ele>
        <time>2026-05-09T23:31:19.652000Z</time>
      </trkpt>
      <trkpt lat="44.11731" lon="19.925937">
        <ele>755.6</ele>
        <time>2026-05-09T23:31:21.246000Z</time>
      </trkpt>
      <trkpt lat="44.117273" lon="19.925775">
        <ele>755.7</ele>
        <time>2026-05-09T23:31:23.322000Z</time>
      </trkpt>
      <trkpt lat="44.117279" lon="19.925693">
        <ele>755.7</ele>
        <time>2026-05-09T23:31:24.216000Z</time>
      </trkpt>
      <trkpt lat="44.11743" lon="19.92518">
        <ele>755.9</ele>
        <time>2026-05-09T23:31:31.203000Z</time>
      </trkpt>
      <trkpt lat="44.11744" lon="19.924966">
        <ele>756</ele>
        <time>2026-05-09T23:31:33.856000Z</time>
      </trkpt>
      <trkpt lat="44.117413" lon="19.92487">
        <ele>756.1</ele>
        <time>2026-05-09T23:31:35.086000Z</time>
      </trkpt>
      <trkpt lat="44.117321" lon="19.924672">
        <ele>756.2</ele>
        <time>2026-05-09T23:31:37.986000Z</time>
      </trkpt>
      <trkpt lat="44.117171" lon="19.924494">
        <ele>756.4</ele>
        <time>2026-05-09T23:31:41.710000Z</time>
      </trkpt>
      <trkpt lat="44.116822" lon="19.924289">
        <ele>756.6</ele>
        <time>2026-05-09T23:31:48.121000Z</time>
      </trkpt>
      <trkpt lat="44.116377" lon="19.924096">
        <ele>756</ele>
        <time>2026-05-09T23:31:53.664000Z</time>
      </trkpt>
      <trkpt lat="44.116179" lon="19.924022">
        <ele>755.5</ele>
        <time>2026-05-09T23:31:55.864000Z</time>
      </trkpt>
      <trkpt lat="44.11609" lon="19.92399">
        <ele>755.2</ele>
        <time>2026-05-09T23:31:56.807000Z</time>
      </trkpt>
      <trkpt lat="44.116018" lon="19.923979">
        <ele>755</ele>
        <time>2026-05-09T23:31:57.552000Z</time>
      </trkpt>
      <trkpt lat="44.115843" lon="19.923944">
        <ele>754.4</ele>
        <time>2026-05-09T23:31:59.302000Z</time>
      </trkpt>
      <trkpt lat="44.115695" lon="19.923837">
        <ele>753.7</ele>
        <time>2026-05-09T23:32:00.920000Z</time>
      </trkpt>
      <trkpt lat="44.115544" lon="19.923608">
        <ele>752.7</ele>
        <time>2026-05-09T23:32:03.055000Z</time>
      </trkpt>
      <trkpt lat="44.115509" lon="19.923457">
        <ele>752.1</ele>
        <time>2026-05-09T23:32:04.139000Z</time>
      </trkpt>
      <trkpt lat="44.115516" lon="19.923189">
        <ele>751.2</ele>
        <time>2026-05-09T23:32:05.955000Z</time>
      </trkpt>
      <trkpt lat="44.115581" lon="19.922974">
        <ele>750.3</ele>
        <time>2026-05-09T23:32:07.519000Z</time>
      </trkpt>
      <trkpt lat="44.115757" lon="19.92275">
        <ele>749</ele>
        <time>2026-05-09T23:32:09.739000Z</time>
      </trkpt>
      <trkpt lat="44.116601" lon="19.92193">
        <ele>746.5</ele>
        <time>2026-05-09T23:32:20.662000Z</time>
      </trkpt>
      <trkpt lat="44.116899" lon="19.921687">
        <ele>746.4</ele>
        <time>2026-05-09T23:32:25.455000Z</time>
      </trkpt>
      <trkpt lat="44.117261" lon="19.921467">
        <ele>746.3</ele>
        <time>2026-05-09T23:32:30.912000Z</time>
      </trkpt>
      <trkpt lat="44.117305" lon="19.921431">
        <ele>746.3</ele>
        <time>2026-05-09T23:32:31.682000Z</time>
      </trkpt>
      <trkpt lat="44.117351" lon="19.921339">
        <ele>746.3</ele>
        <time>2026-05-09T23:32:32.876000Z</time>
      </trkpt>
      <trkpt lat="44.117363" lon="19.921179">
        <ele>746.3</ele>
        <time>2026-05-09T23:32:34.756000Z</time>
      </trkpt>
      <trkpt lat="44.117214" lon="19.920908">
        <ele>746.5</ele>
        <time>2026-05-09T23:32:38.938000Z</time>
      </trkpt>
      <trkpt lat="44.117183" lon="19.920719">
        <ele>746.4</ele>
        <time>2026-05-09T23:32:40.922000Z</time>
      </trkpt>
      <trkpt lat="44.117209" lon="19.92058">
        <ele>746.4</ele>
        <time>2026-05-09T23:32:42.215000Z</time>
      </trkpt>
      <trkpt lat="44.117372" lon="19.920208">
        <ele>745.9</ele>
        <time>2026-05-09T23:32:45.782000Z</time>
      </trkpt>
      <trkpt lat="44.117393" lon="19.920021">
        <ele>745.5</ele>
        <time>2026-05-09T23:32:47.216000Z</time>
      </trkpt>
      <trkpt lat="44.117384" lon="19.919957">
        <ele>745.4</ele>
        <time>2026-05-09T23:32:47.700000Z</time>
      </trkpt>
      <trkpt lat="44.117326" lon="19.919847">
        <ele>745.1</ele>
        <time>2026-05-09T23:32:48.688000Z</time>
      </trkpt>
      <trkpt lat="44.117187" lon="19.919767">
        <ele>744.5</ele>
        <time>2026-05-09T23:32:50.169000Z</time>
      </trkpt>
      <trkpt lat="44.117115" lon="19.91978">
        <ele>744.2</ele>
        <time>2026-05-09T23:32:50.866000Z</time>
      </trkpt>
      <trkpt lat="44.117037" lon="19.919867">
        <ele>743.7</ele>
        <time>2026-05-09T23:32:51.813000Z</time>
      </trkpt>
      <trkpt lat="44.116941" lon="19.920155">
        <ele>742.4</ele>
        <time>2026-05-09T23:32:53.935000Z</time>
      </trkpt>
      <trkpt lat="44.116836" lon="19.920327">
        <ele>741.4</ele>
        <time>2026-05-09T23:32:55.412000Z</time>
      </trkpt>
      <trkpt lat="44.11618" lon="19.920835">
        <ele>735.2</ele>
        <time>2026-05-09T23:33:02.019000Z</time>
      </trkpt>
      <trkpt lat="44.11583" lon="19.920877">
        <ele>731.8</ele>
        <time>2026-05-09T23:33:05.052000Z</time>
      </trkpt>
      <trkpt lat="44.115364" lon="19.92081">
        <ele>727.4</ele>
        <time>2026-05-09T23:33:09.108000Z</time>
      </trkpt>
      <trkpt lat="44.115164" lon="19.920816">
        <ele>725.7</ele>
        <time>2026-05-09T23:33:10.861000Z</time>
      </trkpt>
      <trkpt lat="44.115063" lon="19.920856">
        <ele>724.9</ele>
        <time>2026-05-09T23:33:11.790000Z</time>
      </trkpt>
      <trkpt lat="44.114695" lon="19.921094">
        <ele>722.1</ele>
        <time>2026-05-09T23:33:15.450000Z</time>
      </trkpt>
      <trkpt lat="44.114534" lon="19.921151">
        <ele>721.2</ele>
        <time>2026-05-09T23:33:16.993000Z</time>
      </trkpt>
      <trkpt lat="44.114376" lon="19.921162">
        <ele>720.4</ele>
        <time>2026-05-09T23:33:18.473000Z</time>
      </trkpt>
      <trkpt lat="44.114164" lon="19.921119">
        <ele>719.4</ele>
        <time>2026-05-09T23:33:20.527000Z</time>
      </trkpt>
      <trkpt lat="44.114032" lon="19.921025">
        <ele>718.8</ele>
        <time>2026-05-09T23:33:21.966000Z</time>
      </trkpt>
      <trkpt lat="44.113937" lon="19.920811">
        <ele>718.1</ele>
        <time>2026-05-09T23:33:23.726000Z</time>
      </trkpt>
      <trkpt lat="44.113882" lon="19.92035">
        <ele>716.8</ele>
        <time>2026-05-09T23:33:27.019000Z</time>
      </trkpt>
      <trkpt lat="44.113827" lon="19.920264">
        <ele>716.5</ele>
        <time>2026-05-09T23:33:27.833000Z</time>
      </trkpt>
      <trkpt lat="44.113733" lon="19.920195">
        <ele>716.1</ele>
        <time>2026-05-09T23:33:28.879000Z</time>
      </trkpt>
      <trkpt lat="44.113608" lon="19.920199">
        <ele>715.6</ele>
        <time>2026-05-09T23:33:30.126000Z</time>
      </trkpt>
      <trkpt lat="44.113259" lon="19.920378">
        <ele>714.2</ele>
        <time>2026-05-09T23:33:33.764000Z</time>
      </trkpt>
      <trkpt lat="44.113109" lon="19.9204">
        <ele>713.5</ele>
        <time>2026-05-09T23:33:35.218000Z</time>
      </trkpt>
      <trkpt lat="44.112955" lon="19.920373">
        <ele>712.8</ele>
        <time>2026-05-09T23:33:36.705000Z</time>
      </trkpt>
      <trkpt lat="44.112595" lon="19.920143">
        <ele>711</ele>
        <time>2026-05-09T23:33:40.486000Z</time>
      </trkpt>
      <trkpt lat="44.11213" lon="19.920002">
        <ele>708.8</ele>
        <time>2026-05-09T23:33:45.019000Z</time>
      </trkpt>
      <trkpt lat="44.111707" lon="19.91981">
        <ele>706.7</ele>
        <time>2026-05-09T23:33:49.290000Z</time>
      </trkpt>
      <trkpt lat="44.11158" lon="19.919719">
        <ele>706.1</ele>
        <time>2026-05-09T23:33:50.644000Z</time>
      </trkpt>
      <trkpt lat="44.111369" lon="19.91944">
        <ele>704.6</ele>
        <time>2026-05-09T23:33:53.389000Z</time>
      </trkpt>
      <trkpt lat="44.111263" lon="19.919392">
        <ele>704</ele>
        <time>2026-05-09T23:33:54.430000Z</time>
      </trkpt>
      <trkpt lat="44.111095" lon="19.919449">
        <ele>703</ele>
        <time>2026-05-09T23:33:56.024000Z</time>
      </trkpt>
      <trkpt lat="44.110929" lon="19.919691">
        <ele>701.5</ele>
        <time>2026-05-09T23:33:58.211000Z</time>
      </trkpt>
      <trkpt lat="44.110806" lon="19.919791">
        <ele>700.5</ele>
        <time>2026-05-09T23:33:59.493000Z</time>
      </trkpt>
      <trkpt lat="44.109696" lon="19.919854">
        <ele>691.8</ele>
        <time>2026-05-09T23:34:09.325000Z</time>
      </trkpt>
      <trkpt lat="44.109489" lon="19.919823">
        <ele>690.2</ele>
        <time>2026-05-09T23:34:11.177000Z</time>
      </trkpt>
      <trkpt lat="44.108714" lon="19.919254">
        <ele>684.7</ele>
        <time>2026-05-09T23:34:19.170000Z</time>
      </trkpt>
      <trkpt lat="44.108492" lon="19.919124">
        <ele>683.4</ele>
        <time>2026-05-09T23:34:21.397000Z</time>
      </trkpt>
      <trkpt lat="44.108041" lon="19.918922">
        <ele>680.5</ele>
        <time>2026-05-09T23:34:25.749000Z</time>
      </trkpt>
      <trkpt lat="44.107631" lon="19.91868">
        <ele>677.6</ele>
        <time>2026-05-09T23:34:29.769000Z</time>
      </trkpt>
      <trkpt lat="44.106858" lon="19.918439">
        <ele>672.3</ele>
        <time>2026-05-09T23:34:36.932000Z</time>
      </trkpt>
      <trkpt lat="44.106145" lon="19.918123">
        <ele>669.5</ele>
        <time>2026-05-09T23:34:44.330000Z</time>
      </trkpt>
      <trkpt lat="44.106062" lon="19.917981">
        <ele>669.2</ele>
        <time>2026-05-09T23:34:45.751000Z</time>
      </trkpt>
      <trkpt lat="44.106064" lon="19.917814">
        <ele>668.9</ele>
        <time>2026-05-09T23:34:47.047000Z</time>
      </trkpt>
      <trkpt lat="44.106285" lon="19.917452">
        <ele>668.2</ele>
        <time>2026-05-09T23:34:50.716000Z</time>
      </trkpt>
      <trkpt lat="44.106352" lon="19.917267">
        <ele>667.8</ele>
        <time>2026-05-09T23:34:52.297000Z</time>
      </trkpt>
      <trkpt lat="44.106325" lon="19.917062">
        <ele>667.4</ele>
        <time>2026-05-09T23:34:53.869000Z</time>
      </trkpt>
      <trkpt lat="44.10629" lon="19.91699">
        <ele>667.3</ele>
        <time>2026-05-09T23:34:54.516000Z</time>
      </trkpt>
      <trkpt lat="44.106216" lon="19.91692">
        <ele>667</ele>
        <time>2026-05-09T23:34:55.450000Z</time>
      </trkpt>
      <trkpt lat="44.106102" lon="19.916902">
        <ele>666.7</ele>
        <time>2026-05-09T23:34:56.649000Z</time>
      </trkpt>
      <trkpt lat="44.105622" lon="19.916928">
        <ele>665.2</ele>
        <time>2026-05-09T23:35:01.560000Z</time>
      </trkpt>
      <trkpt lat="44.105212" lon="19.916638">
        <ele>663.4</ele>
        <time>2026-05-09T23:35:06.024000Z</time>
      </trkpt>
      <trkpt lat="44.105071" lon="19.9166">
        <ele>662.7</ele>
        <time>2026-05-09T23:35:07.404000Z</time>
      </trkpt>
      <trkpt lat="44.10475" lon="19.916598">
        <ele>661.2</ele>
        <time>2026-05-09T23:35:10.453000Z</time>
      </trkpt>
      <trkpt lat="44.104597" lon="19.916521">
        <ele>660.4</ele>
        <time>2026-05-09T23:35:11.998000Z</time>
      </trkpt>
      <trkpt lat="44.104367" lon="19.916345">
        <ele>659.2</ele>
        <time>2026-05-09T23:35:14.499000Z</time>
      </trkpt>
      <trkpt lat="44.104187" lon="19.916284">
        <ele>658.3</ele>
        <time>2026-05-09T23:35:16.262000Z</time>
      </trkpt>
      <trkpt lat="44.104008" lon="19.916304">
        <ele>657.5</ele>
        <time>2026-05-09T23:35:17.988000Z</time>
      </trkpt>
      <trkpt lat="44.103062" lon="19.916603">
        <ele>652.2</ele>
        <time>2026-05-09T23:35:26.998000Z</time>
      </trkpt>
      <trkpt lat="44.102728" lon="19.916601">
        <ele>650</ele>
        <time>2026-05-09T23:35:30.029000Z</time>
      </trkpt>
      <trkpt lat="44.102549" lon="19.916514">
        <ele>648.8</ele>
        <time>2026-05-09T23:35:31.762000Z</time>
      </trkpt>
      <trkpt lat="44.102495" lon="19.916438">
        <ele>648.3</ele>
        <time>2026-05-09T23:35:32.461000Z</time>
      </trkpt>
      <trkpt lat="44.102386" lon="19.916096">
        <ele>646.7</ele>
        <time>2026-05-09T23:35:34.922000Z</time>
      </trkpt>
      <trkpt lat="44.102279" lon="19.9159">
        <ele>645.7</ele>
        <time>2026-05-09T23:35:36.562000Z</time>
      </trkpt>
      <trkpt lat="44.101765" lon="19.915501">
        <ele>643.2</ele>
        <time>2026-05-09T23:35:42.244000Z</time>
      </trkpt>
      <trkpt lat="44.101655" lon="19.915362">
        <ele>642.8</ele>
        <time>2026-05-09T23:35:43.795000Z</time>
      </trkpt>
      <trkpt lat="44.101526" lon="19.915076">
        <ele>642.3</ele>
        <time>2026-05-09T23:35:46.516000Z</time>
      </trkpt>
      <trkpt lat="44.101456" lon="19.914739">
        <ele>642.1</ele>
        <time>2026-05-09T23:35:49.677000Z</time>
      </trkpt>
      <trkpt lat="44.101445" lon="19.914357">
        <ele>642.1</ele>
        <time>2026-05-09T23:35:53.588000Z</time>
      </trkpt>
      <trkpt lat="44.101498" lon="19.914031">
        <ele>642.1</ele>
        <time>2026-05-09T23:35:57.090000Z</time>
      </trkpt>
      <trkpt lat="44.101681" lon="19.913587">
        <ele>642</ele>
        <time>2026-05-09T23:36:02.228000Z</time>
      </trkpt>
      <trkpt lat="44.101708" lon="19.913471">
        <ele>641.9</ele>
        <time>2026-05-09T23:36:03.394000Z</time>
      </trkpt>
      <trkpt lat="44.101675" lon="19.913293">
        <ele>641.8</ele>
        <time>2026-05-09T23:36:05.029000Z</time>
      </trkpt>
      <trkpt lat="44.101603" lon="19.913222">
        <ele>641.7</ele>
        <time>2026-05-09T23:36:06.075000Z</time>
      </trkpt>
      <trkpt lat="44.10149" lon="19.9132">
        <ele>641.5</ele>
        <time>2026-05-09T23:36:07.366000Z</time>
      </trkpt>
      <trkpt lat="44.10139" lon="19.913251">
        <ele>641.3</ele>
        <time>2026-05-09T23:36:08.542000Z</time>
      </trkpt>
      <trkpt lat="44.100927" lon="19.913808">
        <ele>639</ele>
        <time>2026-05-09T23:36:14.570000Z</time>
      </trkpt>
      <trkpt lat="44.100729" lon="19.913964">
        <ele>637.7</ele>
        <time>2026-05-09T23:36:16.682000Z</time>
      </trkpt>
      <trkpt lat="44.100493" lon="19.914087">
        <ele>636.2</ele>
        <time>2026-05-09T23:36:18.988000Z</time>
      </trkpt>
      <trkpt lat="44.1001" lon="19.914205">
        <ele>633.7</ele>
        <time>2026-05-09T23:36:22.649000Z</time>
      </trkpt>
      <trkpt lat="44.09931" lon="19.914518">
        <ele>629.2</ele>
        <time>2026-05-09T23:36:30.295000Z</time>
      </trkpt>
      <trkpt lat="44.098975" lon="19.914595">
        <ele>627.6</ele>
        <time>2026-05-09T23:36:33.517000Z</time>
      </trkpt>
      <trkpt lat="44.098821" lon="19.914569">
        <ele>626.8</ele>
        <time>2026-05-09T23:36:34.983000Z</time>
      </trkpt>
      <trkpt lat="44.098657" lon="19.914478">
        <ele>626</ele>
        <time>2026-05-09T23:36:36.659000Z</time>
      </trkpt>
      <trkpt lat="44.098559" lon="19.914377">
        <ele>625.4</ele>
        <time>2026-05-09T23:36:37.812000Z</time>
      </trkpt>
      <trkpt lat="44.098381" lon="19.9141">
        <ele>624</ele>
        <time>2026-05-09T23:36:40.325000Z</time>
      </trkpt>
      <trkpt lat="44.09825" lon="19.91402">
        <ele>623.3</ele>
        <time>2026-05-09T23:36:41.675000Z</time>
      </trkpt>
      <trkpt lat="44.098016" lon="19.914029">
        <ele>622.1</ele>
        <time>2026-05-09T23:36:43.866000Z</time>
      </trkpt>
      <trkpt lat="44.097028" lon="19.914193">
        <ele>616.7</ele>
        <time>2026-05-09T23:36:53.137000Z</time>
      </trkpt>
      <trkpt lat="44.096215" lon="19.914343">
        <ele>612.8</ele>
        <time>2026-05-09T23:37:00.932000Z</time>
      </trkpt>
      <trkpt lat="44.095209" lon="19.914751">
        <ele>608.2</ele>
        <time>2026-05-09T23:37:11.014000Z</time>
      </trkpt>
      <trkpt lat="44.095073" lon="19.914753">
        <ele>607.6</ele>
        <time>2026-05-09T23:37:12.307000Z</time>
      </trkpt>
      <trkpt lat="44.094928" lon="19.914711">
        <ele>606.8</ele>
        <time>2026-05-09T23:37:13.693000Z</time>
      </trkpt>
      <trkpt lat="44.09399" lon="19.914349">
        <ele>600</ele>
        <time>2026-05-09T23:37:22.440000Z</time>
      </trkpt>
      <trkpt lat="44.093814" lon="19.914352">
        <ele>598.4</ele>
        <time>2026-05-09T23:37:23.971000Z</time>
      </trkpt>
      <trkpt lat="44.093289" lon="19.914442">
        <ele>593.6</ele>
        <time>2026-05-09T23:37:28.567000Z</time>
      </trkpt>
      <trkpt lat="44.092846" lon="19.91444">
        <ele>589.8</ele>
        <time>2026-05-09T23:37:32.453000Z</time>
      </trkpt>
      <trkpt lat="44.092697" lon="19.91447">
        <ele>588.6</ele>
        <time>2026-05-09T23:37:33.782000Z</time>
      </trkpt>
      <trkpt lat="44.092579" lon="19.914583">
        <ele>587.5</ele>
        <time>2026-05-09T23:37:35.052000Z</time>
      </trkpt>
      <trkpt lat="44.092504" lon="19.914776">
        <ele>586.4</ele>
        <time>2026-05-09T23:37:36.461000Z</time>
      </trkpt>
      <trkpt lat="44.092381" lon="19.915692">
        <ele>582.4</ele>
        <time>2026-05-09T23:37:42.613000Z</time>
      </trkpt>
      <trkpt lat="44.092389" lon="19.916038">
        <ele>581.3</ele>
        <time>2026-05-09T23:37:45.014000Z</time>
      </trkpt>
      <trkpt lat="44.092437" lon="19.916194">
        <ele>580.9</ele>
        <time>2026-05-09T23:37:46.218000Z</time>
      </trkpt>
      <trkpt lat="44.092516" lon="19.916301">
        <ele>580.5</ele>
        <time>2026-05-09T23:37:47.325000Z</time>
      </trkpt>
      <trkpt lat="44.092603" lon="19.916371">
        <ele>580.2</ele>
        <time>2026-05-09T23:37:48.351000Z</time>
      </trkpt>
      <trkpt lat="44.092766" lon="19.916435">
        <ele>579.7</ele>
        <time>2026-05-09T23:37:50.098000Z</time>
      </trkpt>
      <trkpt lat="44.093421" lon="19.916586">
        <ele>578.2</ele>
        <time>2026-05-09T23:37:57.262000Z</time>
      </trkpt>
      <trkpt lat="44.094321" lon="19.916625">
        <ele>576.8</ele>
        <time>2026-05-09T23:38:07.580000Z</time>
      </trkpt>
      <trkpt lat="44.09468" lon="19.916714">
        <ele>576.3</ele>
        <time>2026-05-09T23:38:11.736000Z</time>
      </trkpt>
      <trkpt lat="44.09487" lon="19.91682">
        <ele>576</ele>
        <time>2026-05-09T23:38:14.172000Z</time>
      </trkpt>
      <trkpt lat="44.095087" lon="19.916993">
        <ele>575.8</ele>
        <time>2026-05-09T23:38:17.294000Z</time>
      </trkpt>
      <trkpt lat="44.095327" lon="19.917237">
        <ele>575.6</ele>
        <time>2026-05-09T23:38:21.152000Z</time>
      </trkpt>
      <trkpt lat="44.095465" lon="19.917419">
        <ele>575.4</ele>
        <time>2026-05-09T23:38:23.369000Z</time>
      </trkpt>
      <trkpt lat="44.095522" lon="19.917581">
        <ele>575.1</ele>
        <time>2026-05-09T23:38:24.820000Z</time>
      </trkpt>
      <trkpt lat="44.095542" lon="19.917739">
        <ele>574.9</ele>
        <time>2026-05-09T23:38:26.090000Z</time>
      </trkpt>
      <trkpt lat="44.095531" lon="19.917897">
        <ele>574.6</ele>
        <time>2026-05-09T23:38:27.300000Z</time>
      </trkpt>
      <trkpt lat="44.095487" lon="19.918067">
        <ele>574.3</ele>
        <time>2026-05-09T23:38:28.672000Z</time>
      </trkpt>
      <trkpt lat="44.095399" lon="19.918219">
        <ele>573.9</ele>
        <time>2026-05-09T23:38:30.126000Z</time>
      </trkpt>
      <trkpt lat="44.095353" lon="19.918277">
        <ele>573.7</ele>
        <time>2026-05-09T23:38:30.769000Z</time>
      </trkpt>
      <trkpt lat="44.095206" lon="19.91838">
        <ele>573.2</ele>
        <time>2026-05-09T23:38:32.458000Z</time>
      </trkpt>
      <trkpt lat="44.095019" lon="19.918404">
        <ele>572.7</ele>
        <time>2026-05-09T23:38:34.384000Z</time>
      </trkpt>
      <trkpt lat="44.094178" lon="19.918128">
        <ele>569.5</ele>
        <time>2026-05-09T23:38:42.917000Z</time>
      </trkpt>
      <trkpt lat="44.093323" lon="19.918007">
        <ele>565.7</ele>
        <time>2026-05-09T23:38:51.200000Z</time>
      </trkpt>
      <trkpt lat="44.092338" lon="19.91807">
        <ele>562.3</ele>
        <time>2026-05-09T23:39:01.070000Z</time>
      </trkpt>
      <trkpt lat="44.091345" lon="19.91821">
        <ele>557.9</ele>
        <time>2026-05-09T23:39:10.672000Z</time>
      </trkpt>
      <trkpt lat="44.090893" lon="19.918195">
        <ele>555.4</ele>
        <time>2026-05-09T23:39:14.871000Z</time>
      </trkpt>
      <trkpt lat="44.089995" lon="19.918042">
        <ele>550.4</ele>
        <time>2026-05-09T23:39:23.267000Z</time>
      </trkpt>
      <trkpt lat="44.087383" lon="19.918094">
        <ele>539.7</ele>
        <time>2026-05-09T23:39:48.665000Z</time>
      </trkpt>
      <trkpt lat="44.086988" lon="19.918186">
        <ele>538.2</ele>
        <time>2026-05-09T23:39:52.641000Z</time>
      </trkpt>
      <trkpt lat="44.08598" lon="19.918529">
        <ele>535.2</ele>
        <time>2026-05-09T23:40:03.343000Z</time>
      </trkpt>
      <trkpt lat="44.08564" lon="19.918577">
        <ele>534.4</ele>
        <time>2026-05-09T23:40:06.994000Z</time>
      </trkpt>
      <trkpt lat="44.085456" lon="19.918576">
        <ele>534</ele>
        <time>2026-05-09T23:40:08.940000Z</time>
      </trkpt>
      <trkpt lat="44.085143" lon="19.918577">
        <ele>533.2</ele>
        <time>2026-05-09T23:40:12.246000Z</time>
      </trkpt>
      <trkpt lat="44.084784" lon="19.918514">
        <ele>532.2</ele>
        <time>2026-05-09T23:40:16.029000Z</time>
      </trkpt>
      <trkpt lat="44.083945" lon="19.918188">
        <ele>529.5</ele>
        <time>2026-05-09T23:40:24.927000Z</time>
      </trkpt>
      <trkpt lat="44.083516" lon="19.918014">
        <ele>528.1</ele>
        <time>2026-05-09T23:40:29.448000Z</time>
      </trkpt>
      <trkpt lat="44.082836" lon="19.917739">
        <ele>526.2</ele>
        <time>2026-05-09T23:40:36.828000Z</time>
      </trkpt>
      <trkpt lat="44.081395" lon="19.917161">
        <ele>522.8</ele>
        <time>2026-05-09T23:40:52.963000Z</time>
      </trkpt>
      <trkpt lat="44.079284" lon="19.91638">
        <ele>517.7</ele>
        <time>2026-05-09T23:41:16.307000Z</time>
      </trkpt>
      <trkpt lat="44.078944" lon="19.916328">
        <ele>517.1</ele>
        <time>2026-05-09T23:41:20.142000Z</time>
      </trkpt>
      <trkpt lat="44.078626" lon="19.916362">
        <ele>516.6</ele>
        <time>2026-05-09T23:41:23.766000Z</time>
      </trkpt>
      <trkpt lat="44.078406" lon="19.916408">
        <ele>516.2</ele>
        <time>2026-05-09T23:41:26.325000Z</time>
      </trkpt>
      <trkpt lat="44.078209" lon="19.916444">
        <ele>515.9</ele>
        <time>2026-05-09T23:41:28.647000Z</time>
      </trkpt>
      <trkpt lat="44.077927" lon="19.91649">
        <ele>515.6</ele>
        <time>2026-05-09T23:41:31.973000Z</time>
      </trkpt>
      <trkpt lat="44.076916" lon="19.916588">
        <ele>513.7</ele>
        <time>2026-05-09T23:41:43.211000Z</time>
      </trkpt>
      <trkpt lat="44.076536" lon="19.916597">
        <ele>512.5</ele>
        <time>2026-05-09T23:41:47.088000Z</time>
      </trkpt>
      <trkpt lat="44.076312" lon="19.91654">
        <ele>511.7</ele>
        <time>2026-05-09T23:41:49.389000Z</time>
      </trkpt>
      <trkpt lat="44.075899" lon="19.916331">
        <ele>510.2</ele>
        <time>2026-05-09T23:41:53.779000Z</time>
      </trkpt>
      <trkpt lat="44.075544" lon="19.916259">
        <ele>508.9</ele>
        <time>2026-05-09T23:41:57.335000Z</time>
      </trkpt>
      <trkpt lat="44.074196" lon="19.916465">
        <ele>505.1</ele>
        <time>2026-05-09T23:42:11.425000Z</time>
      </trkpt>
      <trkpt lat="44.073902" lon="19.916562">
        <ele>504.6</ele>
        <time>2026-05-09T23:42:14.769000Z</time>
      </trkpt>
      <trkpt lat="44.073502" lon="19.916857">
        <ele>503.8</ele>
        <time>2026-05-09T23:42:19.836000Z</time>
      </trkpt>
      <trkpt lat="44.073019" lon="19.917249">
        <ele>502.8</ele>
        <time>2026-05-09T23:42:26.134000Z</time>
      </trkpt>
      <trkpt lat="44.071873" lon="19.917998">
        <ele>500.3</ele>
        <time>2026-05-09T23:42:40.029000Z</time>
      </trkpt>
      <trkpt lat="44.07122" lon="19.918164">
        <ele>499.1</ele>
        <time>2026-05-09T23:42:47.501000Z</time>
      </trkpt>
      <trkpt lat="44.070889" lon="19.918294">
        <ele>498.6</ele>
        <time>2026-05-09T23:42:51.506000Z</time>
      </trkpt>
      <trkpt lat="44.070622" lon="19.918435">
        <ele>498.3</ele>
        <time>2026-05-09T23:42:54.876000Z</time>
      </trkpt>
      <trkpt lat="44.070329" lon="19.918633">
        <ele>497.9</ele>
        <time>2026-05-09T23:42:58.738000Z</time>
      </trkpt>
      <trkpt lat="44.069873" lon="19.919023">
        <ele>497.2</ele>
        <time>2026-05-09T23:43:05.073000Z</time>
      </trkpt>
      <trkpt lat="44.068913" lon="19.919949">
        <ele>495.4</ele>
        <time>2026-05-09T23:43:18.458000Z</time>
      </trkpt>
      <trkpt lat="44.068747" lon="19.920015">
        <ele>495.1</ele>
        <time>2026-05-09T23:43:20.381000Z</time>
      </trkpt>
      <trkpt lat="44.06814" lon="19.920141">
        <ele>493.9</ele>
        <time>2026-05-09T23:43:27.162000Z</time>
      </trkpt>
      <trkpt lat="44.067428" lon="19.920379">
        <ele>492.5</ele>
        <time>2026-05-09T23:43:35.267000Z</time>
      </trkpt>
      <trkpt lat="44.066393" lon="19.920793">
        <ele>490.5</ele>
        <time>2026-05-09T23:43:47.274000Z</time>
      </trkpt>
      <trkpt lat="44.065909" lon="19.920969">
        <ele>489.9</ele>
        <time>2026-05-09T23:43:53.218000Z</time>
      </trkpt>
      <trkpt lat="44.0656" lon="19.921144">
        <ele>489.6</ele>
        <time>2026-05-09T23:43:57.277000Z</time>
      </trkpt>
      <trkpt lat="44.064814" lon="19.921752">
        <ele>488.7</ele>
        <time>2026-05-09T23:44:08.371000Z</time>
      </trkpt>
      <trkpt lat="44.064098" lon="19.922367">
        <ele>487.8</ele>
        <time>2026-05-09T23:44:18.422000Z</time>
      </trkpt>
      <trkpt lat="44.063786" lon="19.922604">
        <ele>487.2</ele>
        <time>2026-05-09T23:44:22.481000Z</time>
      </trkpt>
      <trkpt lat="44.061539" lon="19.924111">
        <ele>482.2</ele>
        <time>2026-05-09T23:44:49.909000Z</time>
      </trkpt>
      <trkpt lat="44.06129" lon="19.924245">
        <ele>481.7</ele>
        <time>2026-05-09T23:44:52.800000Z</time>
      </trkpt>
      <trkpt lat="44.060957" lon="19.924361">
        <ele>480.9</ele>
        <time>2026-05-09T23:44:56.481000Z</time>
      </trkpt>
      <trkpt lat="44.059722" lon="19.924486">
        <ele>478.3</ele>
        <time>2026-05-09T23:45:09.978000Z</time>
      </trkpt>
      <trkpt lat="44.059388" lon="19.924481">
        <ele>478</ele>
        <time>2026-05-09T23:45:14.205000Z</time>
      </trkpt>
      <trkpt lat="44.059093" lon="19.924363">
        <ele>478.1</ele>
        <time>2026-05-09T23:45:19.126000Z</time>
      </trkpt>
      <trkpt lat="44.058929" lon="19.924224">
        <ele>478.2</ele>
        <time>2026-05-09T23:45:22.208000Z</time>
      </trkpt>
      <trkpt lat="44.058791" lon="19.924042">
        <ele>478.2</ele>
        <time>2026-05-09T23:45:25.233000Z</time>
      </trkpt>
      <trkpt lat="44.058667" lon="19.923805">
        <ele>478.3</ele>
        <time>2026-05-09T23:45:28.491000Z</time>
      </trkpt>
      <trkpt lat="44.058581" lon="19.923581">
        <ele>478.3</ele>
        <time>2026-05-09T23:45:31.231000Z</time>
      </trkpt>
      <trkpt lat="44.058536" lon="19.923488">
        <ele>478.3</ele>
        <time>2026-05-09T23:45:32.473000Z</time>
      </trkpt>
      <trkpt lat="44.05843" lon="19.923375">
        <ele>478.3</ele>
        <time>2026-05-09T23:45:34.356000Z</time>
      </trkpt>
      <trkpt lat="44.058309" lon="19.92333">
        <ele>478.2</ele>
        <time>2026-05-09T23:45:36.047000Z</time>
      </trkpt>
      <trkpt lat="44.058241" lon="19.923341">
        <ele>478.2</ele>
        <time>2026-05-09T23:45:36.976000Z</time>
      </trkpt>
      <trkpt lat="44.058066" lon="19.923495">
        <ele>478.1</ele>
        <time>2026-05-09T23:45:39.649000Z</time>
      </trkpt>
      <trkpt lat="44.057282" lon="19.924482">
        <ele>475.9</ele>
        <time>2026-05-09T23:45:51.256000Z</time>
      </trkpt>
      <trkpt lat="44.05706" lon="19.924672">
        <ele>475.3</ele>
        <time>2026-05-09T23:45:54.006000Z</time>
      </trkpt>
      <trkpt lat="44.055449" lon="19.92545">
        <ele>471.6</ele>
        <time>2026-05-09T23:46:12.506000Z</time>
      </trkpt>
      <trkpt lat="44.055222" lon="19.925522">
        <ele>471.1</ele>
        <time>2026-05-09T23:46:15.045000Z</time>
      </trkpt>
      <trkpt lat="44.054962" lon="19.925516">
        <ele>470.6</ele>
        <time>2026-05-09T23:46:17.871000Z</time>
      </trkpt>
      <trkpt lat="44.05478" lon="19.925431">
        <ele>470.2</ele>
        <time>2026-05-09T23:46:19.963000Z</time>
      </trkpt>
      <trkpt lat="44.05443" lon="19.925178">
        <ele>469.4</ele>
        <time>2026-05-09T23:46:24.297000Z</time>
      </trkpt>
      <trkpt lat="44.054229" lon="19.925008">
        <ele>468.9</ele>
        <time>2026-05-09T23:46:26.892000Z</time>
      </trkpt>
      <trkpt lat="44.054012" lon="19.924733">
        <ele>468.3</ele>
        <time>2026-05-09T23:46:30.119000Z</time>
      </trkpt>
      <trkpt lat="44.053801" lon="19.924356">
        <ele>467.7</ele>
        <time>2026-05-09T23:46:33.930000Z</time>
      </trkpt>
      <trkpt lat="44.052386" lon="19.921521">
        <ele>464.6</ele>
        <time>2026-05-09T23:47:03.254000Z</time>
      </trkpt>
      <trkpt lat="44.05229" lon="19.921332">
        <ele>464.4</ele>
        <time>2026-05-09T23:47:05.348000Z</time>
      </trkpt>
      <trkpt lat="44.052042" lon="19.920858">
        <ele>464.1</ele>
        <time>2026-05-09T23:47:10.677000Z</time>
      </trkpt>
      <trkpt lat="44.051734" lon="19.920313">
        <ele>463.7</ele>
        <time>2026-05-09T23:47:16.999000Z</time>
      </trkpt>
      <trkpt lat="44.051386" lon="19.919597">
        <ele>463.3</ele>
        <time>2026-05-09T23:47:25.001000Z</time>
      </trkpt>
      <trkpt lat="44.051198" lon="19.919209">
        <ele>463.1</ele>
        <time>2026-05-09T23:47:29.353000Z</time>
      </trkpt>
      <trkpt lat="44.050967" lon="19.918752">
        <ele>462.9</ele>
        <time>2026-05-09T23:47:34.659000Z</time>
      </trkpt>
      <trkpt lat="44.050694" lon="19.918378">
        <ele>462.7</ele>
        <time>2026-05-09T23:47:39.705000Z</time>
      </trkpt>
      <trkpt lat="44.050402" lon="19.918122">
        <ele>462.5</ele>
        <time>2026-05-09T23:47:44.205000Z</time>
      </trkpt>
      <trkpt lat="44.050082" lon="19.917946">
        <ele>462.3</ele>
        <time>2026-05-09T23:47:48.614000Z</time>
      </trkpt>
      <trkpt lat="44.049201" lon="19.917596">
        <ele>461.7</ele>
        <time>2026-05-09T23:48:00.445000Z</time>
      </trkpt>
      <trkpt lat="44.04884" lon="19.917498">
        <ele>461.6</ele>
        <time>2026-05-09T23:48:05.697000Z</time>
      </trkpt>
      <trkpt lat="44.047419" lon="19.917486">
        <ele>462.7</ele>
        <time>2026-05-09T23:48:31.188000Z</time>
      </trkpt>
      <trkpt lat="44.04723" lon="19.917362">
        <ele>462.9</ele>
        <time>2026-05-09T23:48:35.106000Z</time>
      </trkpt>
      <trkpt lat="44.04712" lon="19.917209">
        <ele>463</ele>
        <time>2026-05-09T23:48:37.876000Z</time>
      </trkpt>
      <trkpt lat="44.046887" lon="19.916748">
        <ele>463.2</ele>
        <time>2026-05-09T23:48:44.514000Z</time>
      </trkpt>
      <trkpt lat="44.046803" lon="19.916605">
        <ele>463.2</ele>
        <time>2026-05-09T23:48:46.443000Z</time>
      </trkpt>
      <trkpt lat="44.046583" lon="19.916371">
        <ele>463</ele>
        <time>2026-05-09T23:48:50.093000Z</time>
      </trkpt>
      <trkpt lat="44.045847" lon="19.915907">
        <ele>461.3</ele>
        <time>2026-05-09T23:48:58.856000Z</time>
      </trkpt>
      <trkpt lat="44.045648" lon="19.915735">
        <ele>460.6</ele>
        <time>2026-05-09T23:49:01.251000Z</time>
      </trkpt>
      <trkpt lat="44.045542" lon="19.915612">
        <ele>460.2</ele>
        <time>2026-05-09T23:49:02.654000Z</time>
      </trkpt>
      <trkpt lat="44.045446" lon="19.915449">
        <ele>459.7</ele>
        <time>2026-05-09T23:49:04.198000Z</time>
      </trkpt>
      <trkpt lat="44.045336" lon="19.915152">
        <ele>459</ele>
        <time>2026-05-09T23:49:06.665000Z</time>
      </trkpt>
      <trkpt lat="44.045289" lon="19.914763">
        <ele>458.2</ele>
        <time>2026-05-09T23:49:09.613000Z</time>
      </trkpt>
      <trkpt lat="44.045232" lon="19.913382">
        <ele>459.4</ele>
        <time>2026-05-09T23:49:28.978000Z</time>
      </trkpt>
      <trkpt lat="44.045178" lon="19.91311">
        <ele>459.7</ele>
        <time>2026-05-09T23:49:33.504000Z</time>
      </trkpt>
      <trkpt lat="44.045077" lon="19.912919">
        <ele>459.9</ele>
        <time>2026-05-09T23:49:36.889000Z</time>
      </trkpt>
      <trkpt lat="44.044919" lon="19.912666">
        <ele>460.1</ele>
        <time>2026-05-09T23:49:40.897000Z</time>
      </trkpt>
      <trkpt lat="44.044841" lon="19.912523">
        <ele>460</ele>
        <time>2026-05-09T23:49:42.570000Z</time>
      </trkpt>
      <trkpt lat="44.044805" lon="19.912223">
        <ele>459.6</ele>
        <time>2026-05-09T23:49:45.068000Z</time>
      </trkpt>
      <trkpt lat="44.044919" lon="19.911387">
        <ele>458</ele>
        <time>2026-05-09T23:49:51.432000Z</time>
      </trkpt>
      <trkpt lat="44.044931" lon="19.911156">
        <ele>457</ele>
        <time>2026-05-09T23:49:52.961000Z</time>
      </trkpt>
      <trkpt lat="44.044895" lon="19.910934">
        <ele>455.7</ele>
        <time>2026-05-09T23:49:54.415000Z</time>
      </trkpt>
      <trkpt lat="44.044808" lon="19.910703">
        <ele>454.3</ele>
        <time>2026-05-09T23:49:56.075000Z</time>
      </trkpt>
      <trkpt lat="44.044627" lon="19.910475">
        <ele>452.6</ele>
        <time>2026-05-09T23:49:58.267000Z</time>
      </trkpt>
      <trkpt lat="44.04447" lon="19.910377">
        <ele>451.5</ele>
        <time>2026-05-09T23:49:59.851000Z</time>
      </trkpt>
      <trkpt lat="44.044093" lon="19.910288">
        <ele>449.8</ele>
        <time>2026-05-09T23:50:03.494000Z</time>
      </trkpt>
      <trkpt lat="44.043734" lon="19.910253">
        <ele>448.7</ele>
        <time>2026-05-09T23:50:07.190000Z</time>
      </trkpt>
      <trkpt lat="44.043538" lon="19.910271">
        <ele>448.3</ele>
        <time>2026-05-09T23:50:09.351000Z</time>
      </trkpt>
      <trkpt lat="44.043416" lon="19.910323">
        <ele>448.1</ele>
        <time>2026-05-09T23:50:10.812000Z</time>
      </trkpt>
      <trkpt lat="44.041848" lon="19.911339">
        <ele>447.2</ele>
        <time>2026-05-09T23:50:33.545000Z</time>
      </trkpt>
      <trkpt lat="44.041554" lon="19.911595">
        <ele>446.9</ele>
        <time>2026-05-09T23:50:38.019000Z</time>
      </trkpt>
      <trkpt lat="44.040823" lon="19.912473">
        <ele>446.7</ele>
        <time>2026-05-09T23:50:51.555000Z</time>
      </trkpt>
      <trkpt lat="44.04072" lon="19.912533">
        <ele>446.6</ele>
        <time>2026-05-09T23:50:52.899000Z</time>
      </trkpt>
      <trkpt lat="44.040626" lon="19.912549">
        <ele>446.5</ele>
        <time>2026-05-09T23:50:54.055000Z</time>
      </trkpt>
      <trkpt lat="44.040349" lon="19.912537">
        <ele>446.1</ele>
        <time>2026-05-09T23:50:57.290000Z</time>
      </trkpt>
      <trkpt lat="44.040205" lon="19.912618">
        <ele>445.9</ele>
        <time>2026-05-09T23:50:59.042000Z</time>
      </trkpt>
      <trkpt lat="44.040138" lon="19.912726">
        <ele>445.6</ele>
        <time>2026-05-09T23:51:00.162000Z</time>
      </trkpt>
      <trkpt lat="44.039819" lon="19.91367">
        <ele>443.9</ele>
        <time>2026-05-09T23:51:08.154000Z</time>
      </trkpt>
      <trkpt lat="44.039725" lon="19.913851">
        <ele>443.3</ele>
        <time>2026-05-09T23:51:09.751000Z</time>
      </trkpt>
      <trkpt lat="44.039628" lon="19.913954">
        <ele>442.8</ele>
        <time>2026-05-09T23:51:10.948000Z</time>
      </trkpt>
      <trkpt lat="44.039415" lon="19.914009">
        <ele>442</ele>
        <time>2026-05-09T23:51:13.114000Z</time>
      </trkpt>
      <trkpt lat="44.038487" lon="19.913772">
        <ele>439.8</ele>
        <time>2026-05-09T23:51:23.131000Z</time>
      </trkpt>
      <trkpt lat="44.037999" lon="19.913772">
        <ele>439.4</ele>
        <time>2026-05-09T23:51:29.371000Z</time>
      </trkpt>
      <trkpt lat="44.037697" lon="19.913792">
        <ele>439.2</ele>
        <time>2026-05-09T23:51:33.295000Z</time>
      </trkpt>
      <trkpt lat="44.037049" lon="19.913716">
        <ele>438.7</ele>
        <time>2026-05-09T23:51:41.432000Z</time>
      </trkpt>
      <trkpt lat="44.035852" lon="19.913596">
        <ele>436.6</ele>
        <time>2026-05-09T23:51:54.971000Z</time>
      </trkpt>
      <trkpt lat="44.035579" lon="19.91362">
        <ele>436.1</ele>
        <time>2026-05-09T23:51:57.981000Z</time>
      </trkpt>
      <trkpt lat="44.035387" lon="19.913673">
        <ele>435.8</ele>
        <time>2026-05-09T23:52:00.175000Z</time>
      </trkpt>
      <trkpt lat="44.035218" lon="19.913754">
        <ele>435.5</ele>
        <time>2026-05-09T23:52:02.238000Z</time>
      </trkpt>
      <trkpt lat="44.034096" lon="19.91446">
        <ele>434.5</ele>
        <time>2026-05-09T23:52:17.675000Z</time>
      </trkpt>
      <trkpt lat="44.03343" lon="19.914954">
        <ele>433.7</ele>
        <time>2026-05-09T23:52:26.902000Z</time>
      </trkpt>
      <trkpt lat="44.033165" lon="19.915138">
        <ele>433.3</ele>
        <time>2026-05-09T23:52:30.300000Z</time>
      </trkpt>
      <trkpt lat="44.032997" lon="19.915196">
        <ele>433</ele>
        <time>2026-05-09T23:52:32.302000Z</time>
      </trkpt>
      <trkpt lat="44.03287" lon="19.915185">
        <ele>432.8</ele>
        <time>2026-05-09T23:52:33.777000Z</time>
      </trkpt>
      <trkpt lat="44.032744" lon="19.91512">
        <ele>432.6</ele>
        <time>2026-05-09T23:52:35.353000Z</time>
      </trkpt>
      <trkpt lat="44.032546" lon="19.914911">
        <ele>432.4</ele>
        <time>2026-05-09T23:52:38.348000Z</time>
      </trkpt>
      <trkpt lat="44.032404" lon="19.914704">
        <ele>432.3</ele>
        <time>2026-05-09T23:52:41.223000Z</time>
      </trkpt>
      <trkpt lat="44.032197" lon="19.914431">
        <ele>432.5</ele>
        <time>2026-05-09T23:52:46.141000Z</time>
      </trkpt>
      <trkpt lat="44.031971" lon="19.914216">
        <ele>432.9</ele>
        <time>2026-05-09T23:52:51.741000Z</time>
      </trkpt>
      <trkpt lat="44.031866" lon="19.914176">
        <ele>433.1</ele>
        <time>2026-05-09T23:52:54.203000Z</time>
      </trkpt>
      <trkpt lat="44.031684" lon="19.914182">
        <ele>433.5</ele>
        <time>2026-05-09T23:52:58.570000Z</time>
      </trkpt>
      <trkpt lat="44.031386" lon="19.914366">
        <ele>434.4</ele>
        <time>2026-05-09T23:53:06.813000Z</time>
      </trkpt>
      <trkpt lat="44.031014" lon="19.914747">
        <ele>435.1</ele>
        <time>2026-05-09T23:53:16.662000Z</time>
      </trkpt>
      <trkpt lat="44.030683" lon="19.915293">
        <ele>435</ele>
        <time>2026-05-09T23:53:23.876000Z</time>
      </trkpt>
      <trkpt lat="44.03032" lon="19.916113">
        <ele>433.1</ele>
        <time>2026-05-09T23:53:31.080000Z</time>
      </trkpt>
      <trkpt lat="44.030106" lon="19.916366">
        <ele>432</ele>
        <time>2026-05-09T23:53:33.830000Z</time>
      </trkpt>
      <trkpt lat="44.02987" lon="19.916512">
        <ele>431</ele>
        <time>2026-05-09T23:53:36.353000Z</time>
      </trkpt>
      <trkpt lat="44.02837" lon="19.91718">
        <ele>427.2</ele>
        <time>2026-05-09T23:53:53.157000Z</time>
      </trkpt>
      <trkpt lat="44.028108" lon="19.917304">
        <ele>426.7</ele>
        <time>2026-05-09T23:53:56.269000Z</time>
      </trkpt>
      <trkpt lat="44.027872" lon="19.917377">
        <ele>426.4</ele>
        <time>2026-05-09T23:53:59.024000Z</time>
      </trkpt>
      <trkpt lat="44.027558" lon="19.917413">
        <ele>425.9</ele>
        <time>2026-05-09T23:54:02.708000Z</time>
      </trkpt>
      <trkpt lat="44.02729" lon="19.91739">
        <ele>425.6</ele>
        <time>2026-05-09T23:54:05.899000Z</time>
      </trkpt>
      <trkpt lat="44.026222" lon="19.917295">
        <ele>425.2</ele>
        <time>2026-05-09T23:54:20.305000Z</time>
      </trkpt>
      <trkpt lat="44.025971" lon="19.917336">
        <ele>425.2</ele>
        <time>2026-05-09T23:54:24.011000Z</time>
      </trkpt>
      <trkpt lat="44.025451" lon="19.917521">
        <ele>425</ele>
        <time>2026-05-09T23:54:31.486000Z</time>
      </trkpt>
      <trkpt lat="44.024882" lon="19.917551">
        <ele>424.7</ele>
        <time>2026-05-09T23:54:38.909000Z</time>
      </trkpt>
      <trkpt lat="44.024838" lon="19.917553">
        <ele>424.6</ele>
        <time>2026-05-09T23:54:39.463000Z</time>
      </trkpt>
      <trkpt lat="44.023032" lon="19.917561">
        <ele>422.6</ele>
        <time>2026-05-09T23:55:01.096000Z</time>
      </trkpt>
      <trkpt lat="44.022624" lon="19.917554">
        <ele>422.1</ele>
        <time>2026-05-09T23:55:06.050000Z</time>
      </trkpt>
      <trkpt lat="44.020872" lon="19.917529">
        <ele>420.6</ele>
        <time>2026-05-09T23:55:27.897000Z</time>
      </trkpt>
      <trkpt lat="44.020477" lon="19.917523">
        <ele>420.3</ele>
        <time>2026-05-09T23:55:32.805000Z</time>
      </trkpt>
      <trkpt lat="44.020288" lon="19.917519">
        <ele>420.1</ele>
        <time>2026-05-09T23:55:35.149000Z</time>
      </trkpt>
      <trkpt lat="44.019775" lon="19.917508">
        <ele>419.6</ele>
        <time>2026-05-09T23:55:41.463000Z</time>
      </trkpt>
      <trkpt lat="44.018735" lon="19.917487">
        <ele>418.8</ele>
        <time>2026-05-09T23:55:54.580000Z</time>
      </trkpt>
      <trkpt lat="44.018097" lon="19.917465">
        <ele>418.4</ele>
        <time>2026-05-09T23:56:02.833000Z</time>
      </trkpt>
      <trkpt lat="44.017601" lon="19.91745">
        <ele>418.1</ele>
        <time>2026-05-09T23:56:09.315000Z</time>
      </trkpt>
      <trkpt lat="44.017311" lon="19.917431">
        <ele>417.9</ele>
        <time>2026-05-09T23:56:13.121000Z</time>
      </trkpt>
      <trkpt lat="44.016673" lon="19.917386">
        <ele>417.5</ele>
        <time>2026-05-09T23:56:21.447000Z</time>
      </trkpt>
      <trkpt lat="44.016163" lon="19.917352">
        <ele>417.2</ele>
        <time>2026-05-09T23:56:28.019000Z</time>
      </trkpt>
      <trkpt lat="44.014615" lon="19.917233">
        <ele>416.1</ele>
        <time>2026-05-09T23:56:47.889000Z</time>
      </trkpt>
      <trkpt lat="44.014334" lon="19.917215">
        <ele>416</ele>
        <time>2026-05-09T23:56:51.581000Z</time>
      </trkpt>
      <trkpt lat="44.013678" lon="19.917165">
        <ele>415.7</ele>
        <time>2026-05-09T23:57:00.466000Z</time>
      </trkpt>
      <trkpt lat="44.013425" lon="19.917147">
        <ele>415.7</ele>
        <time>2026-05-09T23:57:04.029000Z</time>
      </trkpt>
      <trkpt lat="44.013016" lon="19.917052">
        <ele>415.6</ele>
        <time>2026-05-09T23:57:09.984000Z</time>
      </trkpt>
      <trkpt lat="44.012016" lon="19.916632">
        <ele>415.4</ele>
        <time>2026-05-09T23:57:24.672000Z</time>
      </trkpt>
      <trkpt lat="44.011228" lon="19.91623">
        <ele>415.1</ele>
        <time>2026-05-09T23:57:36.116000Z</time>
      </trkpt>
      <trkpt lat="44.010619" lon="19.915883">
        <ele>415</ele>
        <time>2026-05-09T23:57:45.568000Z</time>
      </trkpt>
      <trkpt lat="44.010345" lon="19.915794">
        <ele>415.1</ele>
        <time>2026-05-09T23:57:49.981000Z</time>
      </trkpt>
      <trkpt lat="44.009997" lon="19.91575">
        <ele>415.2</ele>
        <time>2026-05-09T23:57:55.734000Z</time>
      </trkpt>
      <trkpt lat="44.009114" lon="19.915608">
        <ele>415.3</ele>
        <time>2026-05-09T23:58:09.193000Z</time>
      </trkpt>
      <trkpt lat="44.00908" lon="19.915601">
        <ele>415.3</ele>
        <time>2026-05-09T23:58:09.652000Z</time>
      </trkpt>
      <trkpt lat="44.008768" lon="19.91555">
        <ele>415</ele>
        <time>2026-05-09T23:58:13.580000Z</time>
      </trkpt>
      <trkpt lat="44.007831" lon="19.915559">
        <ele>413.7</ele>
        <time>2026-05-09T23:58:24.430000Z</time>
      </trkpt>
      <trkpt lat="44.007314" lon="19.915624">
        <ele>412.7</ele>
        <time>2026-05-09T23:58:30.198000Z</time>
      </trkpt>
      <trkpt lat="44.0069" lon="19.915692">
        <ele>412</ele>
        <time>2026-05-09T23:58:34.899000Z</time>
      </trkpt>
      <trkpt lat="44.006643" lon="19.915757">
        <ele>411.6</ele>
        <time>2026-05-09T23:58:37.974000Z</time>
      </trkpt>
      <trkpt lat="44.006372" lon="19.915823">
        <ele>411.3</ele>
        <time>2026-05-09T23:58:41.320000Z</time>
      </trkpt>
      <trkpt lat="44.005918" lon="19.915996">
        <ele>410.9</ele>
        <time>2026-05-09T23:58:47.126000Z</time>
      </trkpt>
      <trkpt lat="44.00576" lon="19.916068">
        <ele>410.8</ele>
        <time>2026-05-09T23:58:49.189000Z</time>
      </trkpt>
      <trkpt lat="44.005366" lon="19.916255">
        <ele>410.4</ele>
        <time>2026-05-09T23:58:54.377000Z</time>
      </trkpt>
      <trkpt lat="44.005307" lon="19.916285">
        <ele>410.4</ele>
        <time>2026-05-09T23:58:55.188000Z</time>
      </trkpt>
      <trkpt lat="44.00504" lon="19.91642">
        <ele>410.2</ele>
        <time>2026-05-09T23:58:58.973000Z</time>
      </trkpt>
      <trkpt lat="44.004551" lon="19.916669">
        <ele>410.1</ele>
        <time>2026-05-09T23:59:06.312000Z</time>
      </trkpt>
      <trkpt lat="44.004617" lon="19.916822">
        <ele>410.1</ele>
        <time>2026-05-09T23:59:08.813000Z</time>
      </trkpt>
      <trkpt lat="44.004656" lon="19.916987">
        <ele>410.1</ele>
        <time>2026-05-09T23:59:11.238000Z</time>
      </trkpt>
      <trkpt lat="44.004642" lon="19.917205">
        <ele>410</ele>
        <time>2026-05-09T23:59:14.295000Z</time>
      </trkpt>
      <trkpt lat="44.004526" lon="19.917441">
        <ele>410</ele>
        <time>2026-05-09T23:59:18.284000Z</time>
      </trkpt>
      <trkpt lat="44.004255" lon="19.917898">
        <ele>409.9</ele>
        <time>2026-05-09T23:59:26.657000Z</time>
      </trkpt>
      <trkpt lat="44.004207" lon="19.918016">
        <ele>409.9</ele>
        <time>2026-05-09T23:59:28.680000Z</time>
      </trkpt>
      <trkpt lat="44.004191" lon="19.918129">
        <ele>410</ele>
        <time>2026-05-09T23:59:30.427000Z</time>
      </trkpt>
      <trkpt lat="44.004218" lon="19.918347">
        <ele>410</ele>
        <time>2026-05-09T23:59:33.823000Z</time>
      </trkpt>
      <trkpt lat="44.004287" lon="19.918499">
        <ele>410</ele>
        <time>2026-05-09T23:59:36.641000Z</time>
      </trkpt>
      <trkpt lat="44.004581" lon="19.918917">
        <ele>410.3</ele>
        <time>2026-05-09T23:59:46.129000Z</time>
      </trkpt>
      <trkpt lat="44.005211" lon="19.919834">
        <ele>411.5</ele>
        <time>2026-05-10T00:00:09.560000Z</time>
      </trkpt>
      <trkpt lat="44.00532" lon="19.920106">
        <ele>412</ele>
        <time>2026-05-10T00:00:16.063000Z</time>
      </trkpt>
      <trkpt lat="44.005794" lon="19.920622">
        <ele>413.5</ele>
        <time>2026-05-10T00:00:33.978000Z</time>
      </trkpt>
      <trkpt lat="44.005868" lon="19.920733">
        <ele>413.7</ele>
        <time>2026-05-10T00:00:37.193000Z</time>
      </trkpt>
      <trkpt lat="44.005929" lon="19.920902">
        <ele>414</ele>
        <time>2026-05-10T00:00:41.198000Z</time>
      </trkpt>
      <trkpt lat="44.005925" lon="19.921139">
        <ele>414.4</ele>
        <time>2026-05-10T00:00:46.213000Z</time>
      </trkpt>
      <trkpt lat="44.005885" lon="19.921343">
        <ele>414.8</ele>
        <time>2026-05-10T00:00:50.677000Z</time>
      </trkpt>
      <trkpt lat="44.00584" lon="19.921627">
        <ele>415.2</ele>
        <time>2026-05-10T00:00:55.631000Z</time>
      </trkpt>
      <trkpt lat="44.005862" lon="19.921931">
        <ele>415.7</ele>
        <time>2026-05-10T00:01:00.853000Z</time>
      </trkpt>
      <trkpt lat="44.005955" lon="19.922087">
        <ele>416.1</ele>
        <time>2026-05-10T00:01:04.323000Z</time>
      </trkpt>
      <trkpt lat="44.00647" lon="19.922644">
        <ele>417.8</ele>
        <time>2026-05-10T00:01:21.021000Z</time>
      </trkpt>
      <trkpt lat="44.006599" lon="19.922822">
        <ele>418.4</ele>
        <time>2026-05-10T00:01:26.045000Z</time>
      </trkpt>
      <trkpt lat="44.006661" lon="19.922932">
        <ele>418.7</ele>
        <time>2026-05-10T00:01:28.917000Z</time>
      </trkpt>
      <trkpt lat="44.006703" lon="19.923077">
        <ele>419.1</ele>
        <time>2026-05-10T00:01:32.228000Z</time>
      </trkpt>
      <trkpt lat="44.00672" lon="19.923352">
        <ele>420</ele>
        <time>2026-05-10T00:01:38.399000Z</time>
      </trkpt>
      <trkpt lat="44.006691" lon="19.924028">
        <ele>422.3</ele>
        <time>2026-05-10T00:01:54.856000Z</time>
      </trkpt>
      <trkpt lat="44.006575" lon="19.924777">
        <ele>425.6</ele>
        <time>2026-05-10T00:02:16.287000Z</time>
      </trkpt>
      <trkpt lat="44.006449" lon="19.925227">
        <ele>428</ele>
        <time>2026-05-10T00:02:31.134000Z</time>
      </trkpt>
      <trkpt lat="44.006319" lon="19.925515">
        <ele>429.9</ele>
        <time>2026-05-10T00:02:42.494000Z</time>
      </trkpt>
      <trkpt lat="44.006169" lon="19.925747">
        <ele>431.8</ele>
        <time>2026-05-10T00:02:53.351000Z</time>
      </trkpt>
      <trkpt lat="44.005929" lon="19.92604">
        <ele>434.6</ele>
        <time>2026-05-10T00:03:09.272000Z</time>
      </trkpt>
      <trkpt lat="44.005829" lon="19.926272">
        <ele>436.3</ele>
        <time>2026-05-10T00:03:19.223000Z</time>
      </trkpt>
      <trkpt lat="44.005633" lon="19.92684">
        <ele>440.4</ele>
        <time>2026-05-10T00:03:42.404000Z</time>
      </trkpt>
      <trkpt lat="44.005501" lon="19.927039">
        <ele>442.1</ele>
        <time>2026-05-10T00:03:51.996000Z</time>
      </trkpt>
      <trkpt lat="44.005308" lon="19.927246">
        <ele>444.1</ele>
        <time>2026-05-10T00:04:03.555000Z</time>
      </trkpt>
      <trkpt lat="44.00508" lon="19.92755">
        <ele>446.3</ele>
        <time>2026-05-10T00:04:17.336000Z</time>
      </trkpt>
      <trkpt lat="44.004725" lon="19.928177">
        <ele>449.5</ele>
        <time>2026-05-10T00:04:38.560000Z</time>
      </trkpt>
      <trkpt lat="44.004467" lon="19.928545">
        <ele>451.2</ele>
        <time>2026-05-10T00:04:50.858000Z</time>
      </trkpt>
      <trkpt lat="44.004394" lon="19.92869">
        <ele>451.8</ele>
        <time>2026-05-10T00:04:54.968000Z</time>
      </trkpt>
      <trkpt lat="44.004344" lon="19.928856">
        <ele>452.3</ele>
        <time>2026-05-10T00:04:59.055000Z</time>
      </trkpt>
      <trkpt lat="44.004319" lon="19.929079">
        <ele>453</ele>
        <time>2026-05-10T00:05:04.341000Z</time>
      </trkpt>
      <trkpt lat="44.004339" lon="19.929442">
        <ele>454.3</ele>
        <time>2026-05-10T00:05:13.271000Z</time>
      </trkpt>
      <trkpt lat="44.004471" lon="19.930294">
        <ele>458.1</ele>
        <time>2026-05-10T00:05:38.022000Z</time>
      </trkpt>
      <trkpt lat="44.004461" lon="19.930557">
        <ele>459.6</ele>
        <time>2026-05-10T00:05:46.721000Z</time>
      </trkpt>
      <trkpt lat="44.004424" lon="19.930785">
        <ele>461</ele>
        <time>2026-05-10T00:05:54.927000Z</time>
      </trkpt>
      <trkpt lat="44.004353" lon="19.931031">
        <ele>462.8</ele>
        <time>2026-05-10T00:06:04.682000Z</time>
      </trkpt>
      <trkpt lat="44.003994" lon="19.931879">
        <ele>469.5</ele>
        <time>2026-05-10T00:06:42.325000Z</time>
      </trkpt>
      <trkpt lat="44.003888" lon="19.932233">
        <ele>472</ele>
        <time>2026-05-10T00:06:56.570000Z</time>
      </trkpt>
      <trkpt lat="44.003658" lon="19.933324">
        <ele>477</ele>
        <time>2026-05-10T00:07:28.711000Z</time>
      </trkpt>
      <trkpt lat="44.003416" lon="19.933882">
        <ele>478</ele>
        <time>2026-05-10T00:07:39.348000Z</time>
      </trkpt>
      <trkpt lat="44.003367" lon="19.934053">
        <ele>478.1</ele>
        <time>2026-05-10T00:07:41.812000Z</time>
      </trkpt>
      <trkpt lat="44.003297" lon="19.934618">
        <ele>478.2</ele>
        <time>2026-05-10T00:07:48.256000Z</time>
      </trkpt>
      <trkpt lat="44.003255" lon="19.935011">
        <ele>478.1</ele>
        <time>2026-05-10T00:07:52.159000Z</time>
      </trkpt>
      <trkpt lat="44.003267" lon="19.936228">
        <ele>480.2</ele>
        <time>2026-05-10T00:08:13.588000Z</time>
      </trkpt>
      <trkpt lat="44.003249" lon="19.936508">
        <ele>481.5</ele>
        <time>2026-05-10T00:08:21.813000Z</time>
      </trkpt>
      <trkpt lat="44.003123" lon="19.937221">
        <ele>485.6</ele>
        <time>2026-05-10T00:08:46.136000Z</time>
      </trkpt>
      <trkpt lat="44.003119" lon="19.937821">
        <ele>489</ele>
        <time>2026-05-10T00:09:06.341000Z</time>
      </trkpt>
      <trkpt lat="44.003102" lon="19.938025">
        <ele>490.2</ele>
        <time>2026-05-10T00:09:13.162000Z</time>
      </trkpt>
      <trkpt lat="44.003023" lon="19.938335">
        <ele>491.9</ele>
        <time>2026-05-10T00:09:23.527000Z</time>
      </trkpt>
      <trkpt lat="44.003021" lon="19.938595">
        <ele>493.1</ele>
        <time>2026-05-10T00:09:31.126000Z</time>
      </trkpt>
      <trkpt lat="44.003057" lon="19.938708">
        <ele>493.6</ele>
        <time>2026-05-10T00:09:34.499000Z</time>
      </trkpt>
      <trkpt lat="44.003315" lon="19.939107">
        <ele>495.4</ele>
        <time>2026-05-10T00:09:47.399000Z</time>
      </trkpt>
      <trkpt lat="44.003761" lon="19.939717">
        <ele>496.6</ele>
        <time>2026-05-10T00:10:01.560000Z</time>
      </trkpt>
      <trkpt lat="44.004612" lon="19.9413">
        <ele>496.3</ele>
        <time>2026-05-10T00:10:21.364000Z</time>
      </trkpt>
      <trkpt lat="44.005097" lon="19.942104">
        <ele>495.7</ele>
        <time>2026-05-10T00:10:31.068000Z</time>
      </trkpt>
      <trkpt lat="44.005419" lon="19.942577">
        <ele>495.5</ele>
        <time>2026-05-10T00:10:37.157000Z</time>
      </trkpt>
      <trkpt lat="44.005562" lon="19.942844">
        <ele>495.4</ele>
        <time>2026-05-10T00:10:40.379000Z</time>
      </trkpt>
      <trkpt lat="44.005942" lon="19.943515">
        <ele>495.5</ele>
        <time>2026-05-10T00:10:49.948000Z</time>
      </trkpt>
      <trkpt lat="44.006266" lon="19.944449">
        <ele>496.7</ele>
        <time>2026-05-10T00:11:05.822000Z</time>
      </trkpt>
      <trkpt lat="44.006549" lon="19.944843">
        <ele>497.9</ele>
        <time>2026-05-10T00:11:16.555000Z</time>
      </trkpt>
      <trkpt lat="44.006567" lon="19.944924">
        <ele>498.1</ele>
        <time>2026-05-10T00:11:18.325000Z</time>
      </trkpt>
      <trkpt lat="44.006546" lon="19.94509">
        <ele>498.6</ele>
        <time>2026-05-10T00:11:22.072000Z</time>
      </trkpt>
      <trkpt lat="44.006499" lon="19.945156">
        <ele>498.9</ele>
        <time>2026-05-10T00:11:24.231000Z</time>
      </trkpt>
      <trkpt lat="44.006034" lon="19.945403">
        <ele>501.6</ele>
        <time>2026-05-10T00:11:42.542000Z</time>
      </trkpt>
      <trkpt lat="44.005722" lon="19.945609">
        <ele>503.9</ele>
        <time>2026-05-10T00:11:56.889000Z</time>
      </trkpt>
      <trkpt lat="44.005595" lon="19.945739">
        <ele>505</ele>
        <time>2026-05-10T00:12:03.721000Z</time>
      </trkpt>
      <trkpt lat="44.005482" lon="19.945901">
        <ele>506.2</ele>
        <time>2026-05-10T00:12:11.068000Z</time>
      </trkpt>
      <trkpt lat="44.004942" lon="19.946777">
        <ele>513.3</ele>
        <time>2026-05-10T00:12:51.853000Z</time>
      </trkpt>
      <trkpt lat="44.004839" lon="19.947055">
        <ele>515.4</ele>
        <time>2026-05-10T00:13:03.489000Z</time>
      </trkpt>
      <trkpt lat="44.004513" lon="19.948142">
        <ele>522.8</ele>
        <time>2026-05-10T00:13:45.751000Z</time>
      </trkpt>
      <trkpt lat="44.004512" lon="19.948317">
        <ele>523.8</ele>
        <time>2026-05-10T00:13:51.682000Z</time>
      </trkpt>
      <trkpt lat="44.004565" lon="19.948557">
        <ele>525.2</ele>
        <time>2026-05-10T00:13:59.894000Z</time>
      </trkpt>
      <trkpt lat="44.004948" lon="19.949392">
        <ele>529.8</ele>
        <time>2026-05-10T00:14:29.063000Z</time>
      </trkpt>
      <trkpt lat="44.005032" lon="19.949659">
        <ele>531</ele>
        <time>2026-05-10T00:14:36.871000Z</time>
      </trkpt>
      <trkpt lat="44.005081" lon="19.949956">
        <ele>532.1</ele>
        <time>2026-05-10T00:14:44.450000Z</time>
      </trkpt>
      <trkpt lat="44.005109" lon="19.950568">
        <ele>533.9</ele>
        <time>2026-05-10T00:14:58.103000Z</time>
      </trkpt>
      <trkpt lat="44.005168" lon="19.950859">
        <ele>534.5</ele>
        <time>2026-05-10T00:15:03.744000Z</time>
      </trkpt>
      <trkpt lat="44.005243" lon="19.951056">
        <ele>534.7</ele>
        <time>2026-05-10T00:15:07.239000Z</time>
      </trkpt>
      <trkpt lat="44.005658" lon="19.951875">
        <ele>534.8</ele>
        <time>2026-05-10T00:15:18.282000Z</time>
      </trkpt>
      <trkpt lat="44.005793" lon="19.95217">
        <ele>534.5</ele>
        <time>2026-05-10T00:15:21.182000Z</time>
      </trkpt>
      <trkpt lat="44.005846" lon="19.95237">
        <ele>534.1</ele>
        <time>2026-05-10T00:15:22.848000Z</time>
      </trkpt>
      <trkpt lat="44.005912" lon="19.952732">
        <ele>533.4</ele>
        <time>2026-05-10T00:15:25.642000Z</time>
      </trkpt>
      <trkpt lat="44.005905" lon="19.953182">
        <ele>532.4</ele>
        <time>2026-05-10T00:15:28.947000Z</time>
      </trkpt>
      <trkpt lat="44.005925" lon="19.953361">
        <ele>532</ele>
        <time>2026-05-10T00:15:30.271000Z</time>
      </trkpt>
      <trkpt lat="44.006107" lon="19.954232">
        <ele>529.8</ele>
        <time>2026-05-10T00:15:36.813000Z</time>
      </trkpt>
      <trkpt lat="44.006212" lon="19.954696">
        <ele>528.2</ele>
        <time>2026-05-10T00:15:40.154000Z</time>
      </trkpt>
      <trkpt lat="44.006205" lon="19.954802">
        <ele>527.8</ele>
        <time>2026-05-10T00:15:40.879000Z</time>
      </trkpt>
      <trkpt lat="44.00617" lon="19.954894">
        <ele>527.4</ele>
        <time>2026-05-10T00:15:41.588000Z</time>
      </trkpt>
      <trkpt lat="44.006131" lon="19.954946">
        <ele>527.2</ele>
        <time>2026-05-10T00:15:42.101000Z</time>
      </trkpt>
      <trkpt lat="44.006062" lon="19.95497">
        <ele>526.8</ele>
        <time>2026-05-10T00:15:42.777000Z</time>
      </trkpt>
      <trkpt lat="44.005862" lon="19.954983">
        <ele>525.9</ele>
        <time>2026-05-10T00:15:44.677000Z</time>
      </trkpt>
      <trkpt lat="44.005775" lon="19.955017">
        <ele>525.4</ele>
        <time>2026-05-10T00:15:45.537000Z</time>
      </trkpt>
      <trkpt lat="44.005707" lon="19.955074">
        <ele>525.1</ele>
        <time>2026-05-10T00:15:46.300000Z</time>
      </trkpt>
      <trkpt lat="44.00564" lon="19.955189">
        <ele>524.6</ele>
        <time>2026-05-10T00:15:47.315000Z</time>
      </trkpt>
      <trkpt lat="44.005495" lon="19.955709">
        <ele>522.7</ele>
        <time>2026-05-10T00:15:51.137000Z</time>
      </trkpt>
      <trkpt lat="44.005125" lon="19.957276">
        <ele>521.3</ele>
        <time>2026-05-10T00:16:05.302000Z</time>
      </trkpt>
      <trkpt lat="44.00506" lon="19.957386">
        <ele>521.7</ele>
        <time>2026-05-10T00:16:08.481000Z</time>
      </trkpt>
      <trkpt lat="44.004957" lon="19.957475">
        <ele>522.3</ele>
        <time>2026-05-10T00:16:12.573000Z</time>
      </trkpt>
      <trkpt lat="44.004479" lon="19.957727">
        <ele>525.6</ele>
        <time>2026-05-10T00:16:33.282000Z</time>
      </trkpt>
      <trkpt lat="44.004337" lon="19.957862">
        <ele>527</ele>
        <time>2026-05-10T00:16:41.580000Z</time>
      </trkpt>
      <trkpt lat="44.004223" lon="19.958018">
        <ele>528.5</ele>
        <time>2026-05-10T00:16:49.813000Z</time>
      </trkpt>
      <trkpt lat="44.004112" lon="19.958241">
        <ele>530.4</ele>
        <time>2026-05-10T00:17:00.361000Z</time>
      </trkpt>
      <trkpt lat="44.003811" lon="19.959067">
        <ele>537.3</ele>
        <time>2026-05-10T00:17:38.284000Z</time>
      </trkpt>
      <trkpt lat="44.003715" lon="19.959205">
        <ele>538.9</ele>
        <time>2026-05-10T00:17:46.529000Z</time>
      </trkpt>
      <trkpt lat="44.003357" lon="19.959473">
        <ele>543.4</ele>
        <time>2026-05-10T00:18:10.575000Z</time>
      </trkpt>
      <trkpt lat="44.003147" lon="19.959787">
        <ele>546.7</ele>
        <time>2026-05-10T00:18:28.675000Z</time>
      </trkpt>
      <trkpt lat="44.003052" lon="19.959844">
        <ele>547.8</ele>
        <time>2026-05-10T00:18:34.647000Z</time>
      </trkpt>
      <trkpt lat="44.002753" lon="19.959937">
        <ele>550.9</ele>
        <time>2026-05-10T00:18:51.746000Z</time>
      </trkpt>
      <trkpt lat="44.002359" lon="19.960235">
        <ele>555.2</ele>
        <time>2026-05-10T00:19:15.516000Z</time>
      </trkpt>
      <trkpt lat="44.002232" lon="19.960296">
        <ele>556.4</ele>
        <time>2026-05-10T00:19:22.290000Z</time>
      </trkpt>
      <trkpt lat="44.001758" lon="19.960374">
        <ele>560.1</ele>
        <time>2026-05-10T00:19:44.307000Z</time>
      </trkpt>
      <trkpt lat="44.00147" lon="19.9605">
        <ele>562.3</ele>
        <time>2026-05-10T00:19:57.514000Z</time>
      </trkpt>
      <trkpt lat="44.001349" lon="19.960608">
        <ele>563.3</ele>
        <time>2026-05-10T00:20:03.800000Z</time>
      </trkpt>
      <trkpt lat="44.001261" lon="19.960791">
        <ele>564.5</ele>
        <time>2026-05-10T00:20:10.723000Z</time>
      </trkpt>
      <trkpt lat="44.001223" lon="19.960987">
        <ele>565.5</ele>
        <time>2026-05-10T00:20:17.180000Z</time>
      </trkpt>
      <trkpt lat="44.001201" lon="19.961444">
        <ele>568.2</ele>
        <time>2026-05-10T00:20:32.907000Z</time>
      </trkpt>
      <trkpt lat="44.001094" lon="19.962403">
        <ele>575.6</ele>
        <time>2026-05-10T00:21:12.909000Z</time>
      </trkpt>
      <trkpt lat="44.001037" lon="19.962675">
        <ele>578.2</ele>
        <time>2026-05-10T00:21:26.586000Z</time>
      </trkpt>
      <trkpt lat="44.000698" lon="19.963781">
        <ele>589.7</ele>
        <time>2026-05-10T00:22:25.728000Z</time>
      </trkpt>
      <trkpt lat="44.000669" lon="19.964187">
        <ele>593.1</ele>
        <time>2026-05-10T00:22:43.805000Z</time>
      </trkpt>
      <trkpt lat="44.000801" lon="19.965226">
        <ele>599.4</ele>
        <time>2026-05-10T00:23:20.142000Z</time>
      </trkpt>
      <trkpt lat="44.000823" lon="19.965345">
        <ele>599.8</ele>
        <time>2026-05-10T00:23:23.284000Z</time>
      </trkpt>
      <trkpt lat="44.001137" lon="19.96535">
        <ele>601.3</ele>
        <time>2026-05-10T00:23:33.705000Z</time>
      </trkpt>
      <trkpt lat="44.001561" lon="19.965404">
        <ele>603</ele>
        <time>2026-05-10T00:23:46.940000Z</time>
      </trkpt>
      <trkpt lat="44.001983" lon="19.965353">
        <ele>604.8</ele>
        <time>2026-05-10T00:24:00.563000Z</time>
      </trkpt>
      <trkpt lat="44.002423" lon="19.965173">
        <ele>607.4</ele>
        <time>2026-05-10T00:24:17.557000Z</time>
      </trkpt>
      <trkpt lat="44.002817" lon="19.965197">
        <ele>610</ele>
        <time>2026-05-10T00:24:34.134000Z</time>
      </trkpt>
      <trkpt lat="44.003101" lon="19.965479">
        <ele>612.7</ele>
        <time>2026-05-10T00:24:50.001000Z</time>
      </trkpt>
      <trkpt lat="44.003612" lon="19.966227">
        <ele>618.4</ele>
        <time>2026-05-10T00:25:23.874000Z</time>
      </trkpt>
      <trkpt lat="44.003962" lon="19.966903">
        <ele>622.6</ele>
        <time>2026-05-10T00:25:49.374000Z</time>
      </trkpt>
      <trkpt lat="44.004087" lon="19.967099">
        <ele>623.8</ele>
        <time>2026-05-10T00:25:57.251000Z</time>
      </trkpt>
      <trkpt lat="44.004239" lon="19.967295">
        <ele>625.2</ele>
        <time>2026-05-10T00:26:05.892000Z</time>
      </trkpt>
      <trkpt lat="44.004513" lon="19.967566">
        <ele>627.4</ele>
        <time>2026-05-10T00:26:19.777000Z</time>
      </trkpt>
      <trkpt lat="44.004712" lon="19.96781">
        <ele>629.1</ele>
        <time>2026-05-10T00:26:30.310000Z</time>
      </trkpt>
      <trkpt lat="44.004861" lon="19.968041">
        <ele>630.3</ele>
        <time>2026-05-10T00:26:38.695000Z</time>
      </trkpt>
      <trkpt lat="44.004939" lon="19.968186">
        <ele>631</ele>
        <time>2026-05-10T00:26:43.404000Z</time>
      </trkpt>
      <trkpt lat="44.005014" lon="19.968563">
        <ele>632.4</ele>
        <time>2026-05-10T00:26:53.037000Z</time>
      </trkpt>
      <trkpt lat="44.004998" lon="19.968734">
        <ele>632.9</ele>
        <time>2026-05-10T00:26:56.963000Z</time>
      </trkpt>
      <trkpt lat="44.004932" lon="19.968888">
        <ele>633.4</ele>
        <time>2026-05-10T00:27:00.846000Z</time>
      </trkpt>
      <trkpt lat="44.004492" lon="19.969581">
        <ele>634.9</ele>
        <time>2026-05-10T00:27:16.838000Z</time>
      </trkpt>
      <trkpt lat="44.0044" lon="19.969793">
        <ele>635.1</ele>
        <time>2026-05-10T00:27:20.259000Z</time>
      </trkpt>
      <trkpt lat="44.004289" lon="19.970184">
        <ele>635.5</ele>
        <time>2026-05-10T00:27:26.338000Z</time>
      </trkpt>
      <trkpt lat="44.004235" lon="19.970516">
        <ele>636</ele>
        <time>2026-05-10T00:27:31.907000Z</time>
      </trkpt>
      <trkpt lat="44.004235" lon="19.970719">
        <ele>636.4</ele>
        <time>2026-05-10T00:27:35.647000Z</time>
      </trkpt>
      <trkpt lat="44.004303" lon="19.970879">
        <ele>636.9</ele>
        <time>2026-05-10T00:27:39.427000Z</time>
      </trkpt>
      <trkpt lat="44.00436" lon="19.970953">
        <ele>637.2</ele>
        <time>2026-05-10T00:27:41.805000Z</time>
      </trkpt>
      <trkpt lat="44.00447" lon="19.970999">
        <ele>637.7</ele>
        <time>2026-05-10T00:27:45.540000Z</time>
      </trkpt>
      <trkpt lat="44.004989" lon="19.971049">
        <ele>641</ele>
        <time>2026-05-10T00:28:06.450000Z</time>
      </trkpt>
      <trkpt lat="44.005161" lon="19.971063">
        <ele>642.4</ele>
        <time>2026-05-10T00:28:14.909000Z</time>
      </trkpt>
      <trkpt lat="44.00579" lon="19.970981">
        <ele>649.3</ele>
        <time>2026-05-10T00:28:51.930000Z</time>
      </trkpt>
      <trkpt lat="44.006556" lon="19.971013">
        <ele>657.7</ele>
        <time>2026-05-10T00:29:37.126000Z</time>
      </trkpt>
      <trkpt lat="44.006657" lon="19.970942">
        <ele>658.9</ele>
        <time>2026-05-10T00:29:43.601000Z</time>
      </trkpt>
      <trkpt lat="44.007059" lon="19.970278">
        <ele>665.4</ele>
        <time>2026-05-10T00:30:18.863000Z</time>
      </trkpt>
      <trkpt lat="44.007149" lon="19.97018">
        <ele>666.5</ele>
        <time>2026-05-10T00:30:25.063000Z</time>
      </trkpt>
      <trkpt lat="44.007245" lon="19.970131">
        <ele>667.5</ele>
        <time>2026-05-10T00:30:30.567000Z</time>
      </trkpt>
      <trkpt lat="44.007463" lon="19.970136">
        <ele>669.5</ele>
        <time>2026-05-10T00:30:41.983000Z</time>
      </trkpt>
      <trkpt lat="44.008007" lon="19.970302">
        <ele>674.8</ele>
        <time>2026-05-10T00:31:11.384000Z</time>
      </trkpt>
      <trkpt lat="44.008356" lon="19.970347">
        <ele>678.5</ele>
        <time>2026-05-10T00:31:31.685000Z</time>
      </trkpt>
      <trkpt lat="44.008571" lon="19.970261">
        <ele>681.1</ele>
        <time>2026-05-10T00:31:45.506000Z</time>
      </trkpt>
      <trkpt lat="44.0087" lon="19.970155">
        <ele>682.9</ele>
        <time>2026-05-10T00:31:54.853000Z</time>
      </trkpt>
      <trkpt lat="44.008808" lon="19.970118">
        <ele>684.2</ele>
        <time>2026-05-10T00:32:01.866000Z</time>
      </trkpt>
      <trkpt lat="44.00909" lon="19.970138">
        <ele>687.7</ele>
        <time>2026-05-10T00:32:19.848000Z</time>
      </trkpt>
      <trkpt lat="44.00932" lon="19.970314">
        <ele>690.8</ele>
        <time>2026-05-10T00:32:36.438000Z</time>
      </trkpt>
      <trkpt lat="44.009419" lon="19.970459">
        <ele>692.5</ele>
        <time>2026-05-10T00:32:45.560000Z</time>
      </trkpt>
      <trkpt lat="44.009694" lon="19.971254">
        <ele>699.8</ele>
        <time>2026-05-10T00:33:24.310000Z</time>
      </trkpt>
      <trkpt lat="44.010049" lon="19.971772">
        <ele>704.9</ele>
        <time>2026-05-10T00:33:52.190000Z</time>
      </trkpt>
      <trkpt lat="44.010389" lon="19.972056">
        <ele>708</ele>
        <time>2026-05-10T00:34:10.869000Z</time>
      </trkpt>
      <trkpt lat="44.010596" lon="19.972169">
        <ele>709.6</ele>
        <time>2026-05-10T00:34:20.264000Z</time>
      </trkpt>
      <trkpt lat="44.011168" lon="19.972402">
        <ele>713.7</ele>
        <time>2026-05-10T00:34:45.874000Z</time>
      </trkpt>
      <trkpt lat="44.011683" lon="19.972612">
        <ele>718.7</ele>
        <time>2026-05-10T00:35:13.711000Z</time>
      </trkpt>
      <trkpt lat="44.012169" lon="19.972778">
        <ele>724.6</ele>
        <time>2026-05-10T00:35:44.991000Z</time>
      </trkpt>
      <trkpt lat="44.012871" lon="19.972816">
        <ele>734.1</ele>
        <time>2026-05-10T00:36:33.766000Z</time>
      </trkpt>
      <trkpt lat="44.013004" lon="19.972865">
        <ele>736</ele>
        <time>2026-05-10T00:36:43.323000Z</time>
      </trkpt>
      <trkpt lat="44.013133" lon="19.972946">
        <ele>737.7</ele>
        <time>2026-05-10T00:36:52.568000Z</time>
      </trkpt>
      <trkpt lat="44.013332" lon="19.973171">
        <ele>740.6</ele>
        <time>2026-05-10T00:37:08.001000Z</time>
      </trkpt>
      <trkpt lat="44.013536" lon="19.973284">
        <ele>742.6</ele>
        <time>2026-05-10T00:37:19.180000Z</time>
      </trkpt>
      <trkpt lat="44.013985" lon="19.973385">
        <ele>744.9</ele>
        <time>2026-05-10T00:37:35.192000Z</time>
      </trkpt>
      <trkpt lat="44.014358" lon="19.973634">
        <ele>744.9</ele>
        <time>2026-05-10T00:37:41.185000Z</time>
      </trkpt>
      <trkpt lat="44.015154" lon="19.974205">
        <ele>738.9</ele>
        <time>2026-05-10T00:37:49.284000Z</time>
      </trkpt>
      <trkpt lat="44.015448" lon="19.974568">
        <ele>735.1</ele>
        <time>2026-05-10T00:37:52.680000Z</time>
      </trkpt>
      <trkpt lat="44.015958" lon="19.974972">
        <ele>729.5</ele>
        <time>2026-05-10T00:37:57.756000Z</time>
      </trkpt>
      <trkpt lat="44.016337" lon="19.975508">
        <ele>724.6</ele>
        <time>2026-05-10T00:38:02.465000Z</time>
      </trkpt>
      <trkpt lat="44.016651" lon="19.975677">
        <ele>721.9</ele>
        <time>2026-05-10T00:38:05.425000Z</time>
      </trkpt>
      <trkpt lat="44.016794" lon="19.975834">
        <ele>720.3</ele>
        <time>2026-05-10T00:38:07.027000Z</time>
      </trkpt>
      <trkpt lat="44.016938" lon="19.976059">
        <ele>718.5</ele>
        <time>2026-05-10T00:38:08.920000Z</time>
      </trkpt>
      <trkpt lat="44.017148" lon="19.976572">
        <ele>714.9</ele>
        <time>2026-05-10T00:38:12.654000Z</time>
      </trkpt>
      <trkpt lat="44.017257" lon="19.976674">
        <ele>713.9</ele>
        <time>2026-05-10T00:38:13.815000Z</time>
      </trkpt>
      <trkpt lat="44.017643" lon="19.97688">
        <ele>710.9</ele>
        <time>2026-05-10T00:38:17.509000Z</time>
      </trkpt>
      <trkpt lat="44.018096" lon="19.977064">
        <ele>708.3</ele>
        <time>2026-05-10T00:38:21.889000Z</time>
      </trkpt>
      <trkpt lat="44.018282" lon="19.977115">
        <ele>707.8</ele>
        <time>2026-05-10T00:38:23.848000Z</time>
      </trkpt>
      <trkpt lat="44.018634" lon="19.977123">
        <ele>707.4</ele>
        <time>2026-05-10T00:38:28.187000Z</time>
      </trkpt>
      <trkpt lat="44.01877" lon="19.977167">
        <ele>707.5</ele>
        <time>2026-05-10T00:38:30.703000Z</time>
      </trkpt>
      <trkpt lat="44.018899" lon="19.977235">
        <ele>707.8</ele>
        <time>2026-05-10T00:38:33.703000Z</time>
      </trkpt>
      <trkpt lat="44.01905" lon="19.977405">
        <ele>708.3</ele>
        <time>2026-05-10T00:38:38.537000Z</time>
      </trkpt>
      <trkpt lat="44.019092" lon="19.977546">
        <ele>708.6</ele>
        <time>2026-05-10T00:38:41.371000Z</time>
      </trkpt>
      <trkpt lat="44.019105" lon="19.977716">
        <ele>708.9</ele>
        <time>2026-05-10T00:38:44.402000Z</time>
      </trkpt>
      <trkpt lat="44.018952" lon="19.978809">
        <ele>709.3</ele>
        <time>2026-05-10T00:38:58.080000Z</time>
      </trkpt>
      <trkpt lat="44.01889" lon="19.979965">
        <ele>705.9</ele>
        <time>2026-05-10T00:39:06.187000Z</time>
      </trkpt>
      <trkpt lat="44.018895" lon="19.9803">
        <ele>704.5</ele>
        <time>2026-05-10T00:39:08.417000Z</time>
      </trkpt>
      <trkpt lat="44.019013" lon="19.980963">
        <ele>702.3</ele>
        <time>2026-05-10T00:39:13.106000Z</time>
      </trkpt>
      <trkpt lat="44.01909" lon="19.981204">
        <ele>701.9</ele>
        <time>2026-05-10T00:39:15.218000Z</time>
      </trkpt>
      <trkpt lat="44.019335" lon="19.981641">
        <ele>702.3</ele>
        <time>2026-05-10T00:39:22.586000Z</time>
      </trkpt>
      <trkpt lat="44.019571" lon="19.982127">
        <ele>704.6</ele>
        <time>2026-05-10T00:39:37.919000Z</time>
      </trkpt>
      <trkpt lat="44.01969" lon="19.98245">
        <ele>706.8</ele>
        <time>2026-05-10T00:39:50.881000Z</time>
      </trkpt>
      <trkpt lat="44.019705" lon="19.982575">
        <ele>707.7</ele>
        <time>2026-05-10T00:39:55.815000Z</time>
      </trkpt>
      <trkpt lat="44.019688" lon="19.9827">
        <ele>708.6</ele>
        <time>2026-05-10T00:40:00.836000Z</time>
      </trkpt>
      <trkpt lat="44.019643" lon="19.982826">
        <ele>709.7</ele>
        <time>2026-05-10T00:40:06.534000Z</time>
      </trkpt>
      <trkpt lat="44.019226" lon="19.983715">
        <ele>718</ele>
        <time>2026-05-10T00:40:51.466000Z</time>
      </trkpt>
      <trkpt lat="44.019148" lon="19.983818">
        <ele>719.2</ele>
        <time>2026-05-10T00:40:57.822000Z</time>
      </trkpt>
      <trkpt lat="44.019088" lon="19.983851">
        <ele>719.9</ele>
        <time>2026-05-10T00:41:01.598000Z</time>
      </trkpt>
      <trkpt lat="44.01871" lon="19.984058">
        <ele>723.9</ele>
        <time>2026-05-10T00:41:23.728000Z</time>
      </trkpt>
      <trkpt lat="44.018602" lon="19.984189">
        <ele>725.1</ele>
        <time>2026-05-10T00:41:30.828000Z</time>
      </trkpt>
      <trkpt lat="44.018499" lon="19.984357">
        <ele>726.4</ele>
        <time>2026-05-10T00:41:38.029000Z</time>
      </trkpt>
      <trkpt lat="44.018317" lon="19.984796">
        <ele>728.5</ele>
        <time>2026-05-10T00:41:52.052000Z</time>
      </trkpt>
      <trkpt lat="44.018088" lon="19.985482">
        <ele>730.5</ele>
        <time>2026-05-10T00:42:08.167000Z</time>
      </trkpt>
      <trkpt lat="44.018029" lon="19.98576">
        <ele>731</ele>
        <time>2026-05-10T00:42:13.351000Z</time>
      </trkpt>
      <trkpt lat="44.017928" lon="19.986492">
        <ele>731.8</ele>
        <time>2026-05-10T00:42:24.399000Z</time>
      </trkpt>
      <trkpt lat="44.017863" lon="19.987228">
        <ele>732.4</ele>
        <time>2026-05-10T00:42:34.603000Z</time>
      </trkpt>
      <trkpt lat="44.017788" lon="19.98745">
        <ele>732.6</ele>
        <time>2026-05-10T00:42:38.136000Z</time>
      </trkpt>
      <trkpt lat="44.017166" lon="19.988828">
        <ele>734.6</ele>
        <time>2026-05-10T00:43:03.348000Z</time>
      </trkpt>
      <trkpt lat="44.016757" lon="19.989654">
        <ele>736</ele>
        <time>2026-05-10T00:43:19.555000Z</time>
      </trkpt>
      <trkpt lat="44.016287" lon="19.990392">
        <ele>736.4</ele>
        <time>2026-05-10T00:43:31.800000Z</time>
      </trkpt>
      <trkpt lat="44.01622" lon="19.990551">
        <ele>736.4</ele>
        <time>2026-05-10T00:43:33.659000Z</time>
      </trkpt>
      <trkpt lat="44.016201" lon="19.990821">
        <ele>736.3</ele>
        <time>2026-05-10T00:43:36.211000Z</time>
      </trkpt>
      <trkpt lat="44.016359" lon="19.991673">
        <ele>735.3</ele>
        <time>2026-05-10T00:43:43.478000Z</time>
      </trkpt>
      <trkpt lat="44.016375" lon="19.992112">
        <ele>734.3</ele>
        <time>2026-05-10T00:43:46.711000Z</time>
      </trkpt>
      <trkpt lat="44.016142" lon="19.99327">
        <ele>730.3</ele>
        <time>2026-05-10T00:43:54.948000Z</time>
      </trkpt>
      <trkpt lat="44.015945" lon="19.994223">
        <ele>726.2</ele>
        <time>2026-05-10T00:44:01.524000Z</time>
      </trkpt>
      <trkpt lat="44.015949" lon="19.994398">
        <ele>725.4</ele>
        <time>2026-05-10T00:44:02.690000Z</time>
      </trkpt>
      <trkpt lat="44.016031" lon="19.994978">
        <ele>723</ele>
        <time>2026-05-10T00:44:06.618000Z</time>
      </trkpt>
      <trkpt lat="44.016043" lon="19.99521">
        <ele>722.1</ele>
        <time>2026-05-10T00:44:08.177000Z</time>
      </trkpt>
      <trkpt lat="44.016028" lon="19.995367">
        <ele>721.5</ele>
        <time>2026-05-10T00:44:09.251000Z</time>
      </trkpt>
      <trkpt lat="44.015991" lon="19.995509">
        <ele>721</ele>
        <time>2026-05-10T00:44:10.271000Z</time>
      </trkpt>
      <trkpt lat="44.015836" lon="19.995767">
        <ele>719.8</ele>
        <time>2026-05-10T00:44:12.545000Z</time>
      </trkpt>
      <trkpt lat="44.015257" lon="19.996437">
        <ele>715.5</ele>
        <time>2026-05-10T00:44:19.527000Z</time>
      </trkpt>
      <trkpt lat="44.014871" lon="19.996995">
        <ele>712.3</ele>
        <time>2026-05-10T00:44:24.649000Z</time>
      </trkpt>
      <trkpt lat="44.014833" lon="19.997104">
        <ele>711.7</ele>
        <time>2026-05-10T00:44:25.440000Z</time>
      </trkpt>
      <trkpt lat="44.014825" lon="19.997267">
        <ele>711</ele>
        <time>2026-05-10T00:44:26.519000Z</time>
      </trkpt>
      <trkpt lat="44.014895" lon="19.997521">
        <ele>709.7</ele>
        <time>2026-05-10T00:44:28.300000Z</time>
      </trkpt>
      <trkpt lat="44.014957" lon="19.997651">
        <ele>709</ele>
        <time>2026-05-10T00:44:29.320000Z</time>
      </trkpt>
      <trkpt lat="44.015157" lon="19.997808">
        <ele>707.6</ele>
        <time>2026-05-10T00:44:31.407000Z</time>
      </trkpt>
      <trkpt lat="44.016467" lon="19.998425">
        <ele>701</ele>
        <time>2026-05-10T00:44:44.550000Z</time>
      </trkpt>
      <trkpt lat="44.016791" lon="19.998731">
        <ele>700</ele>
        <time>2026-05-10T00:44:48.703000Z</time>
      </trkpt>
      <trkpt lat="44.017167" lon="19.999197">
        <ele>699.8</ele>
        <time>2026-05-10T00:44:55.369000Z</time>
      </trkpt>
      <trkpt lat="44.017355" lon="19.999483">
        <ele>700.1</ele>
        <time>2026-05-10T00:45:00.825000Z</time>
      </trkpt>
      <trkpt lat="44.018091" lon="20.000466">
        <ele>705.2</ele>
        <time>2026-05-10T00:45:36.545000Z</time>
      </trkpt>
      <trkpt lat="44.018379" lon="20.000811">
        <ele>708.2</ele>
        <time>2026-05-10T00:45:54.095000Z</time>
      </trkpt>
      <trkpt lat="44.018695" lon="20.001492">
        <ele>713</ele>
        <time>2026-05-10T00:46:21.935000Z</time>
      </trkpt>
      <trkpt lat="44.019747" lon="20.003043">
        <ele>724.2</ele>
        <time>2026-05-10T00:47:29.792000Z</time>
      </trkpt>
      <trkpt lat="44.019918" lon="20.003219">
        <ele>725.2</ele>
        <time>2026-05-10T00:47:36.670000Z</time>
      </trkpt>
      <trkpt lat="44.020062" lon="20.003305">
        <ele>725.7</ele>
        <time>2026-05-10T00:47:41.259000Z</time>
      </trkpt>
      <trkpt lat="44.020181" lon="20.003339">
        <ele>726.1</ele>
        <time>2026-05-10T00:47:44.509000Z</time>
      </trkpt>
      <trkpt lat="44.02121" lon="20.003455">
        <ele>724.5</ele>
        <time>2026-05-10T00:47:56.402000Z</time>
      </trkpt>
      <trkpt lat="44.021481" lon="20.003584">
        <ele>722.8</ele>
        <time>2026-05-10T00:47:59.016000Z</time>
      </trkpt>
      <trkpt lat="44.021816" lon="20.003839">
        <ele>720</ele>
        <time>2026-05-10T00:48:02.427000Z</time>
      </trkpt>
      <trkpt lat="44.021963" lon="20.003998">
        <ele>718.4</ele>
        <time>2026-05-10T00:48:04.063000Z</time>
      </trkpt>
      <trkpt lat="44.022086" lon="20.004187">
        <ele>716.8</ele>
        <time>2026-05-10T00:48:05.662000Z</time>
      </trkpt>
      <trkpt lat="44.022731" lon="20.005767">
        <ele>706</ele>
        <time>2026-05-10T00:48:17.154000Z</time>
      </trkpt>
      <trkpt lat="44.022857" lon="20.005942">
        <ele>705</ele>
        <time>2026-05-10T00:48:18.802000Z</time>
      </trkpt>
      <trkpt lat="44.022996" lon="20.006071">
        <ele>704.1</ele>
        <time>2026-05-10T00:48:20.361000Z</time>
      </trkpt>
      <trkpt lat="44.023286" lon="20.00624">
        <ele>702.7</ele>
        <time>2026-05-10T00:48:23.381000Z</time>
      </trkpt>
      <trkpt lat="44.023477" lon="20.006331">
        <ele>702</ele>
        <time>2026-05-10T00:48:25.374000Z</time>
      </trkpt>
      <trkpt lat="44.024141" lon="20.006769">
        <ele>699.9</ele>
        <time>2026-05-10T00:48:32.968000Z</time>
      </trkpt>
      <trkpt lat="44.024609" lon="20.006953">
        <ele>698.4</ele>
        <time>2026-05-10T00:48:37.971000Z</time>
      </trkpt>
      <trkpt lat="44.025408" lon="20.007169">
        <ele>695.1</ele>
        <time>2026-05-10T00:48:45.896000Z</time>
      </trkpt>
      <trkpt lat="44.025869" lon="20.007365">
        <ele>693.1</ele>
        <time>2026-05-10T00:48:50.573000Z</time>
      </trkpt>
      <trkpt lat="44.026233" lon="20.007585">
        <ele>691.6</ele>
        <time>2026-05-10T00:48:54.483000Z</time>
      </trkpt>
      <trkpt lat="44.026329" lon="20.007673">
        <ele>691.2</ele>
        <time>2026-05-10T00:48:55.631000Z</time>
      </trkpt>
      <trkpt lat="44.026363" lon="20.007762">
        <ele>691</ele>
        <time>2026-05-10T00:48:56.361000Z</time>
      </trkpt>
      <trkpt lat="44.026349" lon="20.007994">
        <ele>690.4</ele>
        <time>2026-05-10T00:48:58.042000Z</time>
      </trkpt>
      <trkpt lat="44.02631" lon="20.00811">
        <ele>690.1</ele>
        <time>2026-05-10T00:48:58.986000Z</time>
      </trkpt>
      <trkpt lat="44.026099" lon="20.00844">
        <ele>689.2</ele>
        <time>2026-05-10T00:49:02.284000Z</time>
      </trkpt>
      <trkpt lat="44.025918" lon="20.008635">
        <ele>688.7</ele>
        <time>2026-05-10T00:49:04.700000Z</time>
      </trkpt>
      <trkpt lat="44.02554" lon="20.00896">
        <ele>687.5</ele>
        <time>2026-05-10T00:49:09.341000Z</time>
      </trkpt>
      <trkpt lat="44.02543" lon="20.009093">
        <ele>687</ele>
        <time>2026-05-10T00:49:10.823000Z</time>
      </trkpt>
      <trkpt lat="44.025308" lon="20.009386">
        <ele>686.1</ele>
        <time>2026-05-10T00:49:13.251000Z</time>
      </trkpt>
      <trkpt lat="44.025261" lon="20.009612">
        <ele>685.4</ele>
        <time>2026-05-10T00:49:14.887000Z</time>
      </trkpt>
      <trkpt lat="44.025297" lon="20.010035">
        <ele>684</ele>
        <time>2026-05-10T00:49:17.790000Z</time>
      </trkpt>
      <trkpt lat="44.025362" lon="20.010417">
        <ele>682.4</ele>
        <time>2026-05-10T00:49:20.420000Z</time>
      </trkpt>
      <trkpt lat="44.025393" lon="20.01081">
        <ele>680.8</ele>
        <time>2026-05-10T00:49:23.045000Z</time>
      </trkpt>
      <trkpt lat="44.025382" lon="20.011062">
        <ele>679.7</ele>
        <time>2026-05-10T00:49:24.716000Z</time>
      </trkpt>
      <trkpt lat="44.025247" lon="20.011733">
        <ele>676.9</ele>
        <time>2026-05-10T00:49:29.343000Z</time>
      </trkpt>
      <trkpt lat="44.025248" lon="20.011887">
        <ele>676.3</ele>
        <time>2026-05-10T00:49:30.369000Z</time>
      </trkpt>
      <trkpt lat="44.025364" lon="20.012252">
        <ele>674.7</ele>
        <time>2026-05-10T00:49:33.045000Z</time>
      </trkpt>
      <trkpt lat="44.025495" lon="20.012563">
        <ele>673.5</ele>
        <time>2026-05-10T00:49:35.527000Z</time>
      </trkpt>
      <trkpt lat="44.025571" lon="20.012706">
        <ele>673</ele>
        <time>2026-05-10T00:49:36.784000Z</time>
      </trkpt>
      <trkpt lat="44.025689" lon="20.012828">
        <ele>672.5</ele>
        <time>2026-05-10T00:49:38.259000Z</time>
      </trkpt>
      <trkpt lat="44.025751" lon="20.012639">
        <ele>672.1</ele>
        <time>2026-05-10T00:49:39.795000Z</time>
      </trkpt>
      <trkpt lat="44.025933" lon="20.012431">
        <ele>671.6</ele>
        <time>2026-05-10T00:49:42.315000Z</time>
      </trkpt>
      <trkpt lat="44.026148" lon="20.012319">
        <ele>671.2</ele>
        <time>2026-05-10T00:49:44.899000Z</time>
      </trkpt>
      <trkpt lat="44.026727" lon="20.012102">
        <ele>670.4</ele>
        <time>2026-05-10T00:49:51.940000Z</time>
      </trkpt>
      <trkpt lat="44.027099" lon="20.011853">
        <ele>669.8</ele>
        <time>2026-05-10T00:49:56.703000Z</time>
      </trkpt>
      <trkpt lat="44.027737" lon="20.011351">
        <ele>668.1</ele>
        <time>2026-05-10T00:50:04.598000Z</time>
      </trkpt>
      <trkpt lat="44.027923" lon="20.011257">
        <ele>667.5</ele>
        <time>2026-05-10T00:50:06.631000Z</time>
      </trkpt>
      <trkpt lat="44.028099" lon="20.011239">
        <ele>667</ele>
        <time>2026-05-10T00:50:08.445000Z</time>
      </trkpt>
      <trkpt lat="44.028219" lon="20.011275">
        <ele>666.6</ele>
        <time>2026-05-10T00:50:09.703000Z</time>
      </trkpt>
      <trkpt lat="44.028782" lon="20.011647">
        <ele>665.1</ele>
        <time>2026-05-10T00:50:16.294000Z</time>
      </trkpt>
      <trkpt lat="44.028889" lon="20.011689">
        <ele>664.9</ele>
        <time>2026-05-10T00:50:17.516000Z</time>
      </trkpt>
      <trkpt lat="44.029119" lon="20.011708">
        <ele>664.5</ele>
        <time>2026-05-10T00:50:20.177000Z</time>
      </trkpt>
      <trkpt lat="44.030396" lon="20.011616">
        <ele>665.2</ele>
        <time>2026-05-10T00:50:41.718000Z</time>
      </trkpt>
      <trkpt lat="44.030595" lon="20.011541">
        <ele>665.4</ele>
        <time>2026-05-10T00:50:45.861000Z</time>
      </trkpt>
      <trkpt lat="44.031046" lon="20.011287">
        <ele>666.1</ele>
        <time>2026-05-10T00:50:55.565000Z</time>
      </trkpt>
      <trkpt lat="44.03119" lon="20.011236">
        <ele>666.3</ele>
        <time>2026-05-10T00:50:58.631000Z</time>
      </trkpt>
      <trkpt lat="44.031322" lon="20.011244">
        <ele>666.5</ele>
        <time>2026-05-10T00:51:01.379000Z</time>
      </trkpt>
      <trkpt lat="44.031413" lon="20.011288">
        <ele>666.6</ele>
        <time>2026-05-10T00:51:03.356000Z</time>
      </trkpt>
      <trkpt lat="44.031519" lon="20.011417">
        <ele>666.9</ele>
        <time>2026-05-10T00:51:06.438000Z</time>
      </trkpt>
      <trkpt lat="44.03159" lon="20.011598">
        <ele>667.1</ele>
        <time>2026-05-10T00:51:09.718000Z</time>
      </trkpt>
      <trkpt lat="44.031605" lon="20.011859">
        <ele>667.5</ele>
        <time>2026-05-10T00:51:13.904000Z</time>
      </trkpt>
      <trkpt lat="44.031508" lon="20.012699">
        <ele>668.8</ele>
        <time>2026-05-10T00:51:28.392000Z</time>
      </trkpt>
      <trkpt lat="44.031517" lon="20.012911">
        <ele>669.3</ele>
        <time>2026-05-10T00:51:32.437000Z</time>
      </trkpt>
      <trkpt lat="44.031554" lon="20.01306">
        <ele>669.6</ele>
        <time>2026-05-10T00:51:35.521000Z</time>
      </trkpt>
      <trkpt lat="44.031613" lon="20.013169">
        <ele>669.9</ele>
        <time>2026-05-10T00:51:38.211000Z</time>
      </trkpt>
      <trkpt lat="44.031698" lon="20.013249">
        <ele>670.3</ele>
        <time>2026-05-10T00:51:41.032000Z</time>
      </trkpt>
      <trkpt lat="44.0322" lon="20.013535">
        <ele>672.1</ele>
        <time>2026-05-10T00:51:56.476000Z</time>
      </trkpt>
      <trkpt lat="44.032255" lon="20.013572">
        <ele>672.3</ele>
        <time>2026-05-10T00:51:58.137000Z</time>
      </trkpt>
      <trkpt lat="44.032488" lon="20.013749">
        <ele>673.1</ele>
        <time>2026-05-10T00:52:05.302000Z</time>
      </trkpt>
      <trkpt lat="44.032638" lon="20.013946">
        <ele>673.6</ele>
        <time>2026-05-10T00:52:10.336000Z</time>
      </trkpt>
      <trkpt lat="44.032786" lon="20.01426">
        <ele>674</ele>
        <time>2026-05-10T00:52:15.938000Z</time>
      </trkpt>
      <trkpt lat="44.032863" lon="20.014578">
        <ele>674.1</ele>
        <time>2026-05-10T00:52:19.789000Z</time>
      </trkpt>
      <trkpt lat="44.032984" lon="20.015119">
        <ele>673.5</ele>
        <time>2026-05-10T00:52:24.578000Z</time>
      </trkpt>
      <trkpt lat="44.033068" lon="20.01531">
        <ele>673.1</ele>
        <time>2026-05-10T00:52:26.274000Z</time>
      </trkpt>
      <trkpt lat="44.033144" lon="20.015411">
        <ele>672.8</ele>
        <time>2026-05-10T00:52:27.336000Z</time>
      </trkpt>
      <trkpt lat="44.033327" lon="20.015486">
        <ele>672</ele>
        <time>2026-05-10T00:52:29.213000Z</time>
      </trkpt>
      <trkpt lat="44.033429" lon="20.015467">
        <ele>671.6</ele>
        <time>2026-05-10T00:52:30.195000Z</time>
      </trkpt>
      <trkpt lat="44.03379" lon="20.015261">
        <ele>669.4</ele>
        <time>2026-05-10T00:52:33.802000Z</time>
      </trkpt>
      <trkpt lat="44.034026" lon="20.015166">
        <ele>667.8</ele>
        <time>2026-05-10T00:52:36.034000Z</time>
      </trkpt>
      <trkpt lat="44.034147" lon="20.015163">
        <ele>667</ele>
        <time>2026-05-10T00:52:37.131000Z</time>
      </trkpt>
      <trkpt lat="44.034401" lon="20.015251">
        <ele>665.2</ele>
        <time>2026-05-10T00:52:39.494000Z</time>
      </trkpt>
      <trkpt lat="44.034534" lon="20.015329">
        <ele>664.2</ele>
        <time>2026-05-10T00:52:40.790000Z</time>
      </trkpt>
      <trkpt lat="44.034773" lon="20.01553">
        <ele>662.4</ele>
        <time>2026-05-10T00:52:43.320000Z</time>
      </trkpt>
      <trkpt lat="44.035482" lon="20.016449">
        <ele>656.3</ele>
        <time>2026-05-10T00:52:52.165000Z</time>
      </trkpt>
      <trkpt lat="44.035718" lon="20.016594">
        <ele>654.7</ele>
        <time>2026-05-10T00:52:54.519000Z</time>
      </trkpt>
      <trkpt lat="44.036007" lon="20.016655">
        <ele>652.8</ele>
        <time>2026-05-10T00:52:57.159000Z</time>
      </trkpt>
      <trkpt lat="44.036116" lon="20.016714">
        <ele>651.9</ele>
        <time>2026-05-10T00:52:58.211000Z</time>
      </trkpt>
      <trkpt lat="44.036582" lon="20.017191">
        <ele>647.6</ele>
        <time>2026-05-10T00:53:03.358000Z</time>
      </trkpt>
      <trkpt lat="44.036872" lon="20.017436">
        <ele>645.2</ele>
        <time>2026-05-10T00:53:06.402000Z</time>
      </trkpt>
      <trkpt lat="44.037075" lon="20.017542">
        <ele>643.7</ele>
        <time>2026-05-10T00:53:08.358000Z</time>
      </trkpt>
      <trkpt lat="44.037328" lon="20.017571">
        <ele>642.1</ele>
        <time>2026-05-10T00:53:10.672000Z</time>
      </trkpt>
      <trkpt lat="44.039076" lon="20.017474">
        <ele>636.6</ele>
        <time>2026-05-10T00:53:28.422000Z</time>
      </trkpt>
      <trkpt lat="44.039498" lon="20.017522">
        <ele>635.9</ele>
        <time>2026-05-10T00:53:33.218000Z</time>
      </trkpt>
      <trkpt lat="44.03974" lon="20.017632">
        <ele>635.3</ele>
        <time>2026-05-10T00:53:35.996000Z</time>
      </trkpt>
      <trkpt lat="44.039864" lon="20.017734">
        <ele>635</ele>
        <time>2026-05-10T00:53:37.537000Z</time>
      </trkpt>
      <trkpt lat="44.039972" lon="20.017876">
        <ele>634.6</ele>
        <time>2026-05-10T00:53:39.103000Z</time>
      </trkpt>
      <trkpt lat="44.040157" lon="20.018252">
        <ele>633.7</ele>
        <time>2026-05-10T00:53:42.491000Z</time>
      </trkpt>
      <trkpt lat="44.040526" lon="20.019204">
        <ele>630.6</ele>
        <time>2026-05-10T00:53:50.083000Z</time>
      </trkpt>
      <trkpt lat="44.040881" lon="20.019749">
        <ele>628.2</ele>
        <time>2026-05-10T00:53:55.136000Z</time>
      </trkpt>
      <trkpt lat="44.04241" lon="20.021596">
        <ele>620.4</ele>
        <time>2026-05-10T00:54:15.052000Z</time>
      </trkpt>
      <trkpt lat="44.042572" lon="20.021779">
        <ele>619.8</ele>
        <time>2026-05-10T00:54:17.200000Z</time>
      </trkpt>
      <trkpt lat="44.042724" lon="20.021898">
        <ele>619.3</ele>
        <time>2026-05-10T00:54:19.029000Z</time>
      </trkpt>
      <trkpt lat="44.042986" lon="20.022051">
        <ele>618.7</ele>
        <time>2026-05-10T00:54:22.070000Z</time>
      </trkpt>
      <trkpt lat="44.043324" lon="20.022133">
        <ele>618.1</ele>
        <time>2026-05-10T00:54:25.902000Z</time>
      </trkpt>
      <trkpt lat="44.043762" lon="20.022096">
        <ele>617.6</ele>
        <time>2026-05-10T00:54:31.264000Z</time>
      </trkpt>
      <trkpt lat="44.044131" lon="20.021977">
        <ele>617.5</ele>
        <time>2026-05-10T00:54:36.450000Z</time>
      </trkpt>
      <trkpt lat="44.046816" lon="20.020801">
        <ele>617.7</ele>
        <time>2026-05-10T00:55:18.988000Z</time>
      </trkpt>
      <trkpt lat="44.047082" lon="20.020734">
        <ele>617.6</ele>
        <time>2026-05-10T00:55:22.690000Z</time>
      </trkpt>
      <trkpt lat="44.047238" lon="20.020764">
        <ele>617.5</ele>
        <time>2026-05-10T00:55:24.665000Z</time>
      </trkpt>
      <trkpt lat="44.047335" lon="20.020818">
        <ele>617.3</ele>
        <time>2026-05-10T00:55:25.909000Z</time>
      </trkpt>
      <trkpt lat="44.047443" lon="20.020953">
        <ele>617.1</ele>
        <time>2026-05-10T00:55:27.588000Z</time>
      </trkpt>
      <trkpt lat="44.047525" lon="20.02118">
        <ele>616.8</ele>
        <time>2026-05-10T00:55:29.624000Z</time>
      </trkpt>
      <trkpt lat="44.047564" lon="20.02138">
        <ele>616.5</ele>
        <time>2026-05-10T00:55:31.228000Z</time>
      </trkpt>
      <trkpt lat="44.047672" lon="20.024712">
        <ele>604.7</ele>
        <time>2026-05-10T00:55:53.892000Z</time>
      </trkpt>
      <trkpt lat="44.047715" lon="20.025602">
        <ele>600.6</ele>
        <time>2026-05-10T00:55:59.726000Z</time>
      </trkpt>
      <trkpt lat="44.047805" lon="20.026169">
        <ele>598.3</ele>
        <time>2026-05-10T00:56:03.608000Z</time>
      </trkpt>
      <trkpt lat="44.048026" lon="20.026891">
        <ele>596.2</ele>
        <time>2026-05-10T00:56:09.165000Z</time>
      </trkpt>
      <trkpt lat="44.048392" lon="20.027896">
        <ele>596.1</ele>
        <time>2026-05-10T00:56:20.904000Z</time>
      </trkpt>
      <trkpt lat="44.048556" lon="20.028206">
        <ele>596.7</ele>
        <time>2026-05-10T00:56:27.373000Z</time>
      </trkpt>
      <trkpt lat="44.048685" lon="20.02839">
        <ele>597.2</ele>
        <time>2026-05-10T00:56:32.226000Z</time>
      </trkpt>
      <trkpt lat="44.049365" lon="20.02911">
        <ele>600.3</ele>
        <time>2026-05-10T00:56:57.111000Z</time>
      </trkpt>
      <trkpt lat="44.049674" lon="20.029522">
        <ele>601.9</ele>
        <time>2026-05-10T00:57:09.825000Z</time>
      </trkpt>
      <trkpt lat="44.050555" lon="20.03123">
        <ele>607.1</ele>
        <time>2026-05-10T00:57:53.172000Z</time>
      </trkpt>
      <trkpt lat="44.051009" lon="20.032073">
        <ele>608.7</ele>
        <time>2026-05-10T00:58:10.772000Z</time>
      </trkpt>
      <trkpt lat="44.05132" lon="20.032533">
        <ele>608.7</ele>
        <time>2026-05-10T00:58:17.466000Z</time>
      </trkpt>
      <trkpt lat="44.051543" lon="20.032687">
        <ele>608.3</ele>
        <time>2026-05-10T00:58:20.312000Z</time>
      </trkpt>
      <trkpt lat="44.051901" lon="20.032764">
        <ele>607.3</ele>
        <time>2026-05-10T00:58:24.063000Z</time>
      </trkpt>
      <trkpt lat="44.052127" lon="20.032729">
        <ele>606.4</ele>
        <time>2026-05-10T00:58:26.277000Z</time>
      </trkpt>
      <trkpt lat="44.052363" lon="20.032652">
        <ele>605.3</ele>
        <time>2026-05-10T00:58:28.596000Z</time>
      </trkpt>
      <trkpt lat="44.053666" lon="20.03216">
        <ele>598.9</ele>
        <time>2026-05-10T00:58:41.442000Z</time>
      </trkpt>
      <trkpt lat="44.053962" lon="20.032006">
        <ele>597.8</ele>
        <time>2026-05-10T00:58:44.606000Z</time>
      </trkpt>
      <trkpt lat="44.054209" lon="20.031802">
        <ele>597</ele>
        <time>2026-05-10T00:58:47.557000Z</time>
      </trkpt>
      <trkpt lat="44.054398" lon="20.031573">
        <ele>596.4</ele>
        <time>2026-05-10T00:58:50.208000Z</time>
      </trkpt>
      <trkpt lat="44.054547" lon="20.031325">
        <ele>595.8</ele>
        <time>2026-05-10T00:58:52.716000Z</time>
      </trkpt>
      <trkpt lat="44.054747" lon="20.030901">
        <ele>595.3</ele>
        <time>2026-05-10T00:58:56.968000Z</time>
      </trkpt>
      <trkpt lat="44.055131" lon="20.030048">
        <ele>595.4</ele>
        <time>2026-05-10T00:59:07.771000Z</time>
      </trkpt>
      <trkpt lat="44.055394" lon="20.029547">
        <ele>595.9</ele>
        <time>2026-05-10T00:59:16.470000Z</time>
      </trkpt>
      <trkpt lat="44.055565" lon="20.029315">
        <ele>596.2</ele>
        <time>2026-05-10T00:59:21.438000Z</time>
      </trkpt>
      <trkpt lat="44.056072" lon="20.028801">
        <ele>597.3</ele>
        <time>2026-05-10T00:59:35.080000Z</time>
      </trkpt>
      <trkpt lat="44.056229" lon="20.028593">
        <ele>597.7</ele>
        <time>2026-05-10T00:59:39.733000Z</time>
      </trkpt>
      <trkpt lat="44.056726" lon="20.027475">
        <ele>599.2</ele>
        <time>2026-05-10T00:59:59.858000Z</time>
      </trkpt>
      <trkpt lat="44.056893" lon="20.027158">
        <ele>599.3</ele>
        <time>2026-05-10T01:00:04.373000Z</time>
      </trkpt>
      <trkpt lat="44.057061" lon="20.026946">
        <ele>599.3</ele>
        <time>2026-05-10T01:00:07.675000Z</time>
      </trkpt>
      <trkpt lat="44.057261" lon="20.026772">
        <ele>599.2</ele>
        <time>2026-05-10T01:00:10.919000Z</time>
      </trkpt>
      <trkpt lat="44.058089" lon="20.02632">
        <ele>598.9</ele>
        <time>2026-05-10T01:00:23.131000Z</time>
      </trkpt>
      <trkpt lat="44.059056" lon="20.025716">
        <ele>598.5</ele>
        <time>2026-05-10T01:00:37.447000Z</time>
      </trkpt>
      <trkpt lat="44.059318" lon="20.025521">
        <ele>598.6</ele>
        <time>2026-05-10T01:00:42.450000Z</time>
      </trkpt>
      <trkpt lat="44.059785" lon="20.025069">
        <ele>598.9</ele>
        <time>2026-05-10T01:00:51.790000Z</time>
      </trkpt>
      <trkpt lat="44.059951" lon="20.024842">
        <ele>598.9</ele>
        <time>2026-05-10T01:00:55.312000Z</time>
      </trkpt>
      <trkpt lat="44.06013" lon="20.024517">
        <ele>598.8</ele>
        <time>2026-05-10T01:00:59.325000Z</time>
      </trkpt>
      <trkpt lat="44.060433" lon="20.023884">
        <ele>598.2</ele>
        <time>2026-05-10T01:01:05.932000Z</time>
      </trkpt>
      <trkpt lat="44.061131" lon="20.022447">
        <ele>597.4</ele>
        <time>2026-05-10T01:01:22.034000Z</time>
      </trkpt>
      <trkpt lat="44.061383" lon="20.022116">
        <ele>597.8</ele>
        <time>2026-05-10T01:01:28.731000Z</time>
      </trkpt>
      <trkpt lat="44.061585" lon="20.021998">
        <ele>598.2</ele>
        <time>2026-05-10T01:01:33.669000Z</time>
      </trkpt>
      <trkpt lat="44.06249" lon="20.021591">
        <ele>601.1</ele>
        <time>2026-05-10T01:01:59.290000Z</time>
      </trkpt>
      <trkpt lat="44.062709" lon="20.02153">
        <ele>601.7</ele>
        <time>2026-05-10T01:02:05.121000Z</time>
      </trkpt>
      <trkpt lat="44.06297" lon="20.021512">
        <ele>602.3</ele>
        <time>2026-05-10T01:02:11.506000Z</time>
      </trkpt>
      <trkpt lat="44.063232" lon="20.021512">
        <ele>602.9</ele>
        <time>2026-05-10T01:02:17.450000Z</time>
      </trkpt>
      <trkpt lat="44.063424" lon="20.021546">
        <ele>603.2</ele>
        <time>2026-05-10T01:02:21.629000Z</time>
      </trkpt>
      <trkpt lat="44.064189" lon="20.021787">
        <ele>603.9</ele>
        <time>2026-05-10T01:02:36.297000Z</time>
      </trkpt>
      <trkpt lat="44.064583" lon="20.021848">
        <ele>604.1</ele>
        <time>2026-05-10T01:02:42.851000Z</time>
      </trkpt>
      <trkpt lat="44.065081" lon="20.021821">
        <ele>604.3</ele>
        <time>2026-05-10T01:02:50.896000Z</time>
      </trkpt>
      <trkpt lat="44.066408" lon="20.021427">
        <ele>605.6</ele>
        <time>2026-05-10T01:03:16.292000Z</time>
      </trkpt>
      <trkpt lat="44.066846" lon="20.021299">
        <ele>606.7</ele>
        <time>2026-05-10T01:03:27.445000Z</time>
      </trkpt>
      <trkpt lat="44.06713" lon="20.021183">
        <ele>607.6</ele>
        <time>2026-05-10T01:03:35.415000Z</time>
      </trkpt>
      <trkpt lat="44.067338" lon="20.021057">
        <ele>608.3</ele>
        <time>2026-05-10T01:03:41.715000Z</time>
      </trkpt>
      <trkpt lat="44.067571" lon="20.020869">
        <ele>609.3</ele>
        <time>2026-05-10T01:03:49.415000Z</time>
      </trkpt>
      <trkpt lat="44.067909" lon="20.020523">
        <ele>610.8</ele>
        <time>2026-05-10T01:04:01.588000Z</time>
      </trkpt>
      <trkpt lat="44.069791" lon="20.0184">
        <ele>617.3</ele>
        <time>2026-05-10T01:05:03.481000Z</time>
      </trkpt>
      <trkpt lat="44.070926" lon="20.017105">
        <ele>620.9</ele>
        <time>2026-05-10T01:05:39.961000Z</time>
      </trkpt>
      <trkpt lat="44.0716" lon="20.01627">
        <ele>622</ele>
        <time>2026-05-10T01:05:57.573000Z</time>
      </trkpt>
      <trkpt lat="44.071774" lon="20.016094">
        <ele>622.2</ele>
        <time>2026-05-10T01:06:01.749000Z</time>
      </trkpt>
      <trkpt lat="44.072109" lon="20.015829">
        <ele>622.8</ele>
        <time>2026-05-10T01:06:09.769000Z</time>
      </trkpt>
      <trkpt lat="44.072236" lon="20.015754">
        <ele>623</ele>
        <time>2026-05-10T01:06:12.731000Z</time>
      </trkpt>
      <trkpt lat="44.072376" lon="20.015724">
        <ele>623.3</ele>
        <time>2026-05-10T01:06:15.930000Z</time>
      </trkpt>
      <trkpt lat="44.072791" lon="20.01573">
        <ele>624.4</ele>
        <time>2026-05-10T01:06:26.269000Z</time>
      </trkpt>
      <trkpt lat="44.073289" lon="20.015857">
        <ele>626.7</ele>
        <time>2026-05-10T01:06:43.200000Z</time>
      </trkpt>
      <trkpt lat="44.073532" lon="20.016024">
        <ele>628.4</ele>
        <time>2026-05-10T01:06:54.014000Z</time>
      </trkpt>
      <trkpt lat="44.073658" lon="20.016193">
        <ele>629.6</ele>
        <time>2026-05-10T01:07:01.302000Z</time>
      </trkpt>
      <trkpt lat="44.073757" lon="20.016388">
        <ele>630.7</ele>
        <time>2026-05-10T01:07:08.527000Z</time>
      </trkpt>
      <trkpt lat="44.073843" lon="20.016673">
        <ele>632.3</ele>
        <time>2026-05-10T01:07:18.016000Z</time>
      </trkpt>
      <trkpt lat="44.073864" lon="20.016835">
        <ele>633.1</ele>
        <time>2026-05-10T01:07:23.129000Z</time>
      </trkpt>
      <trkpt lat="44.07386" lon="20.017032">
        <ele>634.1</ele>
        <time>2026-05-10T01:07:29.256000Z</time>
      </trkpt>
      <trkpt lat="44.07378" lon="20.017448">
        <ele>636.3</ele>
        <time>2026-05-10T01:07:42.731000Z</time>
      </trkpt>
      <trkpt lat="44.073251" lon="20.018786">
        <ele>643.7</ele>
        <time>2026-05-10T01:08:28.527000Z</time>
      </trkpt>
      <trkpt lat="44.073163" lon="20.019133">
        <ele>645.4</ele>
        <time>2026-05-10T01:08:39.047000Z</time>
      </trkpt>
      <trkpt lat="44.073147" lon="20.019341">
        <ele>646.3</ele>
        <time>2026-05-10T01:08:45.068000Z</time>
      </trkpt>
      <trkpt lat="44.073163" lon="20.019508">
        <ele>647.1</ele>
        <time>2026-05-10T01:08:49.925000Z</time>
      </trkpt>
      <trkpt lat="44.073209" lon="20.019697">
        <ele>648</ele>
        <time>2026-05-10T01:08:55.703000Z</time>
      </trkpt>
      <trkpt lat="44.073281" lon="20.01986">
        <ele>648.8</ele>
        <time>2026-05-10T01:09:01.239000Z</time>
      </trkpt>
      <trkpt lat="44.073427" lon="20.020048">
        <ele>650.1</ele>
        <time>2026-05-10T01:09:09.297000Z</time>
      </trkpt>
      <trkpt lat="44.073597" lon="20.020165">
        <ele>651.3</ele>
        <time>2026-05-10T01:09:17.001000Z</time>
      </trkpt>
      <trkpt lat="44.074292" lon="20.020374">
        <ele>656</ele>
        <time>2026-05-10T01:09:46.052000Z</time>
      </trkpt>
      <trkpt lat="44.075119" lon="20.020716">
        <ele>661.3</ele>
        <time>2026-05-10T01:10:20.302000Z</time>
      </trkpt>
      <trkpt lat="44.07595" lon="20.0211">
        <ele>665.3</ele>
        <time>2026-05-10T01:10:49.392000Z</time>
      </trkpt>
      <trkpt lat="44.076126" lon="20.021267">
        <ele>666</ele>
        <time>2026-05-10T01:10:55.353000Z</time>
      </trkpt>
      <trkpt lat="44.076248" lon="20.021429">
        <ele>666.6</ele>
        <time>2026-05-10T01:11:00.119000Z</time>
      </trkpt>
      <trkpt lat="44.076511" lon="20.021877">
        <ele>668.1</ele>
        <time>2026-05-10T01:11:12.404000Z</time>
      </trkpt>
      <trkpt lat="44.076645" lon="20.022233">
        <ele>669.3</ele>
        <time>2026-05-10T01:11:21.443000Z</time>
      </trkpt>
      <trkpt lat="44.0768" lon="20.023049">
        <ele>672.1</ele>
        <time>2026-05-10T01:11:41.665000Z</time>
      </trkpt>
      <trkpt lat="44.076865" lon="20.023145">
        <ele>672.6</ele>
        <time>2026-05-10T01:11:45.086000Z</time>
      </trkpt>
      <trkpt lat="44.076935" lon="20.023188">
        <ele>673</ele>
        <time>2026-05-10T01:11:47.813000Z</time>
      </trkpt>
      <trkpt lat="44.077051" lon="20.02317">
        <ele>673.7</ele>
        <time>2026-05-10T01:11:52.175000Z</time>
      </trkpt>
      <trkpt lat="44.077125" lon="20.0231">
        <ele>674.2</ele>
        <time>2026-05-10T01:11:55.670000Z</time>
      </trkpt>
      <trkpt lat="44.077175" lon="20.022954">
        <ele>675</ele>
        <time>2026-05-10T01:12:00.361000Z</time>
      </trkpt>
      <trkpt lat="44.077192" lon="20.022202">
        <ele>678.5</ele>
        <time>2026-05-10T01:12:22.570000Z</time>
      </trkpt>
      <trkpt lat="44.077223" lon="20.022035">
        <ele>679.3</ele>
        <time>2026-05-10T01:12:27.501000Z</time>
      </trkpt>
      <trkpt lat="44.077324" lon="20.021801">
        <ele>680.4</ele>
        <time>2026-05-10T01:12:35.075000Z</time>
      </trkpt>
      <trkpt lat="44.077497" lon="20.021585">
        <ele>681.6</ele>
        <time>2026-05-10T01:12:43.369000Z</time>
      </trkpt>
      <trkpt lat="44.078166" lon="20.021077">
        <ele>685.9</ele>
        <time>2026-05-10T01:13:11.807000Z</time>
      </trkpt>
      <trkpt lat="44.078311" lon="20.020926">
        <ele>687.2</ele>
        <time>2026-05-10T01:13:19.461000Z</time>
      </trkpt>
      <trkpt lat="44.078463" lon="20.020715">
        <ele>688.7</ele>
        <time>2026-05-10T01:13:28.746000Z</time>
      </trkpt>
      <trkpt lat="44.078914" lon="20.020024">
        <ele>693.9</ele>
        <time>2026-05-10T01:13:59.542000Z</time>
      </trkpt>
      <trkpt lat="44.079167" lon="20.019541">
        <ele>697.4</ele>
        <time>2026-05-10T01:14:19.920000Z</time>
      </trkpt>
      <trkpt lat="44.07925" lon="20.019181">
        <ele>699.6</ele>
        <time>2026-05-10T01:14:33.052000Z</time>
      </trkpt>
      <trkpt lat="44.079327" lon="20.018419">
        <ele>703.5</ele>
        <time>2026-05-10T01:14:56.759000Z</time>
      </trkpt>
      <trkpt lat="44.079381" lon="20.018116">
        <ele>705</ele>
        <time>2026-05-10T01:15:06.346000Z</time>
      </trkpt>
      <trkpt lat="44.079495" lon="20.017796">
        <ele>706.8</ele>
        <time>2026-05-10T01:15:17.272000Z</time>
      </trkpt>
      <trkpt lat="44.079672" lon="20.017509">
        <ele>708.7</ele>
        <time>2026-05-10T01:15:28.795000Z</time>
      </trkpt>
      <trkpt lat="44.080296" lon="20.016947">
        <ele>714.1</ele>
        <time>2026-05-10T01:16:01.470000Z</time>
      </trkpt>
      <trkpt lat="44.080784" lon="20.01617">
        <ele>720.1</ele>
        <time>2026-05-10T01:16:36.578000Z</time>
      </trkpt>
      <trkpt lat="44.081027" lon="20.015891">
        <ele>722.4</ele>
        <time>2026-05-10T01:16:50.677000Z</time>
      </trkpt>
      <trkpt lat="44.081868" lon="20.015142">
        <ele>729</ele>
        <time>2026-05-10T01:17:31.899000Z</time>
      </trkpt>
      <trkpt lat="44.082333" lon="20.014801">
        <ele>732.4</ele>
        <time>2026-05-10T01:17:53.152000Z</time>
      </trkpt>
      <trkpt lat="44.082845" lon="20.014567">
        <ele>735.9</ele>
        <time>2026-05-10T01:18:15.358000Z</time>
      </trkpt>
      <trkpt lat="44.083691" lon="20.014331">
        <ele>742.4</ele>
        <time>2026-05-10T01:18:54.195000Z</time>
      </trkpt>
      <trkpt lat="44.08489" lon="20.014347">
        <ele>752.5</ele>
        <time>2026-05-10T01:19:52.419000Z</time>
      </trkpt>
      <trkpt lat="44.085138" lon="20.014309">
        <ele>754.7</ele>
        <time>2026-05-10T01:20:05.093000Z</time>
      </trkpt>
      <trkpt lat="44.085455" lon="20.014123">
        <ele>757.9</ele>
        <time>2026-05-10T01:20:22.810000Z</time>
      </trkpt>
      <trkpt lat="44.085689" lon="20.013843">
        <ele>760.7</ele>
        <time>2026-05-10T01:20:38.864000Z</time>
      </trkpt>
      <trkpt lat="44.085981" lon="20.01324">
        <ele>765.5</ele>
        <time>2026-05-10T01:21:05.858000Z</time>
      </trkpt>
      <trkpt lat="44.086073" lon="20.012989">
        <ele>767.3</ele>
        <time>2026-05-10T01:21:16.205000Z</time>
      </trkpt>
      <trkpt lat="44.086137" lon="20.01268">
        <ele>769.4</ele>
        <time>2026-05-10T01:21:28.009000Z</time>
      </trkpt>
      <trkpt lat="44.086147" lon="20.012534">
        <ele>770.4</ele>
        <time>2026-05-10T01:21:33.323000Z</time>
      </trkpt>
      <trkpt lat="44.086121" lon="20.01231">
        <ele>771.8</ele>
        <time>2026-05-10T01:21:41.537000Z</time>
      </trkpt>
      <trkpt lat="44.0859" lon="20.011613">
        <ele>776.5</ele>
        <time>2026-05-10T01:22:08.529000Z</time>
      </trkpt>
      <trkpt lat="44.085857" lon="20.011367">
        <ele>778</ele>
        <time>2026-05-10T01:22:17.259000Z</time>
      </trkpt>
      <trkpt lat="44.085882" lon="20.011009">
        <ele>780.1</ele>
        <time>2026-05-10T01:22:29.486000Z</time>
      </trkpt>
      <trkpt lat="44.085978" lon="20.010681">
        <ele>782.1</ele>
        <time>2026-05-10T01:22:41.432000Z</time>
      </trkpt>
      <trkpt lat="44.086142" lon="20.010392">
        <ele>784.3</ele>
        <time>2026-05-10T01:22:54.012000Z</time>
      </trkpt>
      <trkpt lat="44.086295" lon="20.010205">
        <ele>786</ele>
        <time>2026-05-10T01:23:03.812000Z</time>
      </trkpt>
      <trkpt lat="44.087153" lon="20.009471">
        <ele>794.6</ele>
        <time>2026-05-10T01:23:53.246000Z</time>
      </trkpt>
      <trkpt lat="44.08738" lon="20.009237">
        <ele>797</ele>
        <time>2026-05-10T01:24:07.392000Z</time>
      </trkpt>
      <trkpt lat="44.08773" lon="20.008611">
        <ele>802.1</ele>
        <time>2026-05-10T01:24:36.251000Z</time>
      </trkpt>
      <trkpt lat="44.087816" lon="20.008414">
        <ele>803.6</ele>
        <time>2026-05-10T01:24:44.537000Z</time>
      </trkpt>
      <trkpt lat="44.087901" lon="20.008129">
        <ele>805.5</ele>
        <time>2026-05-10T01:24:55.386000Z</time>
      </trkpt>
      <trkpt lat="44.087924" lon="20.007716">
        <ele>807.9</ele>
        <time>2026-05-10T01:25:09.532000Z</time>
      </trkpt>
      <trkpt lat="44.087856" lon="20.007336">
        <ele>810</ele>
        <time>2026-05-10T01:25:22.356000Z</time>
      </trkpt>
      <trkpt lat="44.08772" lon="20.007019">
        <ele>811.9</ele>
        <time>2026-05-10T01:25:33.904000Z</time>
      </trkpt>
      <trkpt lat="44.08734" lon="20.006512">
        <ele>815.3</ele>
        <time>2026-05-10T01:25:55.126000Z</time>
      </trkpt>
      <trkpt lat="44.087216" lon="20.006282">
        <ele>816.3</ele>
        <time>2026-05-10T01:26:02.455000Z</time>
      </trkpt>
      <trkpt lat="44.087123" lon="20.005976">
        <ele>817.4</ele>
        <time>2026-05-10T01:26:10.146000Z</time>
      </trkpt>
      <trkpt lat="44.087043" lon="20.005433">
        <ele>818.8</ele>
        <time>2026-05-10T01:26:21.606000Z</time>
      </trkpt>
      <trkpt lat="44.086959" lon="20.004835">
        <ele>820</ele>
        <time>2026-05-10T01:26:32.955000Z</time>
      </trkpt>
      <trkpt lat="44.086691" lon="20.003786">
        <ele>821.8</ele>
        <time>2026-05-10T01:26:52.221000Z</time>
      </trkpt>
      <trkpt lat="44.086622" lon="20.003402">
        <ele>822.9</ele>
        <time>2026-05-10T01:27:00.639000Z</time>
      </trkpt>
      <trkpt lat="44.086572" lon="20.003034">
        <ele>824.2</ele>
        <time>2026-05-10T01:27:09.779000Z</time>
      </trkpt>
      <trkpt lat="44.086575" lon="20.002709">
        <ele>825.6</ele>
        <time>2026-05-10T01:27:18.795000Z</time>
      </trkpt>
      <trkpt lat="44.086815" lon="20.001221">
        <ele>834.7</ele>
        <time>2026-05-10T01:28:11.588000Z</time>
      </trkpt>
      <trkpt lat="44.086847" lon="20.00097">
        <ele>836.4</ele>
        <time>2026-05-10T01:28:21.208000Z</time>
      </trkpt>
      <trkpt lat="44.086852" lon="20.000655">
        <ele>838.4</ele>
        <time>2026-05-10T01:28:32.621000Z</time>
      </trkpt>
      <trkpt lat="44.086765" lon="20.000294">
        <ele>840.7</ele>
        <time>2026-05-10T01:28:46.103000Z</time>
      </trkpt>
      <trkpt lat="44.086617" lon="19.999919">
        <ele>843.2</ele>
        <time>2026-05-10T01:29:00.772000Z</time>
      </trkpt>
      <trkpt lat="44.086484" lon="19.999675">
        <ele>844.9</ele>
        <time>2026-05-10T01:29:10.649000Z</time>
      </trkpt>
      <trkpt lat="44.086252" lon="19.999422">
        <ele>847.5</ele>
        <time>2026-05-10T01:29:25.442000Z</time>
      </trkpt>
      <trkpt lat="44.085827" lon="19.999049">
        <ele>851</ele>
        <time>2026-05-10T01:29:46.807000Z</time>
      </trkpt>
      <trkpt lat="44.085764" lon="19.998871">
        <ele>851.7</ele>
        <time>2026-05-10T01:29:51.897000Z</time>
      </trkpt>
      <trkpt lat="44.085769" lon="19.998768">
        <ele>852.1</ele>
        <time>2026-05-10T01:29:54.438000Z</time>
      </trkpt>
      <trkpt lat="44.085801" lon="19.998689">
        <ele>852.3</ele>
        <time>2026-05-10T01:29:56.486000Z</time>
      </trkpt>
      <trkpt lat="44.085911" lon="19.998611">
        <ele>852.8</ele>
        <time>2026-05-10T01:30:00.379000Z</time>
      </trkpt>
      <trkpt lat="44.08598" lon="19.998623">
        <ele>853.1</ele>
        <time>2026-05-10T01:30:02.417000Z</time>
      </trkpt>
      <trkpt lat="44.08604" lon="19.99867">
        <ele>853.3</ele>
        <time>2026-05-10T01:30:04.420000Z</time>
      </trkpt>
      <trkpt lat="44.086343" lon="19.999118">
        <ele>856.2</ele>
        <time>2026-05-10T01:30:22.448000Z</time>
      </trkpt>
      <trkpt lat="44.086733" lon="19.999405">
        <ele>860.9</ele>
        <time>2026-05-10T01:30:47.899000Z</time>
      </trkpt>
      <trkpt lat="44.086933" lon="19.999446">
        <ele>863.2</ele>
        <time>2026-05-10T01:31:00.213000Z</time>
      </trkpt>
      <trkpt lat="44.087113" lon="19.999424">
        <ele>865.3</ele>
        <time>2026-05-10T01:31:11.185000Z</time>
      </trkpt>
      <trkpt lat="44.087278" lon="19.9993">
        <ele>867.7</ele>
        <time>2026-05-10T01:31:23.711000Z</time>
      </trkpt>
      <trkpt lat="44.087733" lon="19.998653">
        <ele>877.7</ele>
        <time>2026-05-10T01:32:13.762000Z</time>
      </trkpt>
      <trkpt lat="44.087903" lon="19.99855">
        <ele>880.7</ele>
        <time>2026-05-10T01:32:28.731000Z</time>
      </trkpt>
      <trkpt lat="44.088227" lon="19.998471">
        <ele>885</ele>
        <time>2026-05-10T01:32:50.897000Z</time>
      </trkpt>
      <trkpt lat="44.088371" lon="19.99837">
        <ele>886.3</ele>
        <time>2026-05-10T01:32:58.746000Z</time>
      </trkpt>
      <trkpt lat="44.088403" lon="19.998295">
        <ele>886.8</ele>
        <time>2026-05-10T01:33:01.483000Z</time>
      </trkpt>
      <trkpt lat="44.088412" lon="19.998187">
        <ele>887.3</ele>
        <time>2026-05-10T01:33:04.575000Z</time>
      </trkpt>
      <trkpt lat="44.088397" lon="19.998096">
        <ele>887.6</ele>
        <time>2026-05-10T01:33:07.042000Z</time>
      </trkpt>
      <trkpt lat="44.088365" lon="19.998051">
        <ele>887.9</ele>
        <time>2026-05-10T01:33:08.590000Z</time>
      </trkpt>
      <trkpt lat="44.088308" lon="19.998013">
        <ele>888.1</ele>
        <time>2026-05-10T01:33:10.488000Z</time>
      </trkpt>
      <trkpt lat="44.088192" lon="19.998013">
        <ele>888.5</ele>
        <time>2026-05-10T01:33:13.744000Z</time>
      </trkpt>
      <trkpt lat="44.087782" lon="19.998213">
        <ele>889.1</ele>
        <time>2026-05-10T01:33:22.539000Z</time>
      </trkpt>
      <trkpt lat="44.087518" lon="19.998286">
        <ele>889.1</ele>
        <time>2026-05-10T01:33:26.588000Z</time>
      </trkpt>
      <trkpt lat="44.087427" lon="19.998279">
        <ele>889</ele>
        <time>2026-05-10T01:33:27.812000Z</time>
      </trkpt>
      <trkpt lat="44.087287" lon="19.998205">
        <ele>888.9</ele>
        <time>2026-05-10T01:33:29.634000Z</time>
      </trkpt>
      <trkpt lat="44.087167" lon="19.99809">
        <ele>888.7</ele>
        <time>2026-05-10T01:33:31.323000Z</time>
      </trkpt>
      <trkpt lat="44.087106" lon="19.997979">
        <ele>888.6</ele>
        <time>2026-05-10T01:33:32.573000Z</time>
      </trkpt>
      <trkpt lat="44.087045" lon="19.997815">
        <ele>888.6</ele>
        <time>2026-05-10T01:33:34.499000Z</time>
      </trkpt>
      <trkpt lat="44.086964" lon="19.997419">
        <ele>889</ele>
        <time>2026-05-10T01:33:40.744000Z</time>
      </trkpt>
      <trkpt lat="44.086845" lon="19.996497">
        <ele>892.8</ele>
        <time>2026-05-10T01:34:05.746000Z</time>
      </trkpt>
      <trkpt lat="44.086849" lon="19.996125">
        <ele>895.2</ele>
        <time>2026-05-10T01:34:19.182000Z</time>
      </trkpt>
      <trkpt lat="44.08694" lon="19.995873">
        <ele>897.1</ele>
        <time>2026-05-10T01:34:29.955000Z</time>
      </trkpt>
      <trkpt lat="44.087226" lon="19.995471">
        <ele>901.2</ele>
        <time>2026-05-10T01:34:52.381000Z</time>
      </trkpt>
      <trkpt lat="44.087407" lon="19.995158">
        <ele>903.9</ele>
        <time>2026-05-10T01:35:07.705000Z</time>
      </trkpt>
      <trkpt lat="44.087479" lon="19.994922">
        <ele>905.5</ele>
        <time>2026-05-10T01:35:16.688000Z</time>
      </trkpt>
      <trkpt lat="44.087545" lon="19.994542">
        <ele>907.6</ele>
        <time>2026-05-10T01:35:29.358000Z</time>
      </trkpt>
      <trkpt lat="44.087639" lon="19.99434">
        <ele>908.7</ele>
        <time>2026-05-10T01:35:36.524000Z</time>
      </trkpt>
      <trkpt lat="44.087807" lon="19.994206">
        <ele>909.9</ele>
        <time>2026-05-10T01:35:44.185000Z</time>
      </trkpt>
      <trkpt lat="44.088099" lon="19.99399">
        <ele>911.8</ele>
        <time>2026-05-10T01:35:56.461000Z</time>
      </trkpt>
      <trkpt lat="44.088483" lon="19.993502">
        <ele>914.5</ele>
        <time>2026-05-10T01:36:14.963000Z</time>
      </trkpt>
      <trkpt lat="44.088641" lon="19.993394">
        <ele>915.3</ele>
        <time>2026-05-10T01:36:21.067000Z</time>
      </trkpt>
      <trkpt lat="44.08886" lon="19.993345">
        <ele>916.3</ele>
        <time>2026-05-10T01:36:28.251000Z</time>
      </trkpt>
      <trkpt lat="44.089364" lon="19.993422">
        <ele>918.9</ele>
        <time>2026-05-10T01:36:46.346000Z</time>
      </trkpt>
      <trkpt lat="44.089502" lon="19.993412">
        <ele>919.7</ele>
        <time>2026-05-10T01:36:51.591000Z</time>
      </trkpt>
      <trkpt lat="44.089637" lon="19.993333">
        <ele>920.6</ele>
        <time>2026-05-10T01:36:57.387000Z</time>
      </trkpt>
      <trkpt lat="44.089978" lon="19.992936">
        <ele>923.6</ele>
        <time>2026-05-10T01:37:15.981000Z</time>
      </trkpt>
      <trkpt lat="44.090116" lon="19.992829">
        <ele>924.8</ele>
        <time>2026-05-10T01:37:22.886000Z</time>
      </trkpt>
      <trkpt lat="44.090274" lon="19.992779">
        <ele>926</ele>
        <time>2026-05-10T01:37:30.103000Z</time>
      </trkpt>
      <trkpt lat="44.090701" lon="19.992786">
        <ele>929</ele>
        <time>2026-05-10T01:37:48.595000Z</time>
      </trkpt>
      <trkpt lat="44.090834" lon="19.99274">
        <ele>930</ele>
        <time>2026-05-10T01:37:54.473000Z</time>
      </trkpt>
      <trkpt lat="44.090916" lon="19.992678">
        <ele>930.6</ele>
        <time>2026-05-10T01:37:58.448000Z</time>
      </trkpt>
      <trkpt lat="44.091102" lon="19.992463">
        <ele>932.2</ele>
        <time>2026-05-10T01:38:08.537000Z</time>
      </trkpt>
      <trkpt lat="44.091256" lon="19.992232">
        <ele>933.7</ele>
        <time>2026-05-10T01:38:17.869000Z</time>
      </trkpt>
      <trkpt lat="44.091394" lon="19.991967">
        <ele>935.1</ele>
        <time>2026-05-10T01:38:27.068000Z</time>
      </trkpt>
      <trkpt lat="44.091454" lon="19.991752">
        <ele>936.1</ele>
        <time>2026-05-10T01:38:33.233000Z</time>
      </trkpt>
      <trkpt lat="44.091432" lon="19.991543">
        <ele>936.9</ele>
        <time>2026-05-10T01:38:38.688000Z</time>
      </trkpt>
      <trkpt lat="44.091244" lon="19.991141">
        <ele>938.3</ele>
        <time>2026-05-10T01:38:49.458000Z</time>
      </trkpt>
      <trkpt lat="44.091193" lon="19.990946">
        <ele>938.8</ele>
        <time>2026-05-10T01:38:53.568000Z</time>
      </trkpt>
      <trkpt lat="44.091181" lon="19.990658">
        <ele>939.3</ele>
        <time>2026-05-10T01:38:58.828000Z</time>
      </trkpt>
      <trkpt lat="44.091259" lon="19.990361">
        <ele>939.9</ele>
        <time>2026-05-10T01:39:04.657000Z</time>
      </trkpt>
      <trkpt lat="44.091323" lon="19.990243">
        <ele>940.3</ele>
        <time>2026-05-10T01:39:07.621000Z</time>
      </trkpt>
      <trkpt lat="44.091451" lon="19.990123">
        <ele>940.8</ele>
        <time>2026-05-10T01:39:12.170000Z</time>
      </trkpt>
      <trkpt lat="44.092105" lon="19.989804">
        <ele>945.2</ele>
        <time>2026-05-10T01:39:39.978000Z</time>
      </trkpt>
      <trkpt lat="44.092283" lon="19.989779">
        <ele>946.8</ele>
        <time>2026-05-10T01:39:48.899000Z</time>
      </trkpt>
      <trkpt lat="44.092376" lon="19.989812">
        <ele>947.6</ele>
        <time>2026-05-10T01:39:53.762000Z</time>
      </trkpt>
      <trkpt lat="44.092482" lon="19.989877">
        <ele>948.6</ele>
        <time>2026-05-10T01:39:59.560000Z</time>
      </trkpt>
      <trkpt lat="44.092615" lon="19.990026">
        <ele>950.2</ele>
        <time>2026-05-10T01:40:08.310000Z</time>
      </trkpt>
      <trkpt lat="44.092709" lon="19.990234">
        <ele>951.8</ele>
        <time>2026-05-10T01:40:17.466000Z</time>
      </trkpt>
      <trkpt lat="44.092846" lon="19.990847">
        <ele>956</ele>
        <time>2026-05-10T01:40:40.958000Z</time>
      </trkpt>
      <trkpt lat="44.092911" lon="19.991052">
        <ele>957.3</ele>
        <time>2026-05-10T01:40:48.756000Z</time>
      </trkpt>
      <trkpt lat="44.093187" lon="19.991655">
        <ele>960.9</ele>
        <time>2026-05-10T01:41:10.886000Z</time>
      </trkpt>
      <trkpt lat="44.093289" lon="19.991812">
        <ele>961.6</ele>
        <time>2026-05-10T01:41:15.751000Z</time>
      </trkpt>
      <trkpt lat="44.093367" lon="19.991888">
        <ele>961.9</ele>
        <time>2026-05-10T01:41:18.374000Z</time>
      </trkpt>
      <trkpt lat="44.093528" lon="19.991963">
        <ele>962.2</ele>
        <time>2026-05-10T01:41:22.075000Z</time>
      </trkpt>
      <trkpt lat="44.093706" lon="19.991978">
        <ele>962.3</ele>
        <time>2026-05-10T01:41:25.075000Z</time>
      </trkpt>
      <trkpt lat="44.093819" lon="19.991944">
        <ele>962.3</ele>
        <time>2026-05-10T01:41:26.779000Z</time>
      </trkpt>
      <trkpt lat="44.093933" lon="19.991823">
        <ele>962.2</ele>
        <time>2026-05-10T01:41:28.779000Z</time>
      </trkpt>
      <trkpt lat="44.094073" lon="19.9916">
        <ele>962.2</ele>
        <time>2026-05-10T01:41:31.771000Z</time>
      </trkpt>
      <trkpt lat="44.094301" lon="19.991023">
        <ele>962.5</ele>
        <time>2026-05-10T01:41:40.101000Z</time>
      </trkpt>
      <trkpt lat="44.094443" lon="19.990777">
        <ele>963</ele>
        <time>2026-05-10T01:41:45.455000Z</time>
      </trkpt>
      <trkpt lat="44.094629" lon="19.990581">
        <ele>963.5</ele>
        <time>2026-05-10T01:41:50.993000Z</time>
      </trkpt>
      <trkpt lat="44.094942" lon="19.990386">
        <ele>964.3</ele>
        <time>2026-05-10T01:41:59.341000Z</time>
      </trkpt>
      <trkpt lat="44.095116" lon="19.990225">
        <ele>965</ele>
        <time>2026-05-10T01:42:05.060000Z</time>
      </trkpt>
      <trkpt lat="44.09525" lon="19.990021">
        <ele>965.7</ele>
        <time>2026-05-10T01:42:10.733000Z</time>
      </trkpt>
      <trkpt lat="44.095386" lon="19.989746">
        <ele>966.6</ele>
        <time>2026-05-10T01:42:17.830000Z</time>
      </trkpt>
      <trkpt lat="44.095672" lon="19.988983">
        <ele>968.8</ele>
        <time>2026-05-10T01:42:35.884000Z</time>
      </trkpt>
      <trkpt lat="44.095775" lon="19.988638">
        <ele>969.4</ele>
        <time>2026-05-10T01:42:42.488000Z</time>
      </trkpt>
      <trkpt lat="44.095827" lon="19.988158">
        <ele>970.2</ele>
        <time>2026-05-10T01:42:50.670000Z</time>
      </trkpt>
      <trkpt lat="44.095834" lon="19.987494">
        <ele>971.9</ele>
        <time>2026-05-10T01:43:04.649000Z</time>
      </trkpt>
      <trkpt lat="44.095877" lon="19.98723">
        <ele>972.9</ele>
        <time>2026-05-10T01:43:11.389000Z</time>
      </trkpt>
      <trkpt lat="44.095993" lon="19.986916">
        <ele>974.4</ele>
        <time>2026-05-10T01:43:21.086000Z</time>
      </trkpt>
      <trkpt lat="44.096137" lon="19.986674">
        <ele>975.7</ele>
        <time>2026-05-10T01:43:29.953000Z</time>
      </trkpt>
      <trkpt lat="44.096313" lon="19.986487">
        <ele>977</ele>
        <time>2026-05-10T01:43:38.409000Z</time>
      </trkpt>
      <trkpt lat="44.096516" lon="19.986387">
        <ele>978.2</ele>
        <time>2026-05-10T01:43:46.180000Z</time>
      </trkpt>
      <trkpt lat="44.097019" lon="19.986421">
        <ele>980.3</ele>
        <time>2026-05-10T01:44:02.262000Z</time>
      </trkpt>
      <trkpt lat="44.097729" lon="19.986612">
        <ele>979.7</ele>
        <time>2026-05-10T01:44:11.361000Z</time>
      </trkpt>
      <trkpt lat="44.097857" lon="19.986614">
        <ele>979.5</ele>
        <time>2026-05-10T01:44:12.820000Z</time>
      </trkpt>
      <trkpt lat="44.097965" lon="19.986553">
        <ele>979.4</ele>
        <time>2026-05-10T01:44:14.146000Z</time>
      </trkpt>
      <trkpt lat="44.098021" lon="19.986479">
        <ele>979.3</ele>
        <time>2026-05-10T01:44:15.070000Z</time>
      </trkpt>
      <trkpt lat="44.098057" lon="19.986346">
        <ele>979.1</ele>
        <time>2026-05-10T01:44:16.223000Z</time>
      </trkpt>
      <trkpt lat="44.098064" lon="19.985764">
        <ele>978.5</ele>
        <time>2026-05-10T01:44:21.050000Z</time>
      </trkpt>
      <trkpt lat="44.098097" lon="19.985692">
        <ele>978.4</ele>
        <time>2026-05-10T01:44:21.784000Z</time>
      </trkpt>
      <trkpt lat="44.098151" lon="19.985657">
        <ele>978.3</ele>
        <time>2026-05-10T01:44:22.468000Z</time>
      </trkpt>
      <trkpt lat="44.098428" lon="19.985711">
        <ele>977.9</ele>
        <time>2026-05-10T01:44:25.652000Z</time>
      </trkpt>
      <trkpt lat="44.09842" lon="19.98612">
        <ele>977.2</ele>
        <time>2026-05-10T01:44:28.858000Z</time>
      </trkpt>
      <trkpt lat="44.098458" lon="19.986404">
        <ele>977</ele>
        <time>2026-05-10T01:44:31.297000Z</time>
      </trkpt>
      <trkpt lat="44.09854" lon="19.986644">
        <ele>977</ele>
        <time>2026-05-10T01:44:34.136000Z</time>
      </trkpt>
      <trkpt lat="44.098719" lon="19.986978">
        <ele>977.1</ele>
        <time>2026-05-10T01:44:39.147000Z</time>
      </trkpt>
      <trkpt lat="44.099129" lon="19.987534">
        <ele>975.1</ele>
        <time>2026-05-10T01:44:44.876000Z</time>
      </trkpt>
      <trkpt lat="44.099514" lon="19.987921">
        <ele>971.9</ele>
        <time>2026-05-10T01:44:49.144000Z</time>
      </trkpt>
      <trkpt lat="44.100607" lon="19.988671">
        <ele>961.8</ele>
        <time>2026-05-10T01:44:59.863000Z</time>
      </trkpt>
      <trkpt lat="44.100904" lon="19.988909">
        <ele>959.2</ele>
        <time>2026-05-10T01:45:02.909000Z</time>
      </trkpt>
      <trkpt lat="44.101535" lon="19.989645">
        <ele>955.7</ele>
        <time>2026-05-10T01:45:10.881000Z</time>
      </trkpt>
      <trkpt lat="44.101658" lon="19.989855">
        <ele>955.3</ele>
        <time>2026-05-10T01:45:12.988000Z</time>
      </trkpt>
      <trkpt lat="44.101809" lon="19.990219">
        <ele>954.7</ele>
        <time>2026-05-10T01:45:16.302000Z</time>
      </trkpt>
      <trkpt lat="44.10181" lon="19.990781">
        <ele>954</ele>
        <time>2026-05-10T01:45:20.892000Z</time>
      </trkpt>
      <trkpt lat="44.101858" lon="19.99095">
        <ele>953.8</ele>
        <time>2026-05-10T01:45:22.399000Z</time>
      </trkpt>
      <trkpt lat="44.102097" lon="19.991237">
        <ele>953.2</ele>
        <time>2026-05-10T01:45:25.869000Z</time>
      </trkpt>
      <trkpt lat="44.102466" lon="19.991643">
        <ele>951.6</ele>
        <time>2026-05-10T01:45:30.555000Z</time>
      </trkpt>
      <trkpt lat="44.102668" lon="19.991691">
        <ele>950.7</ele>
        <time>2026-05-10T01:45:32.545000Z</time>
      </trkpt>
      <trkpt lat="44.103126" lon="19.991548">
        <ele>948.7</ele>
        <time>2026-05-10T01:45:37.086000Z</time>
      </trkpt>
      <trkpt lat="44.103684" lon="19.99171">
        <ele>946.2</ele>
        <time>2026-05-10T01:45:42.575000Z</time>
      </trkpt>
      <trkpt lat="44.104161" lon="19.991726">
        <ele>945</ele>
        <time>2026-05-10T01:45:47.616000Z</time>
      </trkpt>
      <trkpt lat="44.104209" lon="19.991723">
        <ele>945</ele>
        <time>2026-05-10T01:45:48.215000Z</time>
      </trkpt>
      <trkpt lat="44.104252" lon="19.991721">
        <ele>945</ele>
        <time>2026-05-10T01:45:48.792000Z</time>
      </trkpt>
      <trkpt lat="44.104354" lon="19.991717">
        <ele>944.9</ele>
        <time>2026-05-10T01:45:50.172000Z</time>
      </trkpt>
      <trkpt lat="44.104484" lon="19.991707">
        <ele>944.9</ele>
        <time>2026-05-10T01:45:52.095000Z</time>
      </trkpt>
      <trkpt lat="44.104755" lon="19.991675">
        <ele>945.1</ele>
        <time>2026-05-10T01:45:56.953000Z</time>
      </trkpt>
      <trkpt lat="44.105367" lon="19.991594">
        <ele>946.9</ele>
        <time>2026-05-10T01:46:13.080000Z</time>
      </trkpt>
      <trkpt lat="44.10569" lon="19.991636">
        <ele>948.4</ele>
        <time>2026-05-10T01:46:23.749000Z</time>
      </trkpt>
      <trkpt lat="44.105901" lon="19.991697">
        <ele>949.4</ele>
        <time>2026-05-10T01:46:30.955000Z</time>
      </trkpt>
      <trkpt lat="44.106336" lon="19.991832">
        <ele>951.2</ele>
        <time>2026-05-10T01:46:45.108000Z</time>
      </trkpt>
      <trkpt lat="44.106667" lon="19.991987">
        <ele>952.7</ele>
        <time>2026-05-10T01:46:56.139000Z</time>
      </trkpt>
      <trkpt lat="44.107185" lon="19.992251">
        <ele>955.3</ele>
        <time>2026-05-10T01:47:14.789000Z</time>
      </trkpt>
      <trkpt lat="44.107505" lon="19.992415">
        <ele>956.9</ele>
        <time>2026-05-10T01:47:26.302000Z</time>
      </trkpt>
      <trkpt lat="44.108126" lon="19.992786">
        <ele>960.8</ele>
        <time>2026-05-10T01:47:52.024000Z</time>
      </trkpt>
      <trkpt lat="44.109018" lon="19.993317">
        <ele>967.4</ele>
        <time>2026-05-10T01:48:32.787000Z</time>
      </trkpt>
      <trkpt lat="44.10928" lon="19.993483">
        <ele>969</ele>
        <time>2026-05-10T01:48:43.241000Z</time>
      </trkpt>
      <trkpt lat="44.109811" lon="19.993814">
        <ele>971</ele>
        <time>2026-05-10T01:49:00.221000Z</time>
      </trkpt>
      <trkpt lat="44.11036" lon="19.994155">
        <ele>971.8</ele>
        <time>2026-05-10T01:49:12.228000Z</time>
      </trkpt>
      <trkpt lat="44.110431" lon="19.994199">
        <ele>971.8</ele>
        <time>2026-05-10T01:49:13.399000Z</time>
      </trkpt>
      <trkpt lat="44.110647" lon="19.994326">
        <ele>971.8</ele>
        <time>2026-05-10T01:49:16.828000Z</time>
      </trkpt>
      <trkpt lat="44.111317" lon="19.994718">
        <ele>971.4</ele>
        <time>2026-05-10T01:49:26.394000Z</time>
      </trkpt>
      <trkpt lat="44.111545" lon="19.994441">
        <ele>971.4</ele>
        <time>2026-05-10T01:49:30.851000Z</time>
      </trkpt>
      <trkpt lat="44.111616" lon="19.994357">
        <ele>971.4</ele>
        <time>2026-05-10T01:49:32.312000Z</time>
      </trkpt>
      <trkpt lat="44.111705" lon="19.994252">
        <ele>971.5</ele>
        <time>2026-05-10T01:49:34.208000Z</time>
      </trkpt>
      <trkpt lat="44.111616" lon="19.994357">
        <ele>971.5</ele>
        <time>2026-05-10T01:49:36.200000Z</time>
      </trkpt>
      <trkpt lat="44.111545" lon="19.994441">
        <ele>971.6</ele>
        <time>2026-05-10T01:49:37.823000Z</time>
      </trkpt>
      <trkpt lat="44.111317" lon="19.994718">
        <ele>971.9</ele>
        <time>2026-05-10T01:49:43.348000Z</time>
      </trkpt>
      <trkpt lat="44.112104" lon="19.99523">
        <ele>973.2</ele>
        <time>2026-05-10T01:50:01.466000Z</time>
      </trkpt>
      <trkpt lat="44.112314" lon="19.995414">
        <ele>973.8</ele>
        <time>2026-05-10T01:50:07.637000Z</time>
      </trkpt>
      <trkpt lat="44.11249" lon="19.995635">
        <ele>974.5</ele>
        <time>2026-05-10T01:50:13.899000Z</time>
      </trkpt>
      <trkpt lat="44.112812" lon="19.996103">
        <ele>976</ele>
        <time>2026-05-10T01:50:26.828000Z</time>
      </trkpt>
      <trkpt lat="44.11314" lon="19.996585">
        <ele>977.6</ele>
        <time>2026-05-10T01:50:40.267000Z</time>
      </trkpt>
      <trkpt lat="44.113279" lon="19.996789">
        <ele>978.3</ele>
        <time>2026-05-10T01:50:46.098000Z</time>
      </trkpt>
      <trkpt lat="44.11349" lon="19.997107">
        <ele>979.5</ele>
        <time>2026-05-10T01:50:55.703000Z</time>
      </trkpt>
      <trkpt lat="44.113692" lon="19.997378">
        <ele>980.8</ele>
        <time>2026-05-10T01:51:04.930000Z</time>
      </trkpt>
      <trkpt lat="44.114072" lon="19.997802">
        <ele>983.1</ele>
        <time>2026-05-10T01:51:21.443000Z</time>
      </trkpt>
      <trkpt lat="44.114502" lon="19.998194">
        <ele>986.3</ele>
        <time>2026-05-10T01:51:41.642000Z</time>
      </trkpt>
      <trkpt lat="44.114822" lon="19.998473">
        <ele>989.1</ele>
        <time>2026-05-10T01:51:58.665000Z</time>
      </trkpt>
      <trkpt lat="44.114992" lon="19.998724">
        <ele>991.1</ele>
        <time>2026-05-10T01:52:10.264000Z</time>
      </trkpt>
      <trkpt lat="44.11508" lon="19.998946">
        <ele>992.5</ele>
        <time>2026-05-10T01:52:18.766000Z</time>
      </trkpt>
      <trkpt lat="44.115113" lon="19.999288">
        <ele>994.5</ele>
        <time>2026-05-10T01:52:30.295000Z</time>
      </trkpt>
      <trkpt lat="44.115098" lon="19.999498">
        <ele>995.7</ele>
        <time>2026-05-10T01:52:37.262000Z</time>
      </trkpt>
      <trkpt lat="44.115" lon="20.000028">
        <ele>998.8</ele>
        <time>2026-05-10T01:52:55.603000Z</time>
      </trkpt>
      <trkpt lat="44.114908" lon="20.000388">
        <ele>1001.1</ele>
        <time>2026-05-10T01:53:08.843000Z</time>
      </trkpt>
      <trkpt lat="44.114685" lon="20.001063">
        <ele>1005.3</ele>
        <time>2026-05-10T01:53:33.853000Z</time>
      </trkpt>
      <trkpt lat="44.114539" lon="20.001489">
        <ele>1007.8</ele>
        <time>2026-05-10T01:53:48.721000Z</time>
      </trkpt>
      <trkpt lat="44.114309" lon="20.002121">
        <ele>1011.3</ele>
        <time>2026-05-10T01:54:10.562000Z</time>
      </trkpt>
      <trkpt lat="44.11416" lon="20.002443">
        <ele>1013.2</ele>
        <time>2026-05-10T01:54:22.126000Z</time>
      </trkpt>
      <trkpt lat="44.113786" lon="20.003005">
        <ele>1016.4</ele>
        <time>2026-05-10T01:54:43.287000Z</time>
      </trkpt>
      <trkpt lat="44.113738" lon="20.003141">
        <ele>1016.9</ele>
        <time>2026-05-10T01:54:46.853000Z</time>
      </trkpt>
      <trkpt lat="44.113751" lon="20.003282">
        <ele>1017.3</ele>
        <time>2026-05-10T01:54:49.784000Z</time>
      </trkpt>
      <trkpt lat="44.113811" lon="20.003383">
        <ele>1017.6</ele>
        <time>2026-05-10T01:54:52.430000Z</time>
      </trkpt>
      <trkpt lat="44.113883" lon="20.003421">
        <ele>1017.8</ele>
        <time>2026-05-10T01:54:54.465000Z</time>
      </trkpt>
      <trkpt lat="44.113974" lon="20.003416">
        <ele>1018.1</ele>
        <time>2026-05-10T01:54:56.830000Z</time>
      </trkpt>
      <trkpt lat="44.114055" lon="20.003356">
        <ele>1018.3</ele>
        <time>2026-05-10T01:54:59.269000Z</time>
      </trkpt>
      <trkpt lat="44.114303" lon="20.002902">
        <ele>1019.3</ele>
        <time>2026-05-10T01:55:09.251000Z</time>
      </trkpt>
      <trkpt lat="44.114548" lon="20.002585">
        <ele>1020.2</ele>
        <time>2026-05-10T01:55:17.601000Z</time>
      </trkpt>
      <trkpt lat="44.115087" lon="20.002148">
        <ele>1022.3</ele>
        <time>2026-05-10T01:55:35.547000Z</time>
      </trkpt>
      <trkpt lat="44.115514" lon="20.00187">
        <ele>1024.9</ele>
        <time>2026-05-10T01:55:52.636000Z</time>
      </trkpt>
      <trkpt lat="44.11585" lon="20.001691">
        <ele>1027.2</ele>
        <time>2026-05-10T01:56:07.501000Z</time>
      </trkpt>
      <trkpt lat="44.116242" lon="20.001524">
        <ele>1030.5</ele>
        <time>2026-05-10T01:56:26.596000Z</time>
      </trkpt>
      <trkpt lat="44.116683" lon="20.001399">
        <ele>1034.4</ele>
        <time>2026-05-10T01:56:49.162000Z</time>
      </trkpt>
      <trkpt lat="44.116843" lon="20.00136">
        <ele>1035.8</ele>
        <time>2026-05-10T01:56:56.881000Z</time>
      </trkpt>
      <trkpt lat="44.117141" lon="20.001342">
        <ele>1037.7</ele>
        <time>2026-05-10T01:57:09.019000Z</time>
      </trkpt>
      <trkpt lat="44.117414" lon="20.001385">
        <ele>1038.7</ele>
        <time>2026-05-10T01:57:17.024000Z</time>
      </trkpt>
      <trkpt lat="44.117702" lon="20.001552">
        <ele>1039</ele>
        <time>2026-05-10T01:57:22.897000Z</time>
      </trkpt>
      <trkpt lat="44.117934" lon="20.001772">
        <ele>1038.7</ele>
        <time>2026-05-10T01:57:26.323000Z</time>
      </trkpt>
      <trkpt lat="44.11839" lon="20.002294">
        <ele>1036.4</ele>
        <time>2026-05-10T01:57:32.108000Z</time>
      </trkpt>
      <trkpt lat="44.119029" lon="20.003002">
        <ele>1030.7</ele>
        <time>2026-05-10T01:57:39.448000Z</time>
      </trkpt>
      <trkpt lat="44.119453" lon="20.003466">
        <ele>1027.2</ele>
        <time>2026-05-10T01:57:44.338000Z</time>
      </trkpt>
      <trkpt lat="44.119592" lon="20.003672">
        <ele>1025.9</ele>
        <time>2026-05-10T01:57:46.192000Z</time>
      </trkpt>
      <trkpt lat="44.119653" lon="20.003804">
        <ele>1025.2</ele>
        <time>2026-05-10T01:57:47.226000Z</time>
      </trkpt>
      <trkpt lat="44.119748" lon="20.004185">
        <ele>1023.8</ele>
        <time>2026-05-10T01:57:49.948000Z</time>
      </trkpt>
      <trkpt lat="44.119765" lon="20.004489">
        <ele>1022.9</ele>
        <time>2026-05-10T01:57:52.073000Z</time>
      </trkpt>
      <trkpt lat="44.119738" lon="20.005259">
        <ele>1021.2</ele>
        <time>2026-05-10T01:57:57.762000Z</time>
      </trkpt>
      <trkpt lat="44.119708" lon="20.006047">
        <ele>1020.9</ele>
        <time>2026-05-10T01:58:05.274000Z</time>
      </trkpt>
      <trkpt lat="44.119691" lon="20.00643">
        <ele>1021.4</ele>
        <time>2026-05-10T01:58:11.216000Z</time>
      </trkpt>
      <trkpt lat="44.119636" lon="20.007768">
        <ele>1025.8</ele>
        <time>2026-05-10T01:58:43.190000Z</time>
      </trkpt>
      <trkpt lat="44.119616" lon="20.008668">
        <ele>1029.5</ele>
        <time>2026-05-10T01:59:07.478000Z</time>
      </trkpt>
      <trkpt lat="44.11965" lon="20.008942">
        <ele>1030.6</ele>
        <time>2026-05-10T01:59:14.892000Z</time>
      </trkpt>
      <trkpt lat="44.119711" lon="20.009141">
        <ele>1031.4</ele>
        <time>2026-05-10T01:59:20.578000Z</time>
      </trkpt>
      <trkpt lat="44.119831" lon="20.009389">
        <ele>1032.6</ele>
        <time>2026-05-10T01:59:28.287000Z</time>
      </trkpt>
      <trkpt lat="44.119921" lon="20.009513">
        <ele>1033.2</ele>
        <time>2026-05-10T01:59:32.682000Z</time>
      </trkpt>
      <trkpt lat="44.12034" lon="20.009914">
        <ele>1035.3</ele>
        <time>2026-05-10T01:59:48.797000Z</time>
      </trkpt>
      <trkpt lat="44.120561" lon="20.010075">
        <ele>1036.2</ele>
        <time>2026-05-10T01:59:55.976000Z</time>
      </trkpt>
      <trkpt lat="44.120814" lon="20.010263">
        <ele>1037.1</ele>
        <time>2026-05-10T02:00:03.716000Z</time>
      </trkpt>
      <trkpt lat="44.120901" lon="20.010374">
        <ele>1037.4</ele>
        <time>2026-05-10T02:00:06.741000Z</time>
      </trkpt>
      <trkpt lat="44.120988" lon="20.010599">
        <ele>1037.9</ele>
        <time>2026-05-10T02:00:11.307000Z</time>
      </trkpt>
      <trkpt lat="44.121022" lon="20.010879">
        <ele>1038.3</ele>
        <time>2026-05-10T02:00:16.248000Z</time>
      </trkpt>
      <trkpt lat="44.120942" lon="20.011275">
        <ele>1039</ele>
        <time>2026-05-10T02:00:23.131000Z</time>
      </trkpt>
      <trkpt lat="44.120451" lon="20.012813">
        <ele>1039.1</ele>
        <time>2026-05-10T02:00:41.677000Z</time>
      </trkpt>
      <trkpt lat="44.120364" lon="20.013139">
        <ele>1038.5</ele>
        <time>2026-05-10T02:00:44.282000Z</time>
      </trkpt>
      <trkpt lat="44.120347" lon="20.013315">
        <ele>1038</ele>
        <time>2026-05-10T02:00:45.563000Z</time>
      </trkpt>
      <trkpt lat="44.120372" lon="20.013529">
        <ele>1037.4</ele>
        <time>2026-05-10T02:00:47.080000Z</time>
      </trkpt>
      <trkpt lat="44.120458" lon="20.013812">
        <ele>1036.3</ele>
        <time>2026-05-10T02:00:49.177000Z</time>
      </trkpt>
      <trkpt lat="44.120544" lon="20.013983">
        <ele>1035.5</ele>
        <time>2026-05-10T02:00:50.563000Z</time>
      </trkpt>
      <trkpt lat="44.120706" lon="20.014177">
        <ele>1034.1</ele>
        <time>2026-05-10T02:00:52.504000Z</time>
      </trkpt>
      <trkpt lat="44.121629" lon="20.014964">
        <ele>1026.1</ele>
        <time>2026-05-10T02:01:02.152000Z</time>
      </trkpt>
      <trkpt lat="44.121832" lon="20.015105">
        <ele>1024.4</ele>
        <time>2026-05-10T02:01:04.164000Z</time>
      </trkpt>
      <trkpt lat="44.122149" lon="20.01517">
        <ele>1021.9</ele>
        <time>2026-05-10T02:01:07.006000Z</time>
      </trkpt>
      <trkpt lat="44.12303" lon="20.015043">
        <ele>1015.2</ele>
        <time>2026-05-10T02:01:14.887000Z</time>
      </trkpt>
      <trkpt lat="44.123347" lon="20.014992">
        <ele>1013</ele>
        <time>2026-05-10T02:01:17.759000Z</time>
      </trkpt>
      <trkpt lat="44.12354" lon="20.014947">
        <ele>1011.7</ele>
        <time>2026-05-10T02:01:19.529000Z</time>
      </trkpt>
      <trkpt lat="44.123717" lon="20.01485">
        <ele>1010.5</ele>
        <time>2026-05-10T02:01:21.251000Z</time>
      </trkpt>
      <trkpt lat="44.124129" lon="20.014475">
        <ele>1007.2</ele>
        <time>2026-05-10T02:01:25.710000Z</time>
      </trkpt>
      <trkpt lat="44.124257" lon="20.014403">
        <ele>1006.3</ele>
        <time>2026-05-10T02:01:26.961000Z</time>
      </trkpt>
      <trkpt lat="44.124778" lon="20.014211">
        <ele>1002.8</ele>
        <time>2026-05-10T02:01:31.840000Z</time>
      </trkpt>
      <trkpt lat="44.126935" lon="20.013472">
        <ele>985</ele>
        <time>2026-05-10T02:01:51.463000Z</time>
      </trkpt>
      <trkpt lat="44.127436" lon="20.013331">
        <ele>980.6</ele>
        <time>2026-05-10T02:01:55.932000Z</time>
      </trkpt>
      <trkpt lat="44.127756" lon="20.013333">
        <ele>977.8</ele>
        <time>2026-05-10T02:01:58.728000Z</time>
      </trkpt>
      <trkpt lat="44.128848" lon="20.013556">
        <ele>970</ele>
        <time>2026-05-10T02:02:08.629000Z</time>
      </trkpt>
      <trkpt lat="44.128977" lon="20.013597">
        <ele>969.3</ele>
        <time>2026-05-10T02:02:09.874000Z</time>
      </trkpt>
      <trkpt lat="44.129289" lon="20.013701">
        <ele>967.8</ele>
        <time>2026-05-10T02:02:12.912000Z</time>
      </trkpt>
      <trkpt lat="44.129765" lon="20.014045">
        <ele>965.2</ele>
        <time>2026-05-10T02:02:17.991000Z</time>
      </trkpt>
      <trkpt lat="44.129938" lon="20.014247">
        <ele>964.2</ele>
        <time>2026-05-10T02:02:20.169000Z</time>
      </trkpt>
      <trkpt lat="44.13037" lon="20.014925">
        <ele>961.2</ele>
        <time>2026-05-10T02:02:26.374000Z</time>
      </trkpt>
      <trkpt lat="44.130649" lon="20.015251">
        <ele>959.2</ele>
        <time>2026-05-10T02:02:29.756000Z</time>
      </trkpt>
      <trkpt lat="44.130814" lon="20.015372">
        <ele>957.9</ele>
        <time>2026-05-10T02:02:31.445000Z</time>
      </trkpt>
      <trkpt lat="44.131414" lon="20.015661">
        <ele>953</ele>
        <time>2026-05-10T02:02:37.078000Z</time>
      </trkpt>
      <trkpt lat="44.131525" lon="20.015801">
        <ele>951.7</ele>
        <time>2026-05-10T02:02:38.387000Z</time>
      </trkpt>
      <trkpt lat="44.131555" lon="20.015928">
        <ele>950.9</ele>
        <time>2026-05-10T02:02:39.223000Z</time>
      </trkpt>
      <trkpt lat="44.131536" lon="20.01619">
        <ele>949.1</ele>
        <time>2026-05-10T02:02:40.858000Z</time>
      </trkpt>
      <trkpt lat="44.131324" lon="20.016764">
        <ele>944.2</ele>
        <time>2026-05-10T02:02:44.830000Z</time>
      </trkpt>
      <trkpt lat="44.13129" lon="20.016916">
        <ele>942.9</ele>
        <time>2026-05-10T02:02:45.797000Z</time>
      </trkpt>
      <trkpt lat="44.131279" lon="20.017105">
        <ele>941.3</ele>
        <time>2026-05-10T02:02:46.948000Z</time>
      </trkpt>
      <trkpt lat="44.131322" lon="20.017655">
        <ele>936.3</ele>
        <time>2026-05-10T02:02:50.292000Z</time>
      </trkpt>
      <trkpt lat="44.13141" lon="20.018085">
        <ele>932.6</ele>
        <time>2026-05-10T02:02:53.012000Z</time>
      </trkpt>
      <trkpt lat="44.131639" lon="20.018753">
        <ele>927.7</ele>
        <time>2026-05-10T02:02:57.629000Z</time>
      </trkpt>
      <trkpt lat="44.131715" lon="20.018891">
        <ele>926.8</ele>
        <time>2026-05-10T02:02:58.749000Z</time>
      </trkpt>
      <trkpt lat="44.131808" lon="20.018977">
        <ele>926.1</ele>
        <time>2026-05-10T02:02:59.764000Z</time>
      </trkpt>
      <trkpt lat="44.132094" lon="20.019085">
        <ele>924.6</ele>
        <time>2026-05-10T02:03:02.547000Z</time>
      </trkpt>
      <trkpt lat="44.132313" lon="20.019095">
        <ele>923.8</ele>
        <time>2026-05-10T02:03:04.718000Z</time>
      </trkpt>
      <trkpt lat="44.132459" lon="20.019006">
        <ele>923.4</ele>
        <time>2026-05-10T02:03:06.392000Z</time>
      </trkpt>
      <trkpt lat="44.132782" lon="20.018666">
        <ele>922.6</ele>
        <time>2026-05-10T02:03:10.879000Z</time>
      </trkpt>
      <trkpt lat="44.133489" lon="20.018513">
        <ele>920.1</ele>
        <time>2026-05-10T02:03:18.027000Z</time>
      </trkpt>
      <trkpt lat="44.13366" lon="20.018398">
        <ele>918.8</ele>
        <time>2026-05-10T02:03:19.723000Z</time>
      </trkpt>
      <trkpt lat="44.133915" lon="20.018142">
        <ele>915.9</ele>
        <time>2026-05-10T02:03:22.465000Z</time>
      </trkpt>
      <trkpt lat="44.134086" lon="20.018057">
        <ele>914</ele>
        <time>2026-05-10T02:03:24.016000Z</time>
      </trkpt>
      <trkpt lat="44.134188" lon="20.018082">
        <ele>912.8</ele>
        <time>2026-05-10T02:03:24.897000Z</time>
      </trkpt>
      <trkpt lat="44.134241" lon="20.018138">
        <ele>912</ele>
        <time>2026-05-10T02:03:25.455000Z</time>
      </trkpt>
      <trkpt lat="44.134369" lon="20.018443">
        <ele>908.8</ele>
        <time>2026-05-10T02:03:27.588000Z</time>
      </trkpt>
      <trkpt lat="44.134489" lon="20.018549">
        <ele>906.9</ele>
        <time>2026-05-10T02:03:28.779000Z</time>
      </trkpt>
      <trkpt lat="44.135163" lon="20.018603">
        <ele>898.3</ele>
        <time>2026-05-10T02:03:34.465000Z</time>
      </trkpt>
      <trkpt lat="44.135717" lon="20.018719">
        <ele>893.4</ele>
        <time>2026-05-10T02:03:39.348000Z</time>
      </trkpt>
      <trkpt lat="44.135925" lon="20.018727">
        <ele>892.1</ele>
        <time>2026-05-10T02:03:41.239000Z</time>
      </trkpt>
      <trkpt lat="44.136088" lon="20.018667">
        <ele>891</ele>
        <time>2026-05-10T02:03:42.789000Z</time>
      </trkpt>
      <trkpt lat="44.136183" lon="20.01858">
        <ele>890.4</ele>
        <time>2026-05-10T02:03:43.836000Z</time>
      </trkpt>
      <trkpt lat="44.136359" lon="20.018346">
        <ele>889</ele>
        <time>2026-05-10T02:03:46.075000Z</time>
      </trkpt>
      <trkpt lat="44.13649" lon="20.018195">
        <ele>887.8</ele>
        <time>2026-05-10T02:03:47.614000Z</time>
      </trkpt>
      <trkpt lat="44.136716" lon="20.01805">
        <ele>885.9</ele>
        <time>2026-05-10T02:03:49.815000Z</time>
      </trkpt>
      <trkpt lat="44.136981" lon="20.017942">
        <ele>883.3</ele>
        <time>2026-05-10T02:03:52.210000Z</time>
      </trkpt>
      <trkpt lat="44.137357" lon="20.017865">
        <ele>879</ele>
        <time>2026-05-10T02:03:55.443000Z</time>
      </trkpt>
      <trkpt lat="44.137528" lon="20.017909">
        <ele>876.8</ele>
        <time>2026-05-10T02:03:56.899000Z</time>
      </trkpt>
      <trkpt lat="44.137847" lon="20.018143">
        <ele>871.3</ele>
        <time>2026-05-10T02:03:59.891000Z</time>
      </trkpt>
      <trkpt lat="44.138043" lon="20.018248">
        <ele>867.8</ele>
        <time>2026-05-10T02:04:01.624000Z</time>
      </trkpt>
      <trkpt lat="44.138988" lon="20.018551">
        <ele>854.6</ele>
        <time>2026-05-10T02:04:09.731000Z</time>
      </trkpt>
      <trkpt lat="44.139399" lon="20.018643">
        <ele>852.5</ele>
        <time>2026-05-10T02:04:13.637000Z</time>
      </trkpt>
      <trkpt lat="44.139551" lon="20.018609">
        <ele>851.9</ele>
        <time>2026-05-10T02:04:15.146000Z</time>
      </trkpt>
      <trkpt lat="44.139636" lon="20.018548">
        <ele>851.5</ele>
        <time>2026-05-10T02:04:16.096000Z</time>
      </trkpt>
      <trkpt lat="44.14008" lon="20.01795">
        <ele>848.4</ele>
        <time>2026-05-10T02:04:21.909000Z</time>
      </trkpt>
      <trkpt lat="44.14022" lon="20.017849">
        <ele>847.4</ele>
        <time>2026-05-10T02:04:23.341000Z</time>
      </trkpt>
      <trkpt lat="44.140361" lon="20.017814">
        <ele>846.5</ele>
        <time>2026-05-10T02:04:24.649000Z</time>
      </trkpt>
      <trkpt lat="44.140483" lon="20.017846">
        <ele>845.7</ele>
        <time>2026-05-10T02:04:25.782000Z</time>
      </trkpt>
      <trkpt lat="44.140846" lon="20.01813">
        <ele>842.6</ele>
        <time>2026-05-10T02:04:29.486000Z</time>
      </trkpt>
      <trkpt lat="44.141053" lon="20.01825">
        <ele>840.6</ele>
        <time>2026-05-10T02:04:31.440000Z</time>
      </trkpt>
      <trkpt lat="44.141247" lon="20.018349">
        <ele>838.4</ele>
        <time>2026-05-10T02:04:33.205000Z</time>
      </trkpt>
      <trkpt lat="44.141454" lon="20.01841">
        <ele>836.3</ele>
        <time>2026-05-10T02:04:35.032000Z</time>
      </trkpt>
      <trkpt lat="44.141754" lon="20.01841">
        <ele>833.4</ele>
        <time>2026-05-10T02:04:37.616000Z</time>
      </trkpt>
      <trkpt lat="44.142091" lon="20.018213">
        <ele>830.3</ele>
        <time>2026-05-10T02:04:40.825000Z</time>
      </trkpt>
      <trkpt lat="44.142297" lon="20.018148">
        <ele>828.8</ele>
        <time>2026-05-10T02:04:42.723000Z</time>
      </trkpt>
      <trkpt lat="44.142502" lon="20.018182">
        <ele>827.5</ele>
        <time>2026-05-10T02:04:44.598000Z</time>
      </trkpt>
      <trkpt lat="44.143146" lon="20.018422">
        <ele>822.3</ele>
        <time>2026-05-10T02:04:50.501000Z</time>
      </trkpt>
      <trkpt lat="44.143681" lon="20.018285">
        <ele>815.9</ele>
        <time>2026-05-10T02:04:55.111000Z</time>
      </trkpt>
      <trkpt lat="44.143983" lon="20.018252">
        <ele>811.8</ele>
        <time>2026-05-10T02:04:57.644000Z</time>
      </trkpt>
      <trkpt lat="44.144269" lon="20.018257">
        <ele>807.8</ele>
        <time>2026-05-10T02:05:00.032000Z</time>
      </trkpt>
      <trkpt lat="44.145219" lon="20.018399">
        <ele>795.3</ele>
        <time>2026-05-10T02:05:08.044000Z</time>
      </trkpt>
      <trkpt lat="44.145848" lon="20.018398">
        <ele>787.3</ele>
        <time>2026-05-10T02:05:13.338000Z</time>
      </trkpt>
      <trkpt lat="44.146126" lon="20.018496">
        <ele>783.8</ele>
        <time>2026-05-10T02:05:15.756000Z</time>
      </trkpt>
      <trkpt lat="44.146213" lon="20.018576">
        <ele>782.6</ele>
        <time>2026-05-10T02:05:16.639000Z</time>
      </trkpt>
      <trkpt lat="44.146312" lon="20.018738">
        <ele>780.8</ele>
        <time>2026-05-10T02:05:17.938000Z</time>
      </trkpt>
      <trkpt lat="44.146343" lon="20.018873">
        <ele>779.6</ele>
        <time>2026-05-10T02:05:18.797000Z</time>
      </trkpt>
      <trkpt lat="44.146367" lon="20.019279">
        <ele>776.1</ele>
        <time>2026-05-10T02:05:21.272000Z</time>
      </trkpt>
      <trkpt lat="44.146409" lon="20.019539">
        <ele>773.8</ele>
        <time>2026-05-10T02:05:22.886000Z</time>
      </trkpt>
      <trkpt lat="44.14655" lon="20.019828">
        <ele>770.8</ele>
        <time>2026-05-10T02:05:25.001000Z</time>
      </trkpt>
      <trkpt lat="44.147072" lon="20.02036">
        <ele>763.4</ele>
        <time>2026-05-10T02:05:30.499000Z</time>
      </trkpt>
      <trkpt lat="44.14756" lon="20.020741">
        <ele>759.1</ele>
        <time>2026-05-10T02:05:35.460000Z</time>
      </trkpt>
      <trkpt lat="44.14792" lon="20.020967">
        <ele>757.3</ele>
        <time>2026-05-10T02:05:39.243000Z</time>
      </trkpt>
      <trkpt lat="44.148379" lon="20.02109">
        <ele>756.2</ele>
        <time>2026-05-10T02:05:44.228000Z</time>
      </trkpt>
      <trkpt lat="44.148832" lon="20.021059">
        <ele>755.3</ele>
        <time>2026-05-10T02:05:49.187000Z</time>
      </trkpt>
      <trkpt lat="44.149409" lon="20.020897">
        <ele>753.6</ele>
        <time>2026-05-10T02:05:55.284000Z</time>
      </trkpt>
      <trkpt lat="44.149948" lon="20.020712">
        <ele>751.2</ele>
        <time>2026-05-10T02:06:00.626000Z</time>
      </trkpt>
      <trkpt lat="44.151232" lon="20.020086">
        <ele>742.3</ele>
        <time>2026-05-10T02:06:12.950000Z</time>
      </trkpt>
      <trkpt lat="44.151779" lon="20.01976">
        <ele>738</ele>
        <time>2026-05-10T02:06:18.269000Z</time>
      </trkpt>
      <trkpt lat="44.15191" lon="20.019738">
        <ele>737.1</ele>
        <time>2026-05-10T02:06:19.461000Z</time>
      </trkpt>
      <trkpt lat="44.151992" lon="20.019828">
        <ele>736.4</ele>
        <time>2026-05-10T02:06:20.412000Z</time>
      </trkpt>
      <trkpt lat="44.152016" lon="20.01994">
        <ele>736</ele>
        <time>2026-05-10T02:06:21.195000Z</time>
      </trkpt>
      <trkpt lat="44.152004" lon="20.02004">
        <ele>735.6</ele>
        <time>2026-05-10T02:06:21.869000Z</time>
      </trkpt>
      <trkpt lat="44.151924" lon="20.020165">
        <ele>735</ele>
        <time>2026-05-10T02:06:23.009000Z</time>
      </trkpt>
      <trkpt lat="44.151283" lon="20.020301">
        <ele>732.4</ele>
        <time>2026-05-10T02:06:29.330000Z</time>
      </trkpt>
      <trkpt lat="44.150745" lon="20.02065">
        <ele>730.8</ele>
        <time>2026-05-10T02:06:35.547000Z</time>
      </trkpt>
      <trkpt lat="44.15007" lon="20.021164">
        <ele>728.4</ele>
        <time>2026-05-10T02:06:43.397000Z</time>
      </trkpt>
      <trkpt lat="44.149627" lon="20.021491">
        <ele>725.8</ele>
        <time>2026-05-10T02:06:48.080000Z</time>
      </trkpt>
      <trkpt lat="44.149433" lon="20.021636">
        <ele>724.6</ele>
        <time>2026-05-10T02:06:50.126000Z</time>
      </trkpt>
      <trkpt lat="44.149369" lon="20.021717">
        <ele>724</ele>
        <time>2026-05-10T02:06:50.917000Z</time>
      </trkpt>
      <trkpt lat="44.14937" lon="20.021833">
        <ele>723.6</ele>
        <time>2026-05-10T02:06:51.682000Z</time>
      </trkpt>
      <trkpt lat="44.14941" lon="20.021866">
        <ele>723.2</ele>
        <time>2026-05-10T02:06:52.098000Z</time>
      </trkpt>
      <trkpt lat="44.149504" lon="20.021825">
        <ele>722.7</ele>
        <time>2026-05-10T02:06:53.014000Z</time>
      </trkpt>
      <trkpt lat="44.149642" lon="20.021712">
        <ele>721.7</ele>
        <time>2026-05-10T02:06:54.468000Z</time>
      </trkpt>
      <trkpt lat="44.149956" lon="20.021478">
        <ele>719.2</ele>
        <time>2026-05-10T02:06:57.667000Z</time>
      </trkpt>
      <trkpt lat="44.15029" lon="20.021308">
        <ele>716.2</ele>
        <time>2026-05-10T02:07:00.792000Z</time>
      </trkpt>
      <trkpt lat="44.150636" lon="20.021233">
        <ele>713.1</ele>
        <time>2026-05-10T02:07:03.836000Z</time>
      </trkpt>
      <trkpt lat="44.150981" lon="20.021254">
        <ele>709.2</ele>
        <time>2026-05-10T02:07:06.784000Z</time>
      </trkpt>
      <trkpt lat="44.151155" lon="20.02131">
        <ele>706.9</ele>
        <time>2026-05-10T02:07:08.282000Z</time>
      </trkpt>
      <trkpt lat="44.151261" lon="20.0214">
        <ele>705.2</ele>
        <time>2026-05-10T02:07:09.315000Z</time>
      </trkpt>
      <trkpt lat="44.151627" lon="20.022045">
        <ele>696.6</ele>
        <time>2026-05-10T02:07:14.223000Z</time>
      </trkpt>
      <trkpt lat="44.151998" lon="20.02252">
        <ele>689.6</ele>
        <time>2026-05-10T02:07:18.432000Z</time>
      </trkpt>
      <trkpt lat="44.152227" lon="20.022723">
        <ele>686.3</ele>
        <time>2026-05-10T02:07:20.723000Z</time>
      </trkpt>
      <trkpt lat="44.152464" lon="20.022848">
        <ele>683.6</ele>
        <time>2026-05-10T02:07:22.881000Z</time>
      </trkpt>
      <trkpt lat="44.152589" lon="20.022873">
        <ele>682.4</ele>
        <time>2026-05-10T02:07:23.976000Z</time>
      </trkpt>
      <trkpt lat="44.152817" lon="20.022863">
        <ele>680.7</ele>
        <time>2026-05-10T02:07:26.027000Z</time>
      </trkpt>
      <trkpt lat="44.15349" lon="20.022704">
        <ele>678.9</ele>
        <time>2026-05-10T02:07:33.177000Z</time>
      </trkpt>
      <trkpt lat="44.153608" lon="20.022601">
        <ele>678.8</ele>
        <time>2026-05-10T02:07:34.838000Z</time>
      </trkpt>
      <trkpt lat="44.153662" lon="20.022425">
        <ele>678.7</ele>
        <time>2026-05-10T02:07:36.550000Z</time>
      </trkpt>
      <trkpt lat="44.153633" lon="20.021735">
        <ele>678.1</ele>
        <time>2026-05-10T02:07:42.445000Z</time>
      </trkpt>
      <trkpt lat="44.15362" lon="20.020485">
        <ele>673.1</ele>
        <time>2026-05-10T02:07:50.782000Z</time>
      </trkpt>
      <trkpt lat="44.153632" lon="20.019108">
        <ele>664.8</ele>
        <time>2026-05-10T02:07:59.453000Z</time>
      </trkpt>
      <trkpt lat="44.153586" lon="20.018876">
        <ele>663.2</ele>
        <time>2026-05-10T02:08:00.950000Z</time>
      </trkpt>
      <trkpt lat="44.153352" lon="20.018403">
        <ele>659.5</ele>
        <time>2026-05-10T02:08:04.539000Z</time>
      </trkpt>
      <trkpt lat="44.153326" lon="20.018202">
        <ele>658.3</ele>
        <time>2026-05-10T02:08:05.835000Z</time>
      </trkpt>
      <trkpt lat="44.153363" lon="20.017952">
        <ele>657</ele>
        <time>2026-05-10T02:08:07.476000Z</time>
      </trkpt>
      <trkpt lat="44.153681" lon="20.017075">
        <ele>651.9</ele>
        <time>2026-05-10T02:08:13.784000Z</time>
      </trkpt>
      <trkpt lat="44.153742" lon="20.016732">
        <ele>648.8</ele>
        <time>2026-05-10T02:08:15.925000Z</time>
      </trkpt>
      <trkpt lat="44.153775" lon="20.016177">
        <ele>643.5</ele>
        <time>2026-05-10T02:08:19.271000Z</time>
      </trkpt>
      <trkpt lat="44.153762" lon="20.015908">
        <ele>641</ele>
        <time>2026-05-10T02:08:20.896000Z</time>
      </trkpt>
      <trkpt lat="44.153698" lon="20.015062">
        <ele>632.9</ele>
        <time>2026-05-10T02:08:26.016000Z</time>
      </trkpt>
      <trkpt lat="44.153597" lon="20.013987">
        <ele>624.3</ele>
        <time>2026-05-10T02:08:32.639000Z</time>
      </trkpt>
      <trkpt lat="44.153531" lon="20.013697">
        <ele>622.6</ele>
        <time>2026-05-10T02:08:34.568000Z</time>
      </trkpt>
      <trkpt lat="44.153491" lon="20.013613">
        <ele>622.1</ele>
        <time>2026-05-10T02:08:35.226000Z</time>
      </trkpt>
      <trkpt lat="44.153392" lon="20.0135">
        <ele>621.4</ele>
        <time>2026-05-10T02:08:36.415000Z</time>
      </trkpt>
      <trkpt lat="44.152776" lon="20.01297">
        <ele>618.9</ele>
        <time>2026-05-10T02:08:43.670000Z</time>
      </trkpt>
      <trkpt lat="44.151936" lon="20.012461">
        <ele>619.1</ele>
        <time>2026-05-10T02:08:57.736000Z</time>
      </trkpt>
      <trkpt lat="44.151621" lon="20.012217">
        <ele>618.8</ele>
        <time>2026-05-10T02:09:02.387000Z</time>
      </trkpt>
      <trkpt lat="44.151478" lon="20.012066">
        <ele>618.8</ele>
        <time>2026-05-10T02:09:05.068000Z</time>
      </trkpt>
      <trkpt lat="44.151342" lon="20.01185">
        <ele>618.8</ele>
        <time>2026-05-10T02:09:07.887000Z</time>
      </trkpt>
      <trkpt lat="44.151318" lon="20.011777">
        <ele>618.7</ele>
        <time>2026-05-10T02:09:08.608000Z</time>
      </trkpt>
      <trkpt lat="44.151307" lon="20.011573">
        <ele>618.6</ele>
        <time>2026-05-10T02:09:10.381000Z</time>
      </trkpt>
      <trkpt lat="44.151356" lon="20.011395">
        <ele>618.3</ele>
        <time>2026-05-10T02:09:11.881000Z</time>
      </trkpt>
      <trkpt lat="44.1515" lon="20.011156">
        <ele>617.4</ele>
        <time>2026-05-10T02:09:14.075000Z</time>
      </trkpt>
      <trkpt lat="44.151676" lon="20.010967">
        <ele>616</ele>
        <time>2026-05-10T02:09:16.103000Z</time>
      </trkpt>
      <trkpt lat="44.152146" lon="20.010592">
        <ele>611.9</ele>
        <time>2026-05-10T02:09:20.920000Z</time>
      </trkpt>
      <trkpt lat="44.152741" lon="20.010229">
        <ele>606</ele>
        <time>2026-05-10T02:09:26.568000Z</time>
      </trkpt>
      <trkpt lat="44.153714" lon="20.00953">
        <ele>597.4</ele>
        <time>2026-05-10T02:09:36.262000Z</time>
      </trkpt>
      <trkpt lat="44.154341" lon="20.008955">
        <ele>595</ele>
        <time>2026-05-10T02:09:43.856000Z</time>
      </trkpt>
      <trkpt lat="44.154612" lon="20.008663">
        <ele>593.9</ele>
        <time>2026-05-10T02:09:47.302000Z</time>
      </trkpt>
      <trkpt lat="44.15493" lon="20.008294">
        <ele>591.8</ele>
        <time>2026-05-10T02:09:51.210000Z</time>
      </trkpt>
      <trkpt lat="44.15515" lon="20.00788">
        <ele>589.2</ele>
        <time>2026-05-10T02:09:54.529000Z</time>
      </trkpt>
      <trkpt lat="44.155339" lon="20.007384">
        <ele>585.7</ele>
        <time>2026-05-10T02:09:58.045000Z</time>
      </trkpt>
      <trkpt lat="44.155525" lon="20.007002">
        <ele>582.7</ele>
        <time>2026-05-10T02:10:00.925000Z</time>
      </trkpt>
      <trkpt lat="44.155918" lon="20.006354">
        <ele>577</ele>
        <time>2026-05-10T02:10:06.205000Z</time>
      </trkpt>
      <trkpt lat="44.156156" lon="20.005871">
        <ele>573.2</ele>
        <time>2026-05-10T02:10:09.871000Z</time>
      </trkpt>
      <trkpt lat="44.156572" lon="20.005307">
        <ele>568.1</ele>
        <time>2026-05-10T02:10:14.932000Z</time>
      </trkpt>
      <trkpt lat="44.156679" lon="20.005067">
        <ele>566.4</ele>
        <time>2026-05-10T02:10:16.708000Z</time>
      </trkpt>
      <trkpt lat="44.156832" lon="20.004397">
        <ele>562.8</ele>
        <time>2026-05-10T02:10:21.231000Z</time>
      </trkpt>
      <trkpt lat="44.156859" lon="20.004112">
        <ele>561.6</ele>
        <time>2026-05-10T02:10:23.131000Z</time>
      </trkpt>
      <trkpt lat="44.156773" lon="20.003739">
        <ele>560.3</ele>
        <time>2026-05-10T02:10:25.807000Z</time>
      </trkpt>
      <trkpt lat="44.156549" lon="20.003241">
        <ele>558.9</ele>
        <time>2026-05-10T02:10:30.080000Z</time>
      </trkpt>
      <trkpt lat="44.156408" lon="20.002949">
        <ele>558.3</ele>
        <time>2026-05-10T02:10:32.784000Z</time>
      </trkpt>
      <trkpt lat="44.156267" lon="20.002762">
        <ele>557.9</ele>
        <time>2026-05-10T02:10:34.856000Z</time>
      </trkpt>
      <trkpt lat="44.155891" lon="20.002399">
        <ele>556.6</ele>
        <time>2026-05-10T02:10:39.606000Z</time>
      </trkpt>
      <trkpt lat="44.155792" lon="20.002217">
        <ele>556.1</ele>
        <time>2026-05-10T02:10:41.274000Z</time>
      </trkpt>
      <trkpt lat="44.155739" lon="20.00208">
        <ele>555.7</ele>
        <time>2026-05-10T02:10:42.397000Z</time>
      </trkpt>
      <trkpt lat="44.155716" lon="20.00188">
        <ele>555.3</ele>
        <time>2026-05-10T02:10:43.894000Z</time>
      </trkpt>
      <trkpt lat="44.155721" lon="20.001254">
        <ele>554.5</ele>
        <time>2026-05-10T02:10:48.922000Z</time>
      </trkpt>
      <trkpt lat="44.15563" lon="20.000915">
        <ele>554.3</ele>
        <time>2026-05-10T02:10:52.162000Z</time>
      </trkpt>
      <trkpt lat="44.155415" lon="20.000701">
        <ele>554.1</ele>
        <time>2026-05-10T02:10:55.532000Z</time>
      </trkpt>
      <trkpt lat="44.154759" lon="20.000284">
        <ele>553</ele>
        <time>2026-05-10T02:11:03.802000Z</time>
      </trkpt>
      <trkpt lat="44.154665" lon="20.000136">
        <ele>552.6</ele>
        <time>2026-05-10T02:11:05.328000Z</time>
      </trkpt>
      <trkpt lat="44.154639" lon="20.000004">
        <ele>552.4</ele>
        <time>2026-05-10T02:11:06.379000Z</time>
      </trkpt>
      <trkpt lat="44.154672" lon="19.999815">
        <ele>552.1</ele>
        <time>2026-05-10T02:11:07.861000Z</time>
      </trkpt>
      <trkpt lat="44.154731" lon="19.999711">
        <ele>551.9</ele>
        <time>2026-05-10T02:11:08.881000Z</time>
      </trkpt>
      <trkpt lat="44.155234" lon="19.999234">
        <ele>550.5</ele>
        <time>2026-05-10T02:11:15.455000Z</time>
      </trkpt>
      <trkpt lat="44.155352" lon="19.99906">
        <ele>550.4</ele>
        <time>2026-05-10T02:11:17.573000Z</time>
      </trkpt>
      <trkpt lat="44.15539" lon="19.998949">
        <ele>550.3</ele>
        <time>2026-05-10T02:11:18.774000Z</time>
      </trkpt>
      <trkpt lat="44.155379" lon="19.998754">
        <ele>550.3</ele>
        <time>2026-05-10T02:11:20.935000Z</time>
      </trkpt>
      <trkpt lat="44.155279" lon="19.998558">
        <ele>550.4</ele>
        <time>2026-05-10T02:11:23.845000Z</time>
      </trkpt>
      <trkpt lat="44.155123" lon="19.998452">
        <ele>550.6</ele>
        <time>2026-05-10T02:11:27.144000Z</time>
      </trkpt>
      <trkpt lat="44.154728" lon="19.998296">
        <ele>551.1</ele>
        <time>2026-05-10T02:11:35.226000Z</time>
      </trkpt>
      <trkpt lat="44.154623" lon="19.998229">
        <ele>551.2</ele>
        <time>2026-05-10T02:11:37.205000Z</time>
      </trkpt>
      <trkpt lat="44.15458" lon="19.998161">
        <ele>551.2</ele>
        <time>2026-05-10T02:11:38.108000Z</time>
      </trkpt>
      <trkpt lat="44.154535" lon="19.998015">
        <ele>551.1</ele>
        <time>2026-05-10T02:11:39.716000Z</time>
      </trkpt>
      <trkpt lat="44.154525" lon="19.997841">
        <ele>551</ele>
        <time>2026-05-10T02:11:41.157000Z</time>
      </trkpt>
      <trkpt lat="44.154574" lon="19.997603">
        <ele>550.5</ele>
        <time>2026-05-10T02:11:42.993000Z</time>
      </trkpt>
      <trkpt lat="44.154669" lon="19.997429">
        <ele>549.8</ele>
        <time>2026-05-10T02:11:44.521000Z</time>
      </trkpt>
      <trkpt lat="44.155197" lon="19.996748">
        <ele>544.2</ele>
        <time>2026-05-10T02:11:50.891000Z</time>
      </trkpt>
      <trkpt lat="44.155318" lon="19.996511">
        <ele>542</ele>
        <time>2026-05-10T02:11:52.675000Z</time>
      </trkpt>
      <trkpt lat="44.155349" lon="19.996272">
        <ele>540.2</ele>
        <time>2026-05-10T02:11:54.170000Z</time>
      </trkpt>
      <trkpt lat="44.155333" lon="19.996069">
        <ele>538.7</ele>
        <time>2026-05-10T02:11:55.432000Z</time>
      </trkpt>
      <trkpt lat="44.155263" lon="19.99588">
        <ele>537.2</ele>
        <time>2026-05-10T02:11:56.748000Z</time>
      </trkpt>
      <trkpt lat="44.155074" lon="19.995588">
        <ele>534.8</ele>
        <time>2026-05-10T02:11:59.213000Z</time>
      </trkpt>
      <trkpt lat="44.155033" lon="19.995384">
        <ele>533.5</ele>
        <time>2026-05-10T02:12:00.557000Z</time>
      </trkpt>
      <trkpt lat="44.155048" lon="19.995213">
        <ele>532.6</ele>
        <time>2026-05-10T02:12:01.657000Z</time>
      </trkpt>
      <trkpt lat="44.155111" lon="19.995024">
        <ele>531.6</ele>
        <time>2026-05-10T02:12:03.001000Z</time>
      </trkpt>
      <trkpt lat="44.155289" lon="19.994741">
        <ele>530</ele>
        <time>2026-05-10T02:12:05.478000Z</time>
      </trkpt>
      <trkpt lat="44.155438" lon="19.994425">
        <ele>528.4</ele>
        <time>2026-05-10T02:12:07.989000Z</time>
      </trkpt>
      <trkpt lat="44.155605" lon="19.993716">
        <ele>525.5</ele>
        <time>2026-05-10T02:12:12.966000Z</time>
      </trkpt>
      <trkpt lat="44.155782" lon="19.993285">
        <ele>523.7</ele>
        <time>2026-05-10T02:12:16.320000Z</time>
      </trkpt>
      <trkpt lat="44.156227" lon="19.992506">
        <ele>522</ele>
        <time>2026-05-10T02:12:23.950000Z</time>
      </trkpt>
      <trkpt lat="44.156332" lon="19.992157">
        <ele>522.2</ele>
        <time>2026-05-10T02:12:28.764000Z</time>
      </trkpt>
      <trkpt lat="44.156329" lon="19.992023">
        <ele>522.3</ele>
        <time>2026-05-10T02:12:30.460000Z</time>
      </trkpt>
      <trkpt lat="44.156265" lon="19.991802">
        <ele>522.4</ele>
        <time>2026-05-10T02:12:33.330000Z</time>
      </trkpt>
      <trkpt lat="44.156041" lon="19.991467">
        <ele>522.4</ele>
        <time>2026-05-10T02:12:38.387000Z</time>
      </trkpt>
      <trkpt lat="44.155922" lon="19.991369">
        <ele>522.4</ele>
        <time>2026-05-10T02:12:40.244000Z</time>
      </trkpt>
      <trkpt lat="44.155729" lon="19.991201">
        <ele>522.1</ele>
        <time>2026-05-10T02:12:43.017000Z</time>
      </trkpt>
      <trkpt lat="44.155614" lon="19.990978">
        <ele>521.7</ele>
        <time>2026-05-10T02:12:45.154000Z</time>
      </trkpt>
      <trkpt lat="44.155591" lon="19.99078">
        <ele>521.3</ele>
        <time>2026-05-10T02:12:46.636000Z</time>
      </trkpt>
      <trkpt lat="44.155599" lon="19.990561">
        <ele>520.7</ele>
        <time>2026-05-10T02:12:48.198000Z</time>
      </trkpt>
      <trkpt lat="44.155649" lon="19.99038">
        <ele>520</ele>
        <time>2026-05-10T02:12:49.514000Z</time>
      </trkpt>
      <trkpt lat="44.155742" lon="19.990215">
        <ele>519.1</ele>
        <time>2026-05-10T02:12:50.897000Z</time>
      </trkpt>
      <trkpt lat="44.155885" lon="19.990086">
        <ele>517.8</ele>
        <time>2026-05-10T02:12:52.399000Z</time>
      </trkpt>
      <trkpt lat="44.156013" lon="19.990016">
        <ele>516.5</ele>
        <time>2026-05-10T02:12:53.598000Z</time>
      </trkpt>
      <trkpt lat="44.156745" lon="19.989715">
        <ele>507.8</ele>
        <time>2026-05-10T02:13:00.075000Z</time>
      </trkpt>
      <trkpt lat="44.156894" lon="19.989626">
        <ele>505.7</ele>
        <time>2026-05-10T02:13:01.435000Z</time>
      </trkpt>
      <trkpt lat="44.157115" lon="19.989384">
        <ele>501.9</ele>
        <time>2026-05-10T02:13:03.790000Z</time>
      </trkpt>
      <trkpt lat="44.157372" lon="19.988956">
        <ele>496.6</ele>
        <time>2026-05-10T02:13:07.146000Z</time>
      </trkpt>
      <trkpt lat="44.157562" lon="19.988795">
        <ele>493.7</ele>
        <time>2026-05-10T02:13:09.006000Z</time>
      </trkpt>
      <trkpt lat="44.157821" lon="19.98876">
        <ele>490.3</ele>
        <time>2026-05-10T02:13:11.195000Z</time>
      </trkpt>
      <trkpt lat="44.158714" lon="19.988805">
        <ele>480.1</ele>
        <time>2026-05-10T02:13:18.784000Z</time>
      </trkpt>
      <trkpt lat="44.15891" lon="19.988776">
        <ele>478.2</ele>
        <time>2026-05-10T02:13:20.483000Z</time>
      </trkpt>
      <trkpt lat="44.159011" lon="19.988708">
        <ele>477.2</ele>
        <time>2026-05-10T02:13:21.461000Z</time>
      </trkpt>
      <trkpt lat="44.159227" lon="19.988503">
        <ele>475.2</ele>
        <time>2026-05-10T02:13:23.778000Z</time>
      </trkpt>
      <trkpt lat="44.159357" lon="19.988324">
        <ele>474.1</ele>
        <time>2026-05-10T02:13:25.466000Z</time>
      </trkpt>
      <trkpt lat="44.159435" lon="19.988145">
        <ele>473.5</ele>
        <time>2026-05-10T02:13:26.940000Z</time>
      </trkpt>
      <trkpt lat="44.159445" lon="19.988007">
        <ele>473.2</ele>
        <time>2026-05-10T02:13:27.940000Z</time>
      </trkpt>
      <trkpt lat="44.159379" lon="19.987819">
        <ele>472.8</ele>
        <time>2026-05-10T02:13:29.481000Z</time>
      </trkpt>
      <trkpt lat="44.159242" lon="19.987678">
        <ele>472.3</ele>
        <time>2026-05-10T02:13:31.254000Z</time>
      </trkpt>
      <trkpt lat="44.159066" lon="19.987662">
        <ele>471.8</ele>
        <time>2026-05-10T02:13:33.070000Z</time>
      </trkpt>
      <trkpt lat="44.158861" lon="19.987746">
        <ele>471.1</ele>
        <time>2026-05-10T02:13:35.272000Z</time>
      </trkpt>
      <trkpt lat="44.158594" lon="19.987833">
        <ele>470.6</ele>
        <time>2026-05-10T02:13:38.300000Z</time>
      </trkpt>
      <trkpt lat="44.158511" lon="19.987812">
        <ele>470.5</ele>
        <time>2026-05-10T02:13:39.293000Z</time>
      </trkpt>
      <trkpt lat="44.15846" lon="19.987709">
        <ele>470.4</ele>
        <time>2026-05-10T02:13:40.353000Z</time>
      </trkpt>
      <trkpt lat="44.158493" lon="19.987509">
        <ele>470.2</ele>
        <time>2026-05-10T02:13:42.083000Z</time>
      </trkpt>
      <trkpt lat="44.158757" lon="19.986991">
        <ele>469.3</ele>
        <time>2026-05-10T02:13:47.142000Z</time>
      </trkpt>
      <trkpt lat="44.158814" lon="19.986729">
        <ele>468.6</ele>
        <time>2026-05-10T02:13:49.057000Z</time>
      </trkpt>
      <trkpt lat="44.158864" lon="19.986311">
        <ele>466.5</ele>
        <time>2026-05-10T02:13:51.800000Z</time>
      </trkpt>
      <trkpt lat="44.158909" lon="19.98619">
        <ele>465.7</ele>
        <time>2026-05-10T02:13:52.659000Z</time>
      </trkpt>
      <trkpt lat="44.159095" lon="19.985955">
        <ele>463.5</ele>
        <time>2026-05-10T02:13:54.845000Z</time>
      </trkpt>
      <trkpt lat="44.159455" lon="19.985759">
        <ele>460.1</ele>
        <time>2026-05-10T02:13:58.231000Z</time>
      </trkpt>
      <trkpt lat="44.159615" lon="19.985609">
        <ele>458.4</ele>
        <time>2026-05-10T02:13:59.912000Z</time>
      </trkpt>
      <trkpt lat="44.159753" lon="19.985325">
        <ele>456.1</ele>
        <time>2026-05-10T02:14:02.037000Z</time>
      </trkpt>
      <trkpt lat="44.159871" lon="19.984807">
        <ele>452.2</ele>
        <time>2026-05-10T02:14:05.397000Z</time>
      </trkpt>
      <trkpt lat="44.159993" lon="19.984597">
        <ele>450.4</ele>
        <time>2026-05-10T02:14:07.078000Z</time>
      </trkpt>
      <trkpt lat="44.160158" lon="19.984469">
        <ele>448.8</ele>
        <time>2026-05-10T02:14:08.736000Z</time>
      </trkpt>
      <trkpt lat="44.160336" lon="19.984425">
        <ele>447.5</ele>
        <time>2026-05-10T02:14:10.346000Z</time>
      </trkpt>
      <trkpt lat="44.160489" lon="19.984439">
        <ele>446.5</ele>
        <time>2026-05-10T02:14:11.748000Z</time>
      </trkpt>
      <trkpt lat="44.160661" lon="19.984521">
        <ele>445.6</ele>
        <time>2026-05-10T02:14:13.468000Z</time>
      </trkpt>
      <trkpt lat="44.160841" lon="19.984725">
        <ele>444.8</ele>
        <time>2026-05-10T02:14:15.792000Z</time>
      </trkpt>
      <trkpt lat="44.161065" lon="19.985086">
        <ele>444</ele>
        <time>2026-05-10T02:14:19.414000Z</time>
      </trkpt>
      <trkpt lat="44.161257" lon="19.985402">
        <ele>443.4</ele>
        <time>2026-05-10T02:14:22.728000Z</time>
      </trkpt>
      <trkpt lat="44.161541" lon="19.985872">
        <ele>443.5</ele>
        <time>2026-05-10T02:14:29.356000Z</time>
      </trkpt>
      <trkpt lat="44.161931" lon="19.986546">
        <ele>445</ele>
        <time>2026-05-10T02:14:44.718000Z</time>
      </trkpt>
      <trkpt lat="44.162116" lon="19.986949">
        <ele>446.2</ele>
        <time>2026-05-10T02:14:54.708000Z</time>
      </trkpt>
      <trkpt lat="44.162207" lon="19.987282">
        <ele>447.3</ele>
        <time>2026-05-10T02:15:02.797000Z</time>
      </trkpt>
      <trkpt lat="44.162352" lon="19.988111">
        <ele>450.2</ele>
        <time>2026-05-10T02:15:23.501000Z</time>
      </trkpt>
      <trkpt lat="44.16242" lon="19.988659">
        <ele>452.2</ele>
        <time>2026-05-10T02:15:37.560000Z</time>
      </trkpt>
      <trkpt lat="44.162476" lon="19.989652">
        <ele>455.6</ele>
        <time>2026-05-10T02:16:01.686000Z</time>
      </trkpt>
      <trkpt lat="44.162603" lon="19.990126">
        <ele>457.6</ele>
        <time>2026-05-10T02:16:14.936000Z</time>
      </trkpt>
      <trkpt lat="44.16289" lon="19.99089">
        <ele>462.3</ele>
        <time>2026-05-10T02:16:43.192000Z</time>
      </trkpt>
      <trkpt lat="44.163" lon="19.991128">
        <ele>464.2</ele>
        <time>2026-05-10T02:16:53.754000Z</time>
      </trkpt>
      <trkpt lat="44.163184" lon="19.991378">
        <ele>466.5</ele>
        <time>2026-05-10T02:17:06.917000Z</time>
      </trkpt>
      <trkpt lat="44.163638" lon="19.991755">
        <ele>471.4</ele>
        <time>2026-05-10T02:17:34.289000Z</time>
      </trkpt>
      <trkpt lat="44.163723" lon="19.991872">
        <ele>472.5</ele>
        <time>2026-05-10T02:17:40.506000Z</time>
      </trkpt>
      <trkpt lat="44.163853" lon="19.992149">
        <ele>474.5</ele>
        <time>2026-05-10T02:17:52.026000Z</time>
      </trkpt>
      <trkpt lat="44.163925" lon="19.992394">
        <ele>475.8</ele>
        <time>2026-05-10T02:18:00.182000Z</time>
      </trkpt>
      <trkpt lat="44.164062" lon="19.993231">
        <ele>478.7</ele>
        <time>2026-05-10T02:18:21.040000Z</time>
      </trkpt>
      <trkpt lat="44.164205" lon="19.99419">
        <ele>481.7</ele>
        <time>2026-05-10T02:18:43.403000Z</time>
      </trkpt>
      <trkpt lat="44.164279" lon="19.994432">
        <ele>482.2</ele>
        <time>2026-05-10T02:18:48.218000Z</time>
      </trkpt>
      <trkpt lat="44.164394" lon="19.994632">
        <ele>482.5</ele>
        <time>2026-05-10T02:18:52.091000Z</time>
      </trkpt>
      <trkpt lat="44.1646" lon="19.994881">
        <ele>482.9</ele>
        <time>2026-05-10T02:18:57.774000Z</time>
      </trkpt>
      <trkpt lat="44.164688" lon="19.995103">
        <ele>483.3</ele>
        <time>2026-05-10T02:19:02.103000Z</time>
      </trkpt>
      <trkpt lat="44.164688" lon="19.995338">
        <ele>483.8</ele>
        <time>2026-05-10T02:19:06.506000Z</time>
      </trkpt>
      <trkpt lat="44.164555" lon="19.995806">
        <ele>485</ele>
        <time>2026-05-10T02:19:16.579000Z</time>
      </trkpt>
      <trkpt lat="44.164537" lon="19.996061">
        <ele>485.5</ele>
        <time>2026-05-10T02:19:21.293000Z</time>
      </trkpt>
      <trkpt lat="44.164561" lon="19.996295">
        <ele>485.8</ele>
        <time>2026-05-10T02:19:25.039000Z</time>
      </trkpt>
      <trkpt lat="44.164634" lon="19.996749">
        <ele>486.2</ele>
        <time>2026-05-10T02:19:31.697000Z</time>
      </trkpt>
      <trkpt lat="44.164756" lon="19.997072">
        <ele>486.9</ele>
        <time>2026-05-10T02:19:38.274000Z</time>
      </trkpt>
      <trkpt lat="44.16493" lon="19.99728">
        <ele>488.1</ele>
        <time>2026-05-10T02:19:46.407000Z</time>
      </trkpt>
      <trkpt lat="44.165103" lon="19.997427">
        <ele>489.4</ele>
        <time>2026-05-10T02:19:54.927000Z</time>
      </trkpt>
      <trkpt lat="44.165328" lon="19.997593">
        <ele>491.4</ele>
        <time>2026-05-10T02:20:06.364000Z</time>
      </trkpt>
      <trkpt lat="44.165501" lon="19.997659">
        <ele>492.8</ele>
        <time>2026-05-10T02:20:14.935000Z</time>
      </trkpt>
      <trkpt lat="44.165697" lon="19.997629">
        <ele>494.5</ele>
        <time>2026-05-10T02:20:24.731000Z</time>
      </trkpt>
      <trkpt lat="44.165892" lon="19.997483">
        <ele>496.5</ele>
        <time>2026-05-10T02:20:35.825000Z</time>
      </trkpt>
      <trkpt lat="44.165996" lon="19.997291">
        <ele>498</ele>
        <time>2026-05-10T02:20:44.417000Z</time>
      </trkpt>
      <trkpt lat="44.166255" lon="19.996627">
        <ele>502.2</ele>
        <time>2026-05-10T02:21:09.195000Z</time>
      </trkpt>
      <trkpt lat="44.166397" lon="19.99642">
        <ele>503.3</ele>
        <time>2026-05-10T02:21:16.728000Z</time>
      </trkpt>
      <trkpt lat="44.166536" lon="19.996304">
        <ele>504</ele>
        <time>2026-05-10T02:21:21.840000Z</time>
      </trkpt>
      <trkpt lat="44.166768" lon="19.996216">
        <ele>504.6</ele>
        <time>2026-05-10T02:21:27.973000Z</time>
      </trkpt>
      <trkpt lat="44.166956" lon="19.996242">
        <ele>504.8</ele>
        <time>2026-05-10T02:21:31.697000Z</time>
      </trkpt>
      <trkpt lat="44.16712" lon="19.996318">
        <ele>504.8</ele>
        <time>2026-05-10T02:21:34.274000Z</time>
      </trkpt>
      <trkpt lat="44.167322" lon="19.996533">
        <ele>504.5</ele>
        <time>2026-05-10T02:21:37.216000Z</time>
      </trkpt>
      <trkpt lat="44.168057" lon="19.997637">
        <ele>503.5</ele>
        <time>2026-05-10T02:21:50.598000Z</time>
      </trkpt>
      <trkpt lat="44.168215" lon="19.997821">
        <ele>503.9</ele>
        <time>2026-05-10T02:21:55.506000Z</time>
      </trkpt>
      <trkpt lat="44.168438" lon="19.997968">
        <ele>504.7</ele>
        <time>2026-05-10T02:22:02.322000Z</time>
      </trkpt>
      <trkpt lat="44.168773" lon="19.998018">
        <ele>505.9</ele>
        <time>2026-05-10T02:22:12.129000Z</time>
      </trkpt>
      <trkpt lat="44.168887" lon="19.99801">
        <ele>506.3</ele>
        <time>2026-05-10T02:22:15.343000Z</time>
      </trkpt>
      <trkpt lat="44.169477" lon="19.997829">
        <ele>507.4</ele>
        <time>2026-05-10T02:22:28.695000Z</time>
      </trkpt>
      <trkpt lat="44.1697" lon="19.997844">
        <ele>507.1</ele>
        <time>2026-05-10T02:22:31.269000Z</time>
      </trkpt>
      <trkpt lat="44.169839" lon="19.9979">
        <ele>506.7</ele>
        <time>2026-05-10T02:22:32.784000Z</time>
      </trkpt>
      <trkpt lat="44.169986" lon="19.998012">
        <ele>506.1</ele>
        <time>2026-05-10T02:22:34.442000Z</time>
      </trkpt>
      <trkpt lat="44.170113" lon="19.99818">
        <ele>505.4</ele>
        <time>2026-05-10T02:22:36.149000Z</time>
      </trkpt>
      <trkpt lat="44.170385" lon="19.998918">
        <ele>502.4</ele>
        <time>2026-05-10T02:22:41.769000Z</time>
      </trkpt>
      <trkpt lat="44.170454" lon="19.999051">
        <ele>501.8</ele>
        <time>2026-05-10T02:22:42.864000Z</time>
      </trkpt>
      <trkpt lat="44.17054" lon="19.999151">
        <ele>501.2</ele>
        <time>2026-05-10T02:22:43.909000Z</time>
      </trkpt>
      <trkpt lat="44.170679" lon="19.99924">
        <ele>500.4</ele>
        <time>2026-05-10T02:22:45.333000Z</time>
      </trkpt>
      <trkpt lat="44.171143" lon="19.99928">
        <ele>498.5</ele>
        <time>2026-05-10T02:22:49.881000Z</time>
      </trkpt>
      <trkpt lat="44.171535" lon="19.999364">
        <ele>498.2</ele>
        <time>2026-05-10T02:22:54.912000Z</time>
      </trkpt>
      <trkpt lat="44.171969" lon="19.99947">
        <ele>498.6</ele>
        <time>2026-05-10T02:23:03.063000Z</time>
      </trkpt>
      <trkpt lat="44.172205" lon="19.99955">
        <ele>499.1</ele>
        <time>2026-05-10T02:23:08.680000Z</time>
      </trkpt>
      <trkpt lat="44.172412" lon="19.999698">
        <ele>499.8</ele>
        <time>2026-05-10T02:23:14.703000Z</time>
      </trkpt>
      <trkpt lat="44.172616" lon="19.99993">
        <ele>500.8</ele>
        <time>2026-05-10T02:23:22.728000Z</time>
      </trkpt>
      <trkpt lat="44.174032" lon="20.002333">
        <ele>515.1</ele>
        <time>2026-05-10T02:24:53.139000Z</time>
      </trkpt>
      <trkpt lat="44.174152" lon="20.002599">
        <ele>515.5</ele>
        <time>2026-05-10T02:24:57.920000Z</time>
      </trkpt>
      <trkpt lat="44.174262" lon="20.002922">
        <ele>515.4</ele>
        <time>2026-05-10T02:25:01.575000Z</time>
      </trkpt>
      <trkpt lat="44.174426" lon="20.003601">
        <ele>513.9</ele>
        <time>2026-05-10T02:25:06.884000Z</time>
      </trkpt>
      <trkpt lat="44.174663" lon="20.004596">
        <ele>509.6</ele>
        <time>2026-05-10T02:25:13.830000Z</time>
      </trkpt>
      <trkpt lat="44.174714" lon="20.004912">
        <ele>508.2</ele>
        <time>2026-05-10T02:25:15.955000Z</time>
      </trkpt>
      <trkpt lat="44.174748" lon="20.005336">
        <ele>506.4</ele>
        <time>2026-05-10T02:25:18.767000Z</time>
      </trkpt>
      <trkpt lat="44.174705" lon="20.006112">
        <ele>503.3</ele>
        <time>2026-05-10T02:25:23.945000Z</time>
      </trkpt>
      <trkpt lat="44.174617" lon="20.006587">
        <ele>501.4</ele>
        <time>2026-05-10T02:25:27.233000Z</time>
      </trkpt>
      <trkpt lat="44.17426" lon="20.007572">
        <ele>496.9</ele>
        <time>2026-05-10T02:25:34.540000Z</time>
      </trkpt>
      <trkpt lat="44.174185" lon="20.007947">
        <ele>495</ele>
        <time>2026-05-10T02:25:37.068000Z</time>
      </trkpt>
      <trkpt lat="44.174187" lon="20.008149">
        <ele>494</ele>
        <time>2026-05-10T02:25:38.374000Z</time>
      </trkpt>
      <trkpt lat="44.174221" lon="20.008332">
        <ele>493.1</ele>
        <time>2026-05-10T02:25:39.593000Z</time>
      </trkpt>
      <trkpt lat="44.174642" lon="20.009892">
        <ele>486.7</ele>
        <time>2026-05-10T02:25:50.733000Z</time>
      </trkpt>
      <trkpt lat="44.174755" lon="20.010247">
        <ele>486</ele>
        <time>2026-05-10T02:25:53.682000Z</time>
      </trkpt>
      <trkpt lat="44.175045" lon="20.010963">
        <ele>485.3</ele>
        <time>2026-05-10T02:26:00.841000Z</time>
      </trkpt>
      <trkpt lat="44.175346" lon="20.011642">
        <ele>485.4</ele>
        <time>2026-05-10T02:26:09.677000Z</time>
      </trkpt>
      <trkpt lat="44.175626" lon="20.012178">
        <ele>485.9</ele>
        <time>2026-05-10T02:26:18.489000Z</time>
      </trkpt>
      <trkpt lat="44.175784" lon="20.012459">
        <ele>486.2</ele>
        <time>2026-05-10T02:26:23.726000Z</time>
      </trkpt>
      <trkpt lat="44.175859" lon="20.012682">
        <ele>486.5</ele>
        <time>2026-05-10T02:26:27.302000Z</time>
      </trkpt>
      <trkpt lat="44.175877" lon="20.01309">
        <ele>486.9</ele>
        <time>2026-05-10T02:26:33.159000Z</time>
      </trkpt>
      <trkpt lat="44.175815" lon="20.013344">
        <ele>487.1</ele>
        <time>2026-05-10T02:26:36.853000Z</time>
      </trkpt>
      <trkpt lat="44.175654" lon="20.013616">
        <ele>487.2</ele>
        <time>2026-05-10T02:26:41.328000Z</time>
      </trkpt>
      <trkpt lat="44.175363" lon="20.013985">
        <ele>487.1</ele>
        <time>2026-05-10T02:26:46.739000Z</time>
      </trkpt>
      <trkpt lat="44.175301" lon="20.014099">
        <ele>487</ele>
        <time>2026-05-10T02:26:47.973000Z</time>
      </trkpt>
      <trkpt lat="44.175215" lon="20.01435">
        <ele>486.6</ele>
        <time>2026-05-10T02:26:50.193000Z</time>
      </trkpt>
      <trkpt lat="44.175115" lon="20.014807">
        <ele>485.5</ele>
        <time>2026-05-10T02:26:53.654000Z</time>
      </trkpt>
      <trkpt lat="44.174917" lon="20.015974">
        <ele>481.8</ele>
        <time>2026-05-10T02:27:01.935000Z</time>
      </trkpt>
      <trkpt lat="44.17481" lon="20.016299">
        <ele>480.7</ele>
        <time>2026-05-10T02:27:04.427000Z</time>
      </trkpt>
      <trkpt lat="44.17425" lon="20.017352">
        <ele>479.8</ele>
        <time>2026-05-10T02:27:15.966000Z</time>
      </trkpt>
      <trkpt lat="44.174158" lon="20.017664">
        <ele>480.5</ele>
        <time>2026-05-10T02:27:22.248000Z</time>
      </trkpt>
      <trkpt lat="44.174114" lon="20.017951">
        <ele>481.2</ele>
        <time>2026-05-10T02:27:28.269000Z</time>
      </trkpt>
      <trkpt lat="44.174102" lon="20.018192">
        <ele>481.7</ele>
        <time>2026-05-10T02:27:32.978000Z</time>
      </trkpt>
      <trkpt lat="44.17412" lon="20.018447">
        <ele>482.2</ele>
        <time>2026-05-10T02:27:37.721000Z</time>
      </trkpt>
      <trkpt lat="44.174176" lon="20.018798">
        <ele>482.9</ele>
        <time>2026-05-10T02:27:44.162000Z</time>
      </trkpt>
      <trkpt lat="44.174236" lon="20.019011">
        <ele>483.2</ele>
        <time>2026-05-10T02:27:48.096000Z</time>
      </trkpt>
      <trkpt lat="44.174335" lon="20.01921">
        <ele>483.6</ele>
        <time>2026-05-10T02:27:52.188000Z</time>
      </trkpt>
      <trkpt lat="44.17443" lon="20.019322">
        <ele>483.9</ele>
        <time>2026-05-10T02:27:55.213000Z</time>
      </trkpt>
      <trkpt lat="44.174672" lon="20.019498">
        <ele>484.6</ele>
        <time>2026-05-10T02:28:01.810000Z</time>
      </trkpt>
      <trkpt lat="44.175318" lon="20.019795">
        <ele>485.6</ele>
        <time>2026-05-10T02:28:15.894000Z</time>
      </trkpt>
      <trkpt lat="44.175632" lon="20.020002">
        <ele>485.7</ele>
        <time>2026-05-10T02:28:21.445000Z</time>
      </trkpt>
      <trkpt lat="44.175734" lon="20.020122">
        <ele>485.7</ele>
        <time>2026-05-10T02:28:23.647000Z</time>
      </trkpt>
      <trkpt lat="44.175837" lon="20.020308">
        <ele>485.8</ele>
        <time>2026-05-10T02:28:26.499000Z</time>
      </trkpt>
      <trkpt lat="44.175924" lon="20.020653">
        <ele>485.9</ele>
        <time>2026-05-10T02:28:30.899000Z</time>
      </trkpt>
      <trkpt lat="44.175925" lon="20.020975">
        <ele>486</ele>
        <time>2026-05-10T02:28:34.613000Z</time>
      </trkpt>
      <trkpt lat="44.175868" lon="20.021218">
        <ele>486</ele>
        <time>2026-05-10T02:28:37.182000Z</time>
      </trkpt>
      <trkpt lat="44.175523" lon="20.021953">
        <ele>484.3</ele>
        <time>2026-05-10T02:28:43.779000Z</time>
      </trkpt>
      <trkpt lat="44.175389" lon="20.022453">
        <ele>482.1</ele>
        <time>2026-05-10T02:28:47.315000Z</time>
      </trkpt>
      <trkpt lat="44.175356" lon="20.022798">
        <ele>480.3</ele>
        <time>2026-05-10T02:28:49.544000Z</time>
      </trkpt>
      <trkpt lat="44.175339" lon="20.024117">
        <ele>472.7</ele>
        <time>2026-05-10T02:28:57.899000Z</time>
      </trkpt>
      <trkpt lat="44.175376" lon="20.024421">
        <ele>471.1</ele>
        <time>2026-05-10T02:28:59.884000Z</time>
      </trkpt>
      <trkpt lat="44.175504" lon="20.02502">
        <ele>468.6</ele>
        <time>2026-05-10T02:29:04.034000Z</time>
      </trkpt>
      <trkpt lat="44.175614" lon="20.025374">
        <ele>467.6</ele>
        <time>2026-05-10T02:29:06.751000Z</time>
      </trkpt>
      <trkpt lat="44.176039" lon="20.026369">
        <ele>466.2</ele>
        <time>2026-05-10T02:29:16.193000Z</time>
      </trkpt>
      <trkpt lat="44.176098" lon="20.026646">
        <ele>466.1</ele>
        <time>2026-05-10T02:29:18.843000Z</time>
      </trkpt>
      <trkpt lat="44.176093" lon="20.026828">
        <ele>466</ele>
        <time>2026-05-10T02:29:20.550000Z</time>
      </trkpt>
      <trkpt lat="44.176007" lon="20.027815">
        <ele>465.5</ele>
        <time>2026-05-10T02:29:29.733000Z</time>
      </trkpt>
      <trkpt lat="44.176002" lon="20.028157">
        <ele>465.3</ele>
        <time>2026-05-10T02:29:32.790000Z</time>
      </trkpt>
      <trkpt lat="44.176057" lon="20.028695">
        <ele>464.8</ele>
        <time>2026-05-10T02:29:37.455000Z</time>
      </trkpt>
      <trkpt lat="44.17625" lon="20.029773">
        <ele>462.7</ele>
        <time>2026-05-10T02:29:45.761000Z</time>
      </trkpt>
      <trkpt lat="44.176282" lon="20.030213">
        <ele>461.3</ele>
        <time>2026-05-10T02:29:48.828000Z</time>
      </trkpt>
      <trkpt lat="44.176259" lon="20.030722">
        <ele>459.6</ele>
        <time>2026-05-10T02:29:52.297000Z</time>
      </trkpt>
      <trkpt lat="44.176187" lon="20.031407">
        <ele>456.9</ele>
        <time>2026-05-10T02:29:56.925000Z</time>
      </trkpt>
      <trkpt lat="44.176147" lon="20.031718">
        <ele>455.7</ele>
        <time>2026-05-10T02:29:59.034000Z</time>
      </trkpt>
      <trkpt lat="44.175965" lon="20.033014">
        <ele>451.8</ele>
        <time>2026-05-10T02:30:08.264000Z</time>
      </trkpt>
      <trkpt lat="44.17582" lon="20.033936">
        <ele>451.1</ele>
        <time>2026-05-10T02:30:16.471000Z</time>
      </trkpt>
      <trkpt lat="44.175855" lon="20.033999">
        <ele>451.1</ele>
        <time>2026-05-10T02:30:17.460000Z</time>
      </trkpt>
      <trkpt lat="44.175895" lon="20.03438">
        <ele>451.3</ele>
        <time>2026-05-10T02:30:22.376000Z</time>
      </trkpt>
      <trkpt lat="44.175948" lon="20.034975">
        <ele>451.4</ele>
        <time>2026-05-10T02:30:28.999000Z</time>
      </trkpt>
      <trkpt lat="44.17599" lon="20.0351">
        <ele>451.4</ele>
        <time>2026-05-10T02:30:30.322000Z</time>
      </trkpt>
      <trkpt lat="44.176062" lon="20.03521">
        <ele>451.3</ele>
        <time>2026-05-10T02:30:31.751000Z</time>
      </trkpt>
      <trkpt lat="44.176307" lon="20.03544">
        <ele>450.9</ele>
        <time>2026-05-10T02:30:35.256000Z</time>
      </trkpt>
      <trkpt lat="44.176933" lon="20.035843">
        <ele>448.5</ele>
        <time>2026-05-10T02:30:42.154000Z</time>
      </trkpt>
      <trkpt lat="44.177567" lon="20.036246">
        <ele>444.1</ele>
        <time>2026-05-10T02:30:48.481000Z</time>
      </trkpt>
      <trkpt lat="44.178328" lon="20.036811">
        <ele>438.2</ele>
        <time>2026-05-10T02:30:56.262000Z</time>
      </trkpt>
      <trkpt lat="44.17856" lon="20.036945">
        <ele>436.6</ele>
        <time>2026-05-10T02:30:58.532000Z</time>
      </trkpt>
      <trkpt lat="44.178849" lon="20.036955">
        <ele>434.6</ele>
        <time>2026-05-10T02:31:01.144000Z</time>
      </trkpt>
      <trkpt lat="44.179125" lon="20.036791">
        <ele>432.4</ele>
        <time>2026-05-10T02:31:03.822000Z</time>
      </trkpt>
      <trkpt lat="44.179701" lon="20.036253">
        <ele>426.9</ele>
        <time>2026-05-10T02:31:09.945000Z</time>
      </trkpt>
      <trkpt lat="44.180282" lon="20.035779">
        <ele>420.3</ele>
        <time>2026-05-10T02:31:15.754000Z</time>
      </trkpt>
      <trkpt lat="44.180386" lon="20.03561">
        <ele>418.6</ele>
        <time>2026-05-10T02:31:17.114000Z</time>
      </trkpt>
      <trkpt lat="44.180436" lon="20.03539">
        <ele>416.7</ele>
        <time>2026-05-10T02:31:18.529000Z</time>
      </trkpt>
      <trkpt lat="44.180447" lon="20.034769">
        <ele>412.2</ele>
        <time>2026-05-10T02:31:22.348000Z</time>
      </trkpt>
      <trkpt lat="44.180489" lon="20.034182">
        <ele>408.1</ele>
        <time>2026-05-10T02:31:26.009000Z</time>
      </trkpt>
      <trkpt lat="44.180541" lon="20.034016">
        <ele>406.9</ele>
        <time>2026-05-10T02:31:27.134000Z</time>
      </trkpt>
      <trkpt lat="44.180602" lon="20.03391">
        <ele>406</ele>
        <time>2026-05-10T02:31:27.981000Z</time>
      </trkpt>
      <trkpt lat="44.180951" lon="20.033663">
        <ele>402.6</ele>
        <time>2026-05-10T02:31:31.407000Z</time>
      </trkpt>
      <trkpt lat="44.181747" lon="20.033237">
        <ele>396.1</ele>
        <time>2026-05-10T02:31:38.988000Z</time>
      </trkpt>
      <trkpt lat="44.182061" lon="20.033096">
        <ele>393.5</ele>
        <time>2026-05-10T02:31:41.899000Z</time>
      </trkpt>
      <trkpt lat="44.182288" lon="20.033045">
        <ele>391.6</ele>
        <time>2026-05-10T02:31:43.922000Z</time>
      </trkpt>
      <trkpt lat="44.182555" lon="20.033065">
        <ele>389.3</ele>
        <time>2026-05-10T02:31:46.267000Z</time>
      </trkpt>
      <trkpt lat="44.182907" lon="20.033164">
        <ele>386.3</ele>
        <time>2026-05-10T02:31:49.409000Z</time>
      </trkpt>
      <trkpt lat="44.183791" lon="20.033313">
        <ele>379.4</ele>
        <time>2026-05-10T02:31:57.305000Z</time>
      </trkpt>
      <trkpt lat="44.184122" lon="20.033397">
        <ele>377</ele>
        <time>2026-05-10T02:32:00.328000Z</time>
      </trkpt>
      <trkpt lat="44.184679" lon="20.033666">
        <ele>373.3</ele>
        <time>2026-05-10T02:32:05.698000Z</time>
      </trkpt>
      <trkpt lat="44.185281" lon="20.033966">
        <ele>369.6</ele>
        <time>2026-05-10T02:32:11.580000Z</time>
      </trkpt>
      <trkpt lat="44.186308" lon="20.034493">
        <ele>363.5</ele>
        <time>2026-05-10T02:32:21.746000Z</time>
      </trkpt>
      <trkpt lat="44.186624" lon="20.034599">
        <ele>362.3</ele>
        <time>2026-05-10T02:32:24.960000Z</time>
      </trkpt>
      <trkpt lat="44.187069" lon="20.034554">
        <ele>361.3</ele>
        <time>2026-05-10T02:32:29.784000Z</time>
      </trkpt>
      <trkpt lat="44.187243" lon="20.034568">
        <ele>361.2</ele>
        <time>2026-05-10T02:32:31.937000Z</time>
      </trkpt>
      <trkpt lat="44.187523" lon="20.034716">
        <ele>361.3</ele>
        <time>2026-05-10T02:32:37.072000Z</time>
      </trkpt>
      <trkpt lat="44.187701" lon="20.034765">
        <ele>361.6</ele>
        <time>2026-05-10T02:32:41.001000Z</time>
      </trkpt>
      <trkpt lat="44.187901" lon="20.03474">
        <ele>362.1</ele>
        <time>2026-05-10T02:32:45.881000Z</time>
      </trkpt>
      <trkpt lat="44.188219" lon="20.034592">
        <ele>363.2</ele>
        <time>2026-05-10T02:32:55.108000Z</time>
      </trkpt>
      <trkpt lat="44.188284" lon="20.034531">
        <ele>363.5</ele>
        <time>2026-05-10T02:32:57.425000Z</time>
      </trkpt>
      <trkpt lat="44.188376" lon="20.034389">
        <ele>364</ele>
        <time>2026-05-10T02:33:01.392000Z</time>
      </trkpt>
      <trkpt lat="44.188437" lon="20.034205">
        <ele>364.4</ele>
        <time>2026-05-10T02:33:05.478000Z</time>
      </trkpt>
      <trkpt lat="44.188451" lon="20.034165">
        <ele>364.5</ele>
        <time>2026-05-10T02:33:06.363000Z</time>
      </trkpt>
      <trkpt lat="44.188508" lon="20.033679">
        <ele>365.6</ele>
        <time>2026-05-10T02:33:15.817000Z</time>
      </trkpt>
      <trkpt lat="44.188562" lon="20.033426">
        <ele>366.1</ele>
        <time>2026-05-10T02:33:20.711000Z</time>
      </trkpt>
      <trkpt lat="44.188652" lon="20.033203">
        <ele>366.6</ele>
        <time>2026-05-10T02:33:25.427000Z</time>
      </trkpt>
      <trkpt lat="44.188874" lon="20.03281">
        <ele>367.5</ele>
        <time>2026-05-10T02:33:34.307000Z</time>
      </trkpt>
      <trkpt lat="44.189244" lon="20.032142">
        <ele>369.3</ele>
        <time>2026-05-10T02:33:50.567000Z</time>
      </trkpt>
      <trkpt lat="44.189372" lon="20.031839">
        <ele>370.2</ele>
        <time>2026-05-10T02:33:57.790000Z</time>
      </trkpt>
      <trkpt lat="44.189639" lon="20.030861">
        <ele>372</ele>
        <time>2026-05-10T02:34:16.055000Z</time>
      </trkpt>
      <trkpt lat="44.189824" lon="20.030526">
        <ele>372.2</ele>
        <time>2026-05-10T02:34:21.595000Z</time>
      </trkpt>
      <trkpt lat="44.190044" lon="20.030271">
        <ele>372.2</ele>
        <time>2026-05-10T02:34:25.728000Z</time>
      </trkpt>
      <trkpt lat="44.190232" lon="20.030114">
        <ele>372</ele>
        <time>2026-05-10T02:34:28.348000Z</time>
      </trkpt>
      <trkpt lat="44.190486" lon="20.029855">
        <ele>371.3</ele>
        <time>2026-05-10T02:34:31.800000Z</time>
      </trkpt>
      <trkpt lat="44.190711" lon="20.029528">
        <ele>370.3</ele>
        <time>2026-05-10T02:34:35.091000Z</time>
      </trkpt>
      <trkpt lat="44.190945" lon="20.029214">
        <ele>369</ele>
        <time>2026-05-10T02:34:38.279000Z</time>
      </trkpt>
      <trkpt lat="44.191249" lon="20.028904">
        <ele>367.4</ele>
        <time>2026-05-10T02:34:41.927000Z</time>
      </trkpt>
      <trkpt lat="44.191359" lon="20.028786">
        <ele>366.9</ele>
        <time>2026-05-10T02:34:43.279000Z</time>
      </trkpt>
      <trkpt lat="44.19145" lon="20.028603">
        <ele>366.3</ele>
        <time>2026-05-10T02:34:44.851000Z</time>
      </trkpt>
      <trkpt lat="44.191623" lon="20.028033">
        <ele>364.8</ele>
        <time>2026-05-10T02:34:49.305000Z</time>
      </trkpt>
      <trkpt lat="44.191757" lon="20.027801">
        <ele>364.1</ele>
        <time>2026-05-10T02:34:51.493000Z</time>
      </trkpt>
      <trkpt lat="44.192012" lon="20.02747">
        <ele>363</ele>
        <time>2026-05-10T02:34:55.047000Z</time>
      </trkpt>
      <trkpt lat="44.19232" lon="20.027212">
        <ele>361.8</ele>
        <time>2026-05-10T02:34:58.644000Z</time>
      </trkpt>
      <trkpt lat="44.192555" lon="20.027084">
        <ele>360.9</ele>
        <time>2026-05-10T02:35:01.169000Z</time>
      </trkpt>
      <trkpt lat="44.192805" lon="20.026992">
        <ele>360.2</ele>
        <time>2026-05-10T02:35:03.851000Z</time>
      </trkpt>
      <trkpt lat="44.192983" lon="20.026994">
        <ele>359.8</ele>
        <time>2026-05-10T02:35:05.733000Z</time>
      </trkpt>
      <trkpt lat="44.193385" lon="20.027131">
        <ele>358.7</ele>
        <time>2026-05-10T02:35:10.098000Z</time>
      </trkpt>
      <trkpt lat="44.194001" lon="20.027051">
        <ele>356.5</ele>
        <time>2026-05-10T02:35:16.262000Z</time>
      </trkpt>
      <trkpt lat="44.194138" lon="20.026923">
        <ele>355.9</ele>
        <time>2026-05-10T02:35:17.874000Z</time>
      </trkpt>
      <trkpt lat="44.194311" lon="20.026519">
        <ele>354.6</ele>
        <time>2026-05-10T02:35:21.216000Z</time>
      </trkpt>
      <trkpt lat="44.194429" lon="20.026353">
        <ele>354.1</ele>
        <time>2026-05-10T02:35:22.935000Z</time>
      </trkpt>
      <trkpt lat="44.194519" lon="20.026273">
        <ele>353.9</ele>
        <time>2026-05-10T02:35:24.062000Z</time>
      </trkpt>
      <trkpt lat="44.194707" lon="20.026186">
        <ele>353.5</ele>
        <time>2026-05-10T02:35:26.262000Z</time>
      </trkpt>
      <trkpt lat="44.195239" lon="20.026221">
        <ele>353.2</ele>
        <time>2026-05-10T02:35:33.213000Z</time>
      </trkpt>
      <trkpt lat="44.195373" lon="20.0262">
        <ele>353.3</ele>
        <time>2026-05-10T02:35:35.557000Z</time>
      </trkpt>
      <trkpt lat="44.19546" lon="20.026148">
        <ele>353.4</ele>
        <time>2026-05-10T02:35:37.373000Z</time>
      </trkpt>
      <trkpt lat="44.195599" lon="20.025951">
        <ele>353.7</ele>
        <time>2026-05-10T02:35:41.667000Z</time>
      </trkpt>
      <trkpt lat="44.19595" lon="20.025244">
        <ele>356</ele>
        <time>2026-05-10T02:36:00.019000Z</time>
      </trkpt>
      <trkpt lat="44.196427" lon="20.024777">
        <ele>359.8</ele>
        <time>2026-05-10T02:36:23.703000Z</time>
      </trkpt>
      <trkpt lat="44.196954" lon="20.023932">
        <ele>364.5</ele>
        <time>2026-05-10T02:36:54.613000Z</time>
      </trkpt>
      <trkpt lat="44.197267" lon="20.023582">
        <ele>366</ele>
        <time>2026-05-10T02:37:06.412000Z</time>
      </trkpt>
      <trkpt lat="44.19757" lon="20.023444">
        <ele>366.5</ele>
        <time>2026-05-10T02:37:13.216000Z</time>
      </trkpt>
      <trkpt lat="44.197758" lon="20.023446">
        <ele>366.4</ele>
        <time>2026-05-10T02:37:15.779000Z</time>
      </trkpt>
      <trkpt lat="44.1984" lon="20.023806">
        <ele>363.9</ele>
        <time>2026-05-10T02:37:22.649000Z</time>
      </trkpt>
      <trkpt lat="44.199077" lon="20.02409">
        <ele>359.2</ele>
        <time>2026-05-10T02:37:29.045000Z</time>
      </trkpt>
      <trkpt lat="44.19952" lon="20.024398">
        <ele>356</ele>
        <time>2026-05-10T02:37:33.524000Z</time>
      </trkpt>
      <trkpt lat="44.199628" lon="20.024431">
        <ele>355.3</ele>
        <time>2026-05-10T02:37:34.542000Z</time>
      </trkpt>
      <trkpt lat="44.199997" lon="20.02444">
        <ele>353.4</ele>
        <time>2026-05-10T02:37:38.011000Z</time>
      </trkpt>
      <trkpt lat="44.200494" lon="20.024591">
        <ele>351.6</ele>
        <time>2026-05-10T02:37:43.062000Z</time>
      </trkpt>
      <trkpt lat="44.200634" lon="20.024599">
        <ele>351.2</ele>
        <time>2026-05-10T02:37:44.517000Z</time>
      </trkpt>
      <trkpt lat="44.200844" lon="20.024504">
        <ele>350.6</ele>
        <time>2026-05-10T02:37:46.846000Z</time>
      </trkpt>
      <trkpt lat="44.200983" lon="20.024302">
        <ele>350.1</ele>
        <time>2026-05-10T02:37:48.966000Z</time>
      </trkpt>
      <trkpt lat="44.201054" lon="20.024115">
        <ele>349.7</ele>
        <time>2026-05-10T02:37:50.568000Z</time>
      </trkpt>
      <trkpt lat="44.201137" lon="20.023629">
        <ele>348.9</ele>
        <time>2026-05-10T02:37:54.391000Z</time>
      </trkpt>
      <trkpt lat="44.201204" lon="20.023449">
        <ele>348.7</ele>
        <time>2026-05-10T02:37:56.062000Z</time>
      </trkpt>
      <trkpt lat="44.201258" lon="20.023378">
        <ele>348.6</ele>
        <time>2026-05-10T02:37:56.938000Z</time>
      </trkpt>
      <trkpt lat="44.201337" lon="20.023312">
        <ele>348.4</ele>
        <time>2026-05-10T02:37:57.986000Z</time>
      </trkpt>
      <trkpt lat="44.201441" lon="20.023277">
        <ele>348.3</ele>
        <time>2026-05-10T02:37:59.218000Z</time>
      </trkpt>
      <trkpt lat="44.201938" lon="20.023283">
        <ele>347.3</ele>
        <time>2026-05-10T02:38:04.695000Z</time>
      </trkpt>
      <trkpt lat="44.202126" lon="20.023273">
        <ele>346.9</ele>
        <time>2026-05-10T02:38:06.772000Z</time>
      </trkpt>
      <trkpt lat="44.202447" lon="20.023139">
        <ele>346.3</ele>
        <time>2026-05-10T02:38:10.519000Z</time>
      </trkpt>
      <trkpt lat="44.202685" lon="20.022923">
        <ele>345.9</ele>
        <time>2026-05-10T02:38:13.823000Z</time>
      </trkpt>
      <trkpt lat="44.203355" lon="20.022298">
        <ele>345.1</ele>
        <time>2026-05-10T02:38:23.654000Z</time>
      </trkpt>
      <trkpt lat="44.204473" lon="20.021458">
        <ele>343.2</ele>
        <time>2026-05-10T02:38:38.261000Z</time>
      </trkpt>
      <trkpt lat="44.20478" lon="20.021238">
        <ele>342.6</ele>
        <time>2026-05-10T02:38:42.144000Z</time>
      </trkpt>
      <trkpt lat="44.205117" lon="20.021047">
        <ele>341.8</ele>
        <time>2026-05-10T02:38:46.062000Z</time>
      </trkpt>
      <trkpt lat="44.205827" lon="20.020803">
        <ele>339.2</ele>
        <time>2026-05-10T02:38:53.348000Z</time>
      </trkpt>
      <trkpt lat="44.206383" lon="20.020563">
        <ele>335.9</ele>
        <time>2026-05-10T02:38:58.726000Z</time>
      </trkpt>
      <trkpt lat="44.207122" lon="20.020122">
        <ele>329.9</ele>
        <time>2026-05-10T02:39:05.897000Z</time>
      </trkpt>
      <trkpt lat="44.207332" lon="20.020004">
        <ele>328.1</ele>
        <time>2026-05-10T02:39:07.887000Z</time>
      </trkpt>
      <trkpt lat="44.207464" lon="20.019942">
        <ele>326.8</ele>
        <time>2026-05-10T02:39:09.101000Z</time>
      </trkpt>
      <trkpt lat="44.207802" lon="20.019848">
        <ele>323.8</ele>
        <time>2026-05-10T02:39:12.111000Z</time>
      </trkpt>
      <trkpt lat="44.208322" lon="20.019854">
        <ele>319.6</ele>
        <time>2026-05-10T02:39:16.697000Z</time>
      </trkpt>
      <trkpt lat="44.208871" lon="20.019888">
        <ele>316</ele>
        <time>2026-05-10T02:39:21.670000Z</time>
      </trkpt>
      <trkpt lat="44.209462" lon="20.020024">
        <ele>312.4</ele>
        <time>2026-05-10T02:39:27.182000Z</time>
      </trkpt>
      <trkpt lat="44.209706" lon="20.020067">
        <ele>310.9</ele>
        <time>2026-05-10T02:39:29.425000Z</time>
      </trkpt>
      <trkpt lat="44.210122" lon="20.020047">
        <ele>308.3</ele>
        <time>2026-05-10T02:39:33.233000Z</time>
      </trkpt>
      <trkpt lat="44.210244" lon="20.020015">
        <ele>307.5</ele>
        <time>2026-05-10T02:39:34.353000Z</time>
      </trkpt>
      <trkpt lat="44.210437" lon="20.019885">
        <ele>306</ele>
        <time>2026-05-10T02:39:36.277000Z</time>
      </trkpt>
      <trkpt lat="44.210611" lon="20.019604">
        <ele>304.2</ele>
        <time>2026-05-10T02:39:38.675000Z</time>
      </trkpt>
      <trkpt lat="44.210776" lon="20.019247">
        <ele>302.1</ele>
        <time>2026-05-10T02:39:41.427000Z</time>
      </trkpt>
      <trkpt lat="44.21085" lon="20.019139">
        <ele>301.5</ele>
        <time>2026-05-10T02:39:42.404000Z</time>
      </trkpt>
      <trkpt lat="44.211008" lon="20.019018">
        <ele>300.4</ele>
        <time>2026-05-10T02:39:44.062000Z</time>
      </trkpt>
      <trkpt lat="44.211141" lon="20.018956">
        <ele>299.6</ele>
        <time>2026-05-10T02:39:45.366000Z</time>
      </trkpt>
      <trkpt lat="44.211331" lon="20.018922">
        <ele>298.8</ele>
        <time>2026-05-10T02:39:47.195000Z</time>
      </trkpt>
      <trkpt lat="44.211637" lon="20.018952">
        <ele>297.9</ele>
        <time>2026-05-10T02:39:50.366000Z</time>
      </trkpt>
      <trkpt lat="44.212878" lon="20.018984">
        <ele>299.3</ele>
        <time>2026-05-10T02:40:14.478000Z</time>
      </trkpt>
      <trkpt lat="44.213133" lon="20.018929">
        <ele>300.1</ele>
        <time>2026-05-10T02:40:21.307000Z</time>
      </trkpt>
      <trkpt lat="44.213412" lon="20.01875">
        <ele>300.9</ele>
        <time>2026-05-10T02:40:29.289000Z</time>
      </trkpt>
      <trkpt lat="44.214248" lon="20.01795">
        <ele>302.8</ele>
        <time>2026-05-10T02:40:51.879000Z</time>
      </trkpt>
      <trkpt lat="44.214816" lon="20.017402">
        <ele>303.4</ele>
        <time>2026-05-10T02:41:04.491000Z</time>
      </trkpt>
      <trkpt lat="44.214945" lon="20.017189">
        <ele>303.6</ele>
        <time>2026-05-10T02:41:08.274000Z</time>
      </trkpt>
      <trkpt lat="44.214993" lon="20.017008">
        <ele>303.7</ele>
        <time>2026-05-10T02:41:10.869000Z</time>
      </trkpt>
      <trkpt lat="44.214997" lon="20.016781">
        <ele>303.8</ele>
        <time>2026-05-10T02:41:13.590000Z</time>
      </trkpt>
      <trkpt lat="44.214948" lon="20.016561">
        <ele>303.8</ele>
        <time>2026-05-10T02:41:15.899000Z</time>
      </trkpt>
      <trkpt lat="44.214636" lon="20.015871">
        <ele>302.9</ele>
        <time>2026-05-10T02:41:22.672000Z</time>
      </trkpt>
      <trkpt lat="44.214619" lon="20.015675">
        <ele>302.6</ele>
        <time>2026-05-10T02:41:24.188000Z</time>
      </trkpt>
      <trkpt lat="44.214635" lon="20.015542">
        <ele>302.4</ele>
        <time>2026-05-10T02:41:25.223000Z</time>
      </trkpt>
      <trkpt lat="44.214715" lon="20.015358">
        <ele>301.9</ele>
        <time>2026-05-10T02:41:26.818000Z</time>
      </trkpt>
      <trkpt lat="44.214867" lon="20.015171">
        <ele>301.3</ele>
        <time>2026-05-10T02:41:28.864000Z</time>
      </trkpt>
      <trkpt lat="44.215037" lon="20.015077">
        <ele>300.6</ele>
        <time>2026-05-10T02:41:30.652000Z</time>
      </trkpt>
      <trkpt lat="44.215186" lon="20.015058">
        <ele>299.9</ele>
        <time>2026-05-10T02:41:32.083000Z</time>
      </trkpt>
      <trkpt lat="44.215301" lon="20.01508">
        <ele>299.3</ele>
        <time>2026-05-10T02:41:33.169000Z</time>
      </trkpt>
      <trkpt lat="44.215427" lon="20.015149">
        <ele>298.4</ele>
        <time>2026-05-10T02:41:34.404000Z</time>
      </trkpt>
      <trkpt lat="44.21575" lon="20.015454">
        <ele>295.7</ele>
        <time>2026-05-10T02:41:37.899000Z</time>
      </trkpt>
      <trkpt lat="44.215903" lon="20.015565">
        <ele>294.6</ele>
        <time>2026-05-10T02:41:39.478000Z</time>
      </trkpt>
      <trkpt lat="44.216056" lon="20.015613">
        <ele>293.7</ele>
        <time>2026-05-10T02:41:40.925000Z</time>
      </trkpt>
      <trkpt lat="44.216228" lon="20.015622">
        <ele>292.8</ele>
        <time>2026-05-10T02:41:42.547000Z</time>
      </trkpt>
      <trkpt lat="44.216464" lon="20.015498">
        <ele>291.7</ele>
        <time>2026-05-10T02:41:44.955000Z</time>
      </trkpt>
      <trkpt lat="44.216579" lon="20.01537">
        <ele>291.1</ele>
        <time>2026-05-10T02:41:46.409000Z</time>
      </trkpt>
      <trkpt lat="44.216649" lon="20.01525">
        <ele>290.8</ele>
        <time>2026-05-10T02:41:47.527000Z</time>
      </trkpt>
      <trkpt lat="44.216848" lon="20.014675">
        <ele>289.6</ele>
        <time>2026-05-10T02:41:52.325000Z</time>
      </trkpt>
      <trkpt lat="44.217155" lon="20.01391">
        <ele>289.1</ele>
        <time>2026-05-10T02:42:00.366000Z</time>
      </trkpt>
      <trkpt lat="44.217237" lon="20.013458">
        <ele>289.4</ele>
        <time>2026-05-10T02:42:06.672000Z</time>
      </trkpt>
      <trkpt lat="44.217324" lon="20.012312">
        <ele>291.1</ele>
        <time>2026-05-10T02:42:25.542000Z</time>
      </trkpt>
      <trkpt lat="44.217432" lon="20.011967">
        <ele>291.9</ele>
        <time>2026-05-10T02:42:32.703000Z</time>
      </trkpt>
      <trkpt lat="44.217513" lon="20.011828">
        <ele>292.3</ele>
        <time>2026-05-10T02:42:36.340000Z</time>
      </trkpt>
      <trkpt lat="44.217675" lon="20.011662">
        <ele>293.1</ele>
        <time>2026-05-10T02:42:42.254000Z</time>
      </trkpt>
      <trkpt lat="44.217838" lon="20.011558">
        <ele>293.8</ele>
        <time>2026-05-10T02:42:47.841000Z</time>
      </trkpt>
      <trkpt lat="44.218501" lon="20.011257">
        <ele>296.9</ele>
        <time>2026-05-10T02:43:10.442000Z</time>
      </trkpt>
      <trkpt lat="44.218648" lon="20.011156">
        <ele>297.5</ele>
        <time>2026-05-10T02:43:15.519000Z</time>
      </trkpt>
      <trkpt lat="44.218753" lon="20.011025">
        <ele>298</ele>
        <time>2026-05-10T02:43:19.680000Z</time>
      </trkpt>
      <trkpt lat="44.218992" lon="20.01052">
        <ele>299.2</ele>
        <time>2026-05-10T02:43:30.800000Z</time>
      </trkpt>
      <trkpt lat="44.219128" lon="20.010151">
        <ele>299.6</ele>
        <time>2026-05-10T02:43:36.986000Z</time>
      </trkpt>
      <trkpt lat="44.21922" lon="20.009673">
        <ele>299.9</ele>
        <time>2026-05-10T02:43:43.317000Z</time>
      </trkpt>
      <trkpt lat="44.21929" lon="20.009093">
        <ele>299.9</ele>
        <time>2026-05-10T02:43:49.333000Z</time>
      </trkpt>
      <trkpt lat="44.21934" lon="20.008933">
        <ele>299.7</ele>
        <time>2026-05-10T02:43:50.807000Z</time>
      </trkpt>
      <trkpt lat="44.219493" lon="20.008752">
        <ele>299.4</ele>
        <time>2026-05-10T02:43:53.075000Z</time>
      </trkpt>
      <trkpt lat="44.219805" lon="20.008537">
        <ele>298.7</ele>
        <time>2026-05-10T02:43:56.925000Z</time>
      </trkpt>
      <trkpt lat="44.219928" lon="20.008402">
        <ele>298.4</ele>
        <time>2026-05-10T02:43:58.700000Z</time>
      </trkpt>
      <trkpt lat="44.219983" lon="20.008295">
        <ele>298.3</ele>
        <time>2026-05-10T02:43:59.830000Z</time>
      </trkpt>
      <trkpt lat="44.22003" lon="20.008017">
        <ele>298.4</ele>
        <time>2026-05-10T02:44:03.172000Z</time>
      </trkpt>
      <trkpt lat="44.220012" lon="20.007787">
        <ele>298.6</ele>
        <time>2026-05-10T02:44:06.453000Z</time>
      </trkpt>
      <trkpt lat="44.219838" lon="20.007074">
        <ele>299.9</ele>
        <time>2026-05-10T02:44:19.682000Z</time>
      </trkpt>
      <trkpt lat="44.219822" lon="20.006856">
        <ele>300.4</ele>
        <time>2026-05-10T02:44:23.981000Z</time>
      </trkpt>
      <trkpt lat="44.219849" lon="20.006577">
        <ele>301.2</ele>
        <time>2026-05-10T02:44:30.047000Z</time>
      </trkpt>
      <trkpt lat="44.21993" lon="20.006391">
        <ele>301.9</ele>
        <time>2026-05-10T02:44:35.297000Z</time>
      </trkpt>
      <trkpt lat="44.220119" lon="20.006235">
        <ele>303.2</ele>
        <time>2026-05-10T02:44:43.552000Z</time>
      </trkpt>
      <trkpt lat="44.220567" lon="20.005868">
        <ele>306.9</ele>
        <time>2026-05-10T02:45:06.313000Z</time>
      </trkpt>
      <trkpt lat="44.220602" lon="20.005815">
        <ele>307.3</ele>
        <time>2026-05-10T02:45:08.774000Z</time>
      </trkpt>
      <trkpt lat="44.220649" lon="20.005582">
        <ele>308.6</ele>
        <time>2026-05-10T02:45:16.463000Z</time>
      </trkpt>
      <trkpt lat="44.220648" lon="20.004609">
        <ele>313</ele>
        <time>2026-05-10T02:45:44.578000Z</time>
      </trkpt>
      <trkpt lat="44.220602" lon="20.004205">
        <ele>314.9</ele>
        <time>2026-05-10T02:45:56.279000Z</time>
      </trkpt>
      <trkpt lat="44.220535" lon="20.003874">
        <ele>316.4</ele>
        <time>2026-05-10T02:46:05.915000Z</time>
      </trkpt>
      <trkpt lat="44.220517" lon="20.003625">
        <ele>317.4</ele>
        <time>2026-05-10T02:46:12.624000Z</time>
      </trkpt>
      <trkpt lat="44.220579" lon="20.003361">
        <ele>318.4</ele>
        <time>2026-05-10T02:46:19.700000Z</time>
      </trkpt>
      <trkpt lat="44.220696" lon="20.003114">
        <ele>319.4</ele>
        <time>2026-05-10T02:46:26.856000Z</time>
      </trkpt>
      <trkpt lat="44.22103" lon="20.002474">
        <ele>321.6</ele>
        <time>2026-05-10T02:46:44.267000Z</time>
      </trkpt>
      <trkpt lat="44.221167" lon="20.002061">
        <ele>322.9</ele>
        <time>2026-05-10T02:46:54.075000Z</time>
      </trkpt>
      <trkpt lat="44.221209" lon="20.001887">
        <ele>323.4</ele>
        <time>2026-05-10T02:46:57.958000Z</time>
      </trkpt>
      <trkpt lat="44.221412" lon="20.001087">
        <ele>325.3</ele>
        <time>2026-05-10T02:47:14.746000Z</time>
      </trkpt>
      <trkpt lat="44.221537" lon="20.000708">
        <ele>326.2</ele>
        <time>2026-05-10T02:47:22.733000Z</time>
      </trkpt>
      <trkpt lat="44.221756" lon="20.000171">
        <ele>327.5</ele>
        <time>2026-05-10T02:47:34.473000Z</time>
      </trkpt>
      <trkpt lat="44.222063" lon="19.999457">
        <ele>329.2</ele>
        <time>2026-05-10T02:47:50.170000Z</time>
      </trkpt>
      <trkpt lat="44.222306" lon="19.998725">
        <ele>330.6</ele>
        <time>2026-05-10T02:48:04.517000Z</time>
      </trkpt>
      <trkpt lat="44.222513" lon="19.997979">
        <ele>331.7</ele>
        <time>2026-05-10T02:48:17.185000Z</time>
      </trkpt>
      <trkpt lat="44.222858" lon="19.996707">
        <ele>333.2</ele>
        <time>2026-05-10T02:48:37.611000Z</time>
      </trkpt>
      <trkpt lat="44.222989" lon="19.996275">
        <ele>333.8</ele>
        <time>2026-05-10T02:48:44.938000Z</time>
      </trkpt>
      <trkpt lat="44.223088" lon="19.996039">
        <ele>334.2</ele>
        <time>2026-05-10T02:48:49.659000Z</time>
      </trkpt>
      <trkpt lat="44.22324" lon="19.995805">
        <ele>334.8</ele>
        <time>2026-05-10T02:48:55.483000Z</time>
      </trkpt>
      <trkpt lat="44.223595" lon="19.995501">
        <ele>336.2</ele>
        <time>2026-05-10T02:49:07.213000Z</time>
      </trkpt>
      <trkpt lat="44.223987" lon="19.995165">
        <ele>337.9</ele>
        <time>2026-05-10T02:49:20.751000Z</time>
      </trkpt>
      <trkpt lat="44.224198" lon="19.994945">
        <ele>338.8</ele>
        <time>2026-05-10T02:49:28.420000Z</time>
      </trkpt>
      <trkpt lat="44.224466" lon="19.994595">
        <ele>339.9</ele>
        <time>2026-05-10T02:49:38.141000Z</time>
      </trkpt>
      <trkpt lat="44.224651" lon="19.994279">
        <ele>340.4</ele>
        <time>2026-05-10T02:49:44.598000Z</time>
      </trkpt>
      <trkpt lat="44.224838" lon="19.993876">
        <ele>340.7</ele>
        <time>2026-05-10T02:49:50.690000Z</time>
      </trkpt>
      <trkpt lat="44.225023" lon="19.993393">
        <ele>340.6</ele>
        <time>2026-05-10T02:49:56.060000Z</time>
      </trkpt>
      <trkpt lat="44.225121" lon="19.993064">
        <ele>340.3</ele>
        <time>2026-05-10T02:49:59.119000Z</time>
      </trkpt>
      <trkpt lat="44.225164" lon="19.992794">
        <ele>340</ele>
        <time>2026-05-10T02:50:01.438000Z</time>
      </trkpt>
      <trkpt lat="44.225188" lon="19.992425">
        <ele>339.6</ele>
        <time>2026-05-10T02:50:04.509000Z</time>
      </trkpt>
      <trkpt lat="44.225186" lon="19.991544">
        <ele>338.4</ele>
        <time>2026-05-10T02:50:11.506000Z</time>
      </trkpt>
      <trkpt lat="44.225217" lon="19.991096">
        <ele>337.7</ele>
        <time>2026-05-10T02:50:14.965000Z</time>
      </trkpt>
      <trkpt lat="44.225296" lon="19.990769">
        <ele>337</ele>
        <time>2026-05-10T02:50:17.545000Z</time>
      </trkpt>
      <trkpt lat="44.225668" lon="19.990057">
        <ele>334.8</ele>
        <time>2026-05-10T02:50:23.858000Z</time>
      </trkpt>
      <trkpt lat="44.225815" lon="19.98967">
        <ele>333.3</ele>
        <time>2026-05-10T02:50:26.851000Z</time>
      </trkpt>
      <trkpt lat="44.225909" lon="19.98917">
        <ele>331.1</ele>
        <time>2026-05-10T02:50:30.249000Z</time>
      </trkpt>
      <trkpt lat="44.226002" lon="19.988465">
        <ele>327.5</ele>
        <time>2026-05-10T02:50:34.851000Z</time>
      </trkpt>
      <trkpt lat="44.226094" lon="19.988193">
        <ele>325.7</ele>
        <time>2026-05-10T02:50:36.749000Z</time>
      </trkpt>
      <trkpt lat="44.226227" lon="19.988019">
        <ele>324.1</ele>
        <time>2026-05-10T02:50:38.348000Z</time>
      </trkpt>
      <trkpt lat="44.226307" lon="19.987959">
        <ele>323.3</ele>
        <time>2026-05-10T02:50:39.139000Z</time>
      </trkpt>
      <trkpt lat="44.226438" lon="19.987924">
        <ele>322.1</ele>
        <time>2026-05-10T02:50:40.295000Z</time>
      </trkpt>
      <trkpt lat="44.227245" lon="19.987951">
        <ele>313.8</ele>
        <time>2026-05-10T02:50:47.223000Z</time>
      </trkpt>
      <trkpt lat="44.227477" lon="19.987845">
        <ele>311.2</ele>
        <time>2026-05-10T02:50:49.307000Z</time>
      </trkpt>
      <trkpt lat="44.227561" lon="19.987741">
        <ele>310</ele>
        <time>2026-05-10T02:50:50.274000Z</time>
      </trkpt>
      <trkpt lat="44.227646" lon="19.987538">
        <ele>308.3</ele>
        <time>2026-05-10T02:50:51.718000Z</time>
      </trkpt>
      <trkpt lat="44.227767" lon="19.986708">
        <ele>302.3</ele>
        <time>2026-05-10T02:50:56.948000Z</time>
      </trkpt>
      <trkpt lat="44.227833" lon="19.986507">
        <ele>300.8</ele>
        <time>2026-05-10T02:50:58.313000Z</time>
      </trkpt>
      <trkpt lat="44.227922" lon="19.986368">
        <ele>299.5</ele>
        <time>2026-05-10T02:50:59.473000Z</time>
      </trkpt>
      <trkpt lat="44.228051" lon="19.986252">
        <ele>298.1</ele>
        <time>2026-05-10T02:51:00.807000Z</time>
      </trkpt>
      <trkpt lat="44.228175" lon="19.986195">
        <ele>296.9</ele>
        <time>2026-05-10T02:51:01.948000Z</time>
      </trkpt>
      <trkpt lat="44.228966" lon="19.986009">
        <ele>290.6</ele>
        <time>2026-05-10T02:51:09.040000Z</time>
      </trkpt>
      <trkpt lat="44.229662" lon="19.985671">
        <ele>285</ele>
        <time>2026-05-10T02:51:15.590000Z</time>
      </trkpt>
      <trkpt lat="44.229985" lon="19.985441">
        <ele>282.8</ele>
        <time>2026-05-10T02:51:18.914000Z</time>
      </trkpt>
      <trkpt lat="44.230281" lon="19.985163">
        <ele>281.1</ele>
        <time>2026-05-10T02:51:22.290000Z</time>
      </trkpt>
      <trkpt lat="44.23043" lon="19.984983">
        <ele>280.2</ele>
        <time>2026-05-10T02:51:24.198000Z</time>
      </trkpt>
      <trkpt lat="44.231302" lon="19.983634">
        <ele>276.1</ele>
        <time>2026-05-10T02:51:37.394000Z</time>
      </trkpt>
      <trkpt lat="44.231543" lon="19.98311">
        <ele>274.6</ele>
        <time>2026-05-10T02:51:41.881000Z</time>
      </trkpt>
      <trkpt lat="44.231711" lon="19.982668">
        <ele>273.2</ele>
        <time>2026-05-10T02:51:45.404000Z</time>
      </trkpt>
      <trkpt lat="44.231792" lon="19.982454">
        <ele>272.4</ele>
        <time>2026-05-10T02:51:47.065000Z</time>
      </trkpt>
      <trkpt lat="44.232073" lon="19.981755">
        <ele>269.4</ele>
        <time>2026-05-10T02:51:52.442000Z</time>
      </trkpt>
      <trkpt lat="44.232279" lon="19.98136">
        <ele>267.3</ele>
        <time>2026-05-10T02:51:55.654000Z</time>
      </trkpt>
      <trkpt lat="44.232564" lon="19.980764">
        <ele>263.8</ele>
        <time>2026-05-10T02:52:00.267000Z</time>
      </trkpt>
      <trkpt lat="44.232621" lon="19.980521">
        <ele>262.3</ele>
        <time>2026-05-10T02:52:01.896000Z</time>
      </trkpt>
      <trkpt lat="44.232623" lon="19.98032">
        <ele>261.1</ele>
        <time>2026-05-10T02:52:03.162000Z</time>
      </trkpt>
      <trkpt lat="44.232592" lon="19.980142">
        <ele>260</ele>
        <time>2026-05-10T02:52:04.307000Z</time>
      </trkpt>
      <trkpt lat="44.232499" lon="19.979865">
        <ele>258</ele>
        <time>2026-05-10T02:52:06.216000Z</time>
      </trkpt>
      <trkpt lat="44.232379" lon="19.979598">
        <ele>255.9</ele>
        <time>2026-05-10T02:52:08.170000Z</time>
      </trkpt>
      <trkpt lat="44.231891" lon="19.978702">
        <ele>247.9</ele>
        <time>2026-05-10T02:52:15.119000Z</time>
      </trkpt>
      <trkpt lat="44.231581" lon="19.978078">
        <ele>243.3</ele>
        <time>2026-05-10T02:52:19.899000Z</time>
      </trkpt>
      <trkpt lat="44.231407" lon="19.977713">
        <ele>241.4</ele>
        <time>2026-05-10T02:52:22.767000Z</time>
      </trkpt>
      <trkpt lat="44.231302" lon="19.977341">
        <ele>240.1</ele>
        <time>2026-05-10T02:52:25.512000Z</time>
      </trkpt>
      <trkpt lat="44.231291" lon="19.9771">
        <ele>239.6</ele>
        <time>2026-05-10T02:52:27.277000Z</time>
      </trkpt>
      <trkpt lat="44.231316" lon="19.976854">
        <ele>239.2</ele>
        <time>2026-05-10T02:52:29.256000Z</time>
      </trkpt>
      <trkpt lat="44.231398" lon="19.976606">
        <ele>239.1</ele>
        <time>2026-05-10T02:52:31.818000Z</time>
      </trkpt>
      <trkpt lat="44.231719" lon="19.975835">
        <ele>240.4</ele>
        <time>2026-05-10T02:52:46.248000Z</time>
      </trkpt>
      <trkpt lat="44.232114" lon="19.974503">
        <ele>244.8</ele>
        <time>2026-05-10T02:53:19.478000Z</time>
      </trkpt>
      <trkpt lat="44.232698" lon="19.973073">
        <ele>249.7</ele>
        <time>2026-05-10T02:53:56.259000Z</time>
      </trkpt>
      <trkpt lat="44.233104" lon="19.971995">
        <ele>251.9</ele>
        <time>2026-05-10T02:54:18.289000Z</time>
      </trkpt>
      <trkpt lat="44.233253" lon="19.971551">
        <ele>252.9</ele>
        <time>2026-05-10T02:54:27.244000Z</time>
      </trkpt>
      <trkpt lat="44.233469" lon="19.971">
        <ele>254.4</ele>
        <time>2026-05-10T02:54:40.004000Z</time>
      </trkpt>
      <trkpt lat="44.233566" lon="19.970854">
        <ele>254.9</ele>
        <time>2026-05-10T02:54:44.251000Z</time>
      </trkpt>
      <trkpt lat="44.233792" lon="19.970589">
        <ele>256</ele>
        <time>2026-05-10T02:54:53.103000Z</time>
      </trkpt>
      <trkpt lat="44.234362" lon="19.970248">
        <ele>258.5</ele>
        <time>2026-05-10T02:55:12.244000Z</time>
      </trkpt>
      <trkpt lat="44.235063" lon="19.96988">
        <ele>261.2</ele>
        <time>2026-05-10T02:55:34.024000Z</time>
      </trkpt>
      <trkpt lat="44.235461" lon="19.969553">
        <ele>262.1</ele>
        <time>2026-05-10T02:55:44.690000Z</time>
      </trkpt>
      <trkpt lat="44.236429" lon="19.968514">
        <ele>263.2</ele>
        <time>2026-05-10T02:56:07.096000Z</time>
      </trkpt>
      <trkpt lat="44.236596" lon="19.968365">
        <ele>263.3</ele>
        <time>2026-05-10T02:56:10.504000Z</time>
      </trkpt>
      <trkpt lat="44.237105" lon="19.967958">
        <ele>264.1</ele>
        <time>2026-05-10T02:56:22.315000Z</time>
      </trkpt>
      <trkpt lat="44.237536" lon="19.967621">
        <ele>265.3</ele>
        <time>2026-05-10T02:56:34.486000Z</time>
      </trkpt>
      <trkpt lat="44.23777" lon="19.967475">
        <ele>266.2</ele>
        <time>2026-05-10T02:56:41.779000Z</time>
      </trkpt>
      <trkpt lat="44.238656" lon="19.967073">
        <ele>269.3</ele>
        <time>2026-05-10T02:57:08.169000Z</time>
      </trkpt>
      <trkpt lat="44.238992" lon="19.966868">
        <ele>270.2</ele>
        <time>2026-05-10T02:57:17.264000Z</time>
      </trkpt>
      <trkpt lat="44.239438" lon="19.966485">
        <ele>271.1</ele>
        <time>2026-05-10T02:57:28.392000Z</time>
      </trkpt>
      <trkpt lat="44.239694" lon="19.966177">
        <ele>271.3</ele>
        <time>2026-05-10T02:57:34.154000Z</time>
      </trkpt>
      <trkpt lat="44.239924" lon="19.965779">
        <ele>271.1</ele>
        <time>2026-05-10T02:57:38.932000Z</time>
      </trkpt>
      <trkpt lat="44.240192" lon="19.965034">
        <ele>270</ele>
        <time>2026-05-10T02:57:45.606000Z</time>
      </trkpt>
      <trkpt lat="44.240348" lon="19.964693">
        <ele>269.6</ele>
        <time>2026-05-10T02:57:48.955000Z</time>
      </trkpt>
      <trkpt lat="44.240581" lon="19.964347">
        <ele>269.3</ele>
        <time>2026-05-10T02:57:53.251000Z</time>
      </trkpt>
      <trkpt lat="44.240787" lon="19.963984">
        <ele>269.3</ele>
        <time>2026-05-10T02:57:58.144000Z</time>
      </trkpt>
      <trkpt lat="44.240881" lon="19.963595">
        <ele>269.4</ele>
        <time>2026-05-10T02:58:03.029000Z</time>
      </trkpt>
      <trkpt lat="44.240924" lon="19.963099">
        <ele>269.9</ele>
        <time>2026-05-10T02:58:10.371000Z</time>
      </trkpt>
      <trkpt lat="44.241005" lon="19.962804">
        <ele>270.5</ele>
        <time>2026-05-10T02:58:16.052000Z</time>
      </trkpt>
      <trkpt lat="44.241139" lon="19.962537">
        <ele>271.3</ele>
        <time>2026-05-10T02:58:22.718000Z</time>
      </trkpt>
      <trkpt lat="44.241326" lon="19.962283">
        <ele>272.3</ele>
        <time>2026-05-10T02:58:30.524000Z</time>
      </trkpt>
      <trkpt lat="44.242068" lon="19.961416">
        <ele>275.4</ele>
        <time>2026-05-10T02:58:57.159000Z</time>
      </trkpt>
      <trkpt lat="44.242386" lon="19.961152">
        <ele>276.5</ele>
        <time>2026-05-10T02:59:07.085000Z</time>
      </trkpt>
      <trkpt lat="44.243681" lon="19.960076">
        <ele>280.3</ele>
        <time>2026-05-10T02:59:44.647000Z</time>
      </trkpt>
      <trkpt lat="44.243908" lon="19.959775">
        <ele>280.3</ele>
        <time>2026-05-10T02:59:49.228000Z</time>
      </trkpt>
      <trkpt lat="44.243952" lon="19.959682">
        <ele>280.2</ele>
        <time>2026-05-10T02:59:50.239000Z</time>
      </trkpt>
      <trkpt lat="44.244071" lon="19.959298">
        <ele>279.7</ele>
        <time>2026-05-10T02:59:53.680000Z</time>
      </trkpt>
      <trkpt lat="44.244118" lon="19.95888">
        <ele>279</ele>
        <time>2026-05-10T02:59:56.866000Z</time>
      </trkpt>
      <trkpt lat="44.244186" lon="19.957603">
        <ele>275.6</ele>
        <time>2026-05-10T03:00:05.973000Z</time>
      </trkpt>
      <trkpt lat="44.244184" lon="19.95688">
        <ele>274.1</ele>
        <time>2026-05-10T03:00:11.274000Z</time>
      </trkpt>
      <trkpt lat="44.243916" lon="19.955775">
        <ele>271.8</ele>
        <time>2026-05-10T03:00:20.009000Z</time>
      </trkpt>
      <trkpt lat="44.243873" lon="19.95548">
        <ele>271.2</ele>
        <time>2026-05-10T03:00:22.200000Z</time>
      </trkpt>
      <trkpt lat="44.243873" lon="19.955309">
        <ele>270.8</ele>
        <time>2026-05-10T03:00:23.438000Z</time>
      </trkpt>
      <trkpt lat="44.243927" lon="19.955009">
        <ele>270</ele>
        <time>2026-05-10T03:00:25.659000Z</time>
      </trkpt>
      <trkpt lat="44.244047" lon="19.954711">
        <ele>269.2</ele>
        <time>2026-05-10T03:00:28.111000Z</time>
      </trkpt>
      <trkpt lat="44.244448" lon="19.954215">
        <ele>267.2</ele>
        <time>2026-05-10T03:00:33.417000Z</time>
      </trkpt>
      <trkpt lat="44.245343" lon="19.953034">
        <ele>262.4</ele>
        <time>2026-05-10T03:00:45.519000Z</time>
      </trkpt>
      <trkpt lat="44.245567" lon="19.95272">
        <ele>261.2</ele>
        <time>2026-05-10T03:00:48.631000Z</time>
      </trkpt>
      <trkpt lat="44.245759" lon="19.952545">
        <ele>260.2</ele>
        <time>2026-05-10T03:00:50.853000Z</time>
      </trkpt>
      <trkpt lat="44.246049" lon="19.952387">
        <ele>258.8</ele>
        <time>2026-05-10T03:00:53.825000Z</time>
      </trkpt>
      <trkpt lat="44.246335" lon="19.952341">
        <ele>257.3</ele>
        <time>2026-05-10T03:00:56.527000Z</time>
      </trkpt>
      <trkpt lat="44.246551" lon="19.952335">
        <ele>256.2</ele>
        <time>2026-05-10T03:00:58.555000Z</time>
      </trkpt>
      <trkpt lat="44.247151" lon="19.95234">
        <ele>253.2</ele>
        <time>2026-05-10T03:01:04.195000Z</time>
      </trkpt>
      <trkpt lat="44.247687" lon="19.952382">
        <ele>250.7</ele>
        <time>2026-05-10T03:01:09.330000Z</time>
      </trkpt>
      <trkpt lat="44.248272" lon="19.952531">
        <ele>248.2</ele>
        <time>2026-05-10T03:01:15.080000Z</time>
      </trkpt>
      <trkpt lat="44.248586" lon="19.952653">
        <ele>247</ele>
        <time>2026-05-10T03:01:18.295000Z</time>
      </trkpt>
      <trkpt lat="44.249689" lon="19.953196">
        <ele>243.3</ele>
        <time>2026-05-10T03:01:30.203000Z</time>
      </trkpt>
      <trkpt lat="44.250135" lon="19.953381">
        <ele>242.3</ele>
        <time>2026-05-10T03:01:35.213000Z</time>
      </trkpt>
      <trkpt lat="44.250354" lon="19.9534">
        <ele>241.9</ele>
        <time>2026-05-10T03:01:37.685000Z</time>
      </trkpt>
      <trkpt lat="44.250554" lon="19.953381">
        <ele>241.6</ele>
        <time>2026-05-10T03:01:39.986000Z</time>
      </trkpt>
      <trkpt lat="44.251301" lon="19.953224">
        <ele>240</ele>
        <time>2026-05-10T03:01:48.170000Z</time>
      </trkpt>
      <trkpt lat="44.251671" lon="19.953011">
        <ele>238.3</ele>
        <time>2026-05-10T03:01:52.042000Z</time>
      </trkpt>
      <trkpt lat="44.251911" lon="19.952799">
        <ele>236.7</ele>
        <time>2026-05-10T03:01:54.677000Z</time>
      </trkpt>
      <trkpt lat="44.252081" lon="19.952587">
        <ele>235.1</ele>
        <time>2026-05-10T03:01:56.723000Z</time>
      </trkpt>
      <trkpt lat="44.252249" lon="19.952203">
        <ele>232.4</ele>
        <time>2026-05-10T03:01:59.555000Z</time>
      </trkpt>
      <trkpt lat="44.252331" lon="19.951937">
        <ele>230.5</ele>
        <time>2026-05-10T03:02:01.358000Z</time>
      </trkpt>
      <trkpt lat="44.252453" lon="19.951012">
        <ele>223.6</ele>
        <time>2026-05-10T03:02:07.147000Z</time>
      </trkpt>
      <trkpt lat="44.252675" lon="19.950182">
        <ele>217.8</ele>
        <time>2026-05-10T03:02:12.654000Z</time>
      </trkpt>
      <trkpt lat="44.252897" lon="19.94952">
        <ele>213</ele>
        <time>2026-05-10T03:02:17.208000Z</time>
      </trkpt>
      <trkpt lat="44.253057" lon="19.949123">
        <ele>210.5</ele>
        <time>2026-05-10T03:02:20.098000Z</time>
      </trkpt>
      <trkpt lat="44.253276" lon="19.948606">
        <ele>207.4</ele>
        <time>2026-05-10T03:02:23.945000Z</time>
      </trkpt>
      <trkpt lat="44.253401" lon="19.948359">
        <ele>205.8</ele>
        <time>2026-05-10T03:02:25.876000Z</time>
      </trkpt>
      <trkpt lat="44.253557" lon="19.948198">
        <ele>204.3</ele>
        <time>2026-05-10T03:02:27.608000Z</time>
      </trkpt>
      <trkpt lat="44.253758" lon="19.948119">
        <ele>202.6</ele>
        <time>2026-05-10T03:02:29.453000Z</time>
      </trkpt>
      <trkpt lat="44.254301" lon="19.948024">
        <ele>198.3</ele>
        <time>2026-05-10T03:02:34.279000Z</time>
      </trkpt>
      <trkpt lat="44.254501" lon="19.947904">
        <ele>196.7</ele>
        <time>2026-05-10T03:02:36.233000Z</time>
      </trkpt>
      <trkpt lat="44.254578" lon="19.947757">
        <ele>195.8</ele>
        <time>2026-05-10T03:02:37.409000Z</time>
      </trkpt>
      <trkpt lat="44.254585" lon="19.94752">
        <ele>194.6</ele>
        <time>2026-05-10T03:02:38.937000Z</time>
      </trkpt>
      <trkpt lat="44.254531" lon="19.947356">
        <ele>193.7</ele>
        <time>2026-05-10T03:02:40.093000Z</time>
      </trkpt>
      <trkpt lat="44.254414" lon="19.947262">
        <ele>192.7</ele>
        <time>2026-05-10T03:02:41.297000Z</time>
      </trkpt>
      <trkpt lat="44.254102" lon="19.94709">
        <ele>190.1</ele>
        <time>2026-05-10T03:02:44.267000Z</time>
      </trkpt>
      <trkpt lat="44.254008" lon="19.946973">
        <ele>189.1</ele>
        <time>2026-05-10T03:02:45.386000Z</time>
      </trkpt>
      <trkpt lat="44.2539" lon="19.946712">
        <ele>187.5</ele>
        <time>2026-05-10T03:02:47.305000Z</time>
      </trkpt>
      <trkpt lat="44.253876" lon="19.94647">
        <ele>186.2</ele>
        <time>2026-05-10T03:02:48.876000Z</time>
      </trkpt>
      <trkpt lat="44.253901" lon="19.946258">
        <ele>185.2</ele>
        <time>2026-05-10T03:02:50.261000Z</time>
      </trkpt>
      <trkpt lat="44.253956" lon="19.946101">
        <ele>184.3</ele>
        <time>2026-05-10T03:02:51.389000Z</time>
      </trkpt>
      <trkpt lat="44.254128" lon="19.945814">
        <ele>182.6</ele>
        <time>2026-05-10T03:02:53.817000Z</time>
      </trkpt>
      <trkpt lat="44.254511" lon="19.945178">
        <ele>178.9</ele>
        <time>2026-05-10T03:02:59.256000Z</time>
      </trkpt>
      <trkpt lat="44.254934" lon="19.944492">
        <ele>175.7</ele>
        <time>2026-05-10T03:03:05.376000Z</time>
      </trkpt>
      <trkpt lat="44.255017" lon="19.944357">
        <ele>175.2</ele>
        <time>2026-05-10T03:03:06.634000Z</time>
      </trkpt>
      <trkpt lat="44.255195" lon="19.944064">
        <ele>174.3</ele>
        <time>2026-05-10T03:03:09.409000Z</time>
      </trkpt>
      <trkpt lat="44.255969" lon="19.942981">
        <ele>172.5</ele>
        <time>2026-05-10T03:03:21.856000Z</time>
      </trkpt>
      <trkpt lat="44.256269" lon="19.942608">
        <ele>172.9</ele>
        <time>2026-05-10T03:03:29.351000Z</time>
      </trkpt>
      <trkpt lat="44.256372" lon="19.942492">
        <ele>173.2</ele>
        <time>2026-05-10T03:03:32.478000Z</time>
      </trkpt>
      <trkpt lat="44.25665" lon="19.942094">
        <ele>174.5</ele>
        <time>2026-05-10T03:03:43.726000Z</time>
      </trkpt>
      <trkpt lat="44.256792" lon="19.941859">
        <ele>175.6</ele>
        <time>2026-05-10T03:03:51.040000Z</time>
      </trkpt>
      <trkpt lat="44.25699" lon="19.941507">
        <ele>177.4</ele>
        <time>2026-05-10T03:04:03.198000Z</time>
      </trkpt>
      <trkpt lat="44.257287" lon="19.9409">
        <ele>181.3</ele>
        <time>2026-05-10T03:04:26.777000Z</time>
      </trkpt>
      <trkpt lat="44.257505" lon="19.940356">
        <ele>185.2</ele>
        <time>2026-05-10T03:04:48.940000Z</time>
      </trkpt>
      <trkpt lat="44.257733" lon="19.939678">
        <ele>189.8</ele>
        <time>2026-05-10T03:05:15.493000Z</time>
      </trkpt>
      <trkpt lat="44.258186" lon="19.938081">
        <ele>198.6</ele>
        <time>2026-05-10T03:06:09.006000Z</time>
      </trkpt>
      <trkpt lat="44.258555" lon="19.936765">
        <ele>203.2</ele>
        <time>2026-05-10T03:06:42.399000Z</time>
      </trkpt>
      <trkpt lat="44.258703" lon="19.936266">
        <ele>204.4</ele>
        <time>2026-05-10T03:06:52.762000Z</time>
      </trkpt>
      <trkpt lat="44.258942" lon="19.935684">
        <ele>205.8</ele>
        <time>2026-05-10T03:07:05.692000Z</time>
      </trkpt>
      <trkpt lat="44.259189" lon="19.935019">
        <ele>207</ele>
        <time>2026-05-10T03:07:18.506000Z</time>
      </trkpt>
      <trkpt lat="44.259288" lon="19.934659">
        <ele>207.4</ele>
        <time>2026-05-10T03:07:24.256000Z</time>
      </trkpt>
      <trkpt lat="44.259505" lon="19.933722">
        <ele>208.1</ele>
        <time>2026-05-10T03:07:37.182000Z</time>
      </trkpt>
      <trkpt lat="44.259673" lon="19.932901">
        <ele>208.4</ele>
        <time>2026-05-10T03:07:47.749000Z</time>
      </trkpt>
      <trkpt lat="44.259819" lon="19.931661">
        <ele>209.4</ele>
        <time>2026-05-10T03:08:04.879000Z</time>
      </trkpt>
      <trkpt lat="44.259909" lon="19.930661">
        <ele>210.9</ele>
        <time>2026-05-10T03:08:21.453000Z</time>
      </trkpt>
      <trkpt lat="44.259938" lon="19.930097">
        <ele>211.9</ele>
        <time>2026-05-10T03:08:31.478000Z</time>
      </trkpt>
      <trkpt lat="44.259876" lon="19.928983">
        <ele>213.3</ele>
        <time>2026-05-10T03:08:48.922000Z</time>
      </trkpt>
      <trkpt lat="44.259903" lon="19.928719">
        <ele>213.4</ele>
        <time>2026-05-10T03:08:52.386000Z</time>
      </trkpt>
      <trkpt lat="44.259955" lon="19.928517">
        <ele>213.5</ele>
        <time>2026-05-10T03:08:54.907000Z</time>
      </trkpt>
      <trkpt lat="44.260225" lon="19.927779">
        <ele>213.3</ele>
        <time>2026-05-10T03:09:03.034000Z</time>
      </trkpt>
      <trkpt lat="44.260316" lon="19.927553">
        <ele>213</ele>
        <time>2026-05-10T03:09:05.134000Z</time>
      </trkpt>
      <trkpt lat="44.260502" lon="19.927134">
        <ele>211.9</ele>
        <time>2026-05-10T03:09:08.749000Z</time>
      </trkpt>
      <trkpt lat="44.260625" lon="19.926858">
        <ele>211.1</ele>
        <time>2026-05-10T03:09:11.057000Z</time>
      </trkpt>
      <trkpt lat="44.26086" lon="19.926344">
        <ele>209.4</ele>
        <time>2026-05-10T03:09:15.373000Z</time>
      </trkpt>
      <trkpt lat="44.260989" lon="19.92608">
        <ele>208.5</ele>
        <time>2026-05-10T03:09:17.616000Z</time>
      </trkpt>
      <trkpt lat="44.261167" lon="19.925736">
        <ele>207.3</ele>
        <time>2026-05-10T03:09:20.572000Z</time>
      </trkpt>
      <trkpt lat="44.261693" lon="19.924674">
        <ele>202.5</ele>
        <time>2026-05-10T03:09:29.231000Z</time>
      </trkpt>
      <trkpt lat="44.262085" lon="19.923838">
        <ele>198.4</ele>
        <time>2026-05-10T03:09:35.853000Z</time>
      </trkpt>
      <trkpt lat="44.262275" lon="19.92326">
        <ele>196.1</ele>
        <time>2026-05-10T03:09:40.144000Z</time>
      </trkpt>
      <trkpt lat="44.262384" lon="19.922771">
        <ele>194.4</ele>
        <time>2026-05-10T03:09:43.646000Z</time>
      </trkpt>
      <trkpt lat="44.262549" lon="19.921732">
        <ele>190.8</ele>
        <time>2026-05-10T03:09:50.899000Z</time>
      </trkpt>
      <trkpt lat="44.262688" lon="19.921251">
        <ele>189.1</ele>
        <time>2026-05-10T03:09:54.422000Z</time>
      </trkpt>
      <trkpt lat="44.263008" lon="19.920592">
        <ele>186.4</ele>
        <time>2026-05-10T03:09:59.848000Z</time>
      </trkpt>
      <trkpt lat="44.263196" lon="19.920205">
        <ele>184.6</ele>
        <time>2026-05-10T03:10:02.983000Z</time>
      </trkpt>
      <trkpt lat="44.263363" lon="19.919871">
        <ele>183.2</ele>
        <time>2026-05-10T03:10:05.749000Z</time>
      </trkpt>
      <trkpt lat="44.264051" lon="19.918526">
        <ele>180.5</ele>
        <time>2026-05-10T03:10:18.501000Z</time>
      </trkpt>
      <trkpt lat="44.265039" lon="19.916733">
        <ele>181.2</ele>
        <time>2026-05-10T03:10:45.131000Z</time>
      </trkpt>
      <trkpt lat="44.265119" lon="19.91658">
        <ele>181.3</ele>
        <time>2026-05-10T03:10:47.369000Z</time>
      </trkpt>
      <trkpt lat="44.265352" lon="19.916075">
        <ele>181.4</ele>
        <time>2026-05-10T03:10:54.231000Z</time>
      </trkpt>
      <trkpt lat="44.265454" lon="19.915945">
        <ele>181.4</ele>
        <time>2026-05-10T03:10:56.371000Z</time>
      </trkpt>
      <trkpt lat="44.265328" lon="19.915213">
        <ele>181.4</ele>
        <time>2026-05-10T03:11:04.489000Z</time>
      </trkpt>
      <trkpt lat="44.265268" lon="19.914882">
        <ele>181.5</ele>
        <time>2026-05-10T03:11:08.203000Z</time>
      </trkpt>
      <trkpt lat="44.265211" lon="19.914357">
        <ele>181.6</ele>
        <time>2026-05-10T03:11:14.504000Z</time>
      </trkpt>
      <trkpt lat="44.265187" lon="19.913552">
        <ele>182</ele>
        <time>2026-05-10T03:11:24.580000Z</time>
      </trkpt>
      <trkpt lat="44.265097" lon="19.912316">
        <ele>182.7</ele>
        <time>2026-05-10T03:11:40.756000Z</time>
      </trkpt>
      <trkpt lat="44.265" lon="19.911626">
        <ele>183.1</ele>
        <time>2026-05-10T03:11:49.743000Z</time>
      </trkpt>
      <trkpt lat="44.264956" lon="19.911322">
        <ele>183.2</ele>
        <time>2026-05-10T03:11:53.519000Z</time>
      </trkpt>
      <trkpt lat="44.264929" lon="19.910665">
        <ele>183.4</ele>
        <time>2026-05-10T03:12:01.111000Z</time>
      </trkpt>
      <trkpt lat="44.264964" lon="19.908321">
        <ele>182.5</ele>
        <time>2026-05-10T03:12:23.290000Z</time>
      </trkpt>
      <trkpt lat="44.264959" lon="19.906">
        <ele>180.1</ele>
        <time>2026-05-10T03:12:42.506000Z</time>
      </trkpt>
      <trkpt lat="44.264977" lon="19.904122">
        <ele>179</ele>
        <time>2026-05-10T03:12:59.312000Z</time>
      </trkpt>
      <trkpt lat="44.264989" lon="19.903892">
        <ele>178.9</ele>
        <time>2026-05-10T03:13:01.603000Z</time>
      </trkpt>
      <trkpt lat="44.265015" lon="19.903207">
        <ele>178.8</ele>
        <time>2026-05-10T03:13:08.540000Z</time>
      </trkpt>
      <trkpt lat="44.265019" lon="19.90311">
        <ele>178.8</ele>
        <time>2026-05-10T03:13:09.572000Z</time>
      </trkpt>
      <trkpt lat="44.265017" lon="19.902922">
        <ele>178.8</ele>
        <time>2026-05-10T03:13:11.659000Z</time>
      </trkpt>
      <trkpt lat="44.264991" lon="19.902467">
        <ele>179</ele>
        <time>2026-05-10T03:13:16.966000Z</time>
      </trkpt>
      <trkpt lat="44.264963" lon="19.902083">
        <ele>179.1</ele>
        <time>2026-05-10T03:13:21.710000Z</time>
      </trkpt>
      <trkpt lat="44.264939" lon="19.90176">
        <ele>179.3</ele>
        <time>2026-05-10T03:13:25.695000Z</time>
      </trkpt>
      <trkpt lat="44.264927" lon="19.901258">
        <ele>179.5</ele>
        <time>2026-05-10T03:13:31.950000Z</time>
      </trkpt>
      <trkpt lat="44.264929" lon="19.901118">
        <ele>179.5</ele>
        <time>2026-05-10T03:13:33.652000Z</time>
      </trkpt>
      <trkpt lat="44.264937" lon="19.900623">
        <ele>179.8</ele>
        <time>2026-05-10T03:13:39.917000Z</time>
      </trkpt>
      <trkpt lat="44.26494" lon="19.900518">
        <ele>179.8</ele>
        <time>2026-05-10T03:13:41.262000Z</time>
      </trkpt>
      <trkpt lat="44.264975" lon="19.899874">
        <ele>180.4</ele>
        <time>2026-05-10T03:13:50.182000Z</time>
      </trkpt>
      <trkpt lat="44.264977" lon="19.89981">
        <ele>180.4</ele>
        <time>2026-05-10T03:13:51.137000Z</time>
      </trkpt>
      <trkpt lat="44.264998" lon="19.899357">
        <ele>180.9</ele>
        <time>2026-05-10T03:13:57.708000Z</time>
      </trkpt>
      <trkpt lat="44.265004" lon="19.899273">
        <ele>180.9</ele>
        <time>2026-05-10T03:13:58.887000Z</time>
      </trkpt>
      <trkpt lat="44.265031" lon="19.898919">
        <ele>181.3</ele>
        <time>2026-05-10T03:14:04.111000Z</time>
      </trkpt>
      <trkpt lat="44.265041" lon="19.898802">
        <ele>181.4</ele>
        <time>2026-05-10T03:14:05.843000Z</time>
      </trkpt>
      <trkpt lat="44.265095" lon="19.898089">
        <ele>182.4</ele>
        <time>2026-05-10T03:14:17.302000Z</time>
      </trkpt>
      <trkpt lat="44.265123" lon="19.897588">
        <ele>183.1</ele>
        <time>2026-05-10T03:14:25.688000Z</time>
      </trkpt>
      <trkpt lat="44.265111" lon="19.897347">
        <ele>183.5</ele>
        <time>2026-05-10T03:14:29.697000Z</time>
      </trkpt>
      <trkpt lat="44.265043" lon="19.897115">
        <ele>183.9</ele>
        <time>2026-05-10T03:14:33.830000Z</time>
      </trkpt>
      <trkpt lat="44.264871" lon="19.896723">
        <ele>184.5</ele>
        <time>2026-05-10T03:14:41.205000Z</time>
      </trkpt>
      <trkpt lat="44.264649" lon="19.896302">
        <ele>185.1</ele>
        <time>2026-05-10T03:14:49.262000Z</time>
      </trkpt>
      <trkpt lat="44.264517" lon="19.89605">
        <ele>185.5</ele>
        <time>2026-05-10T03:14:54.012000Z</time>
      </trkpt>
      <trkpt lat="44.263739" lon="19.894508">
        <ele>186.1</ele>
        <time>2026-05-10T03:15:16.366000Z</time>
      </trkpt>
      <trkpt lat="44.263615" lon="19.89426">
        <ele>185.9</ele>
        <time>2026-05-10T03:15:19.172000Z</time>
      </trkpt>
      <trkpt lat="44.263556" lon="19.894143">
        <ele>185.9</ele>
        <time>2026-05-10T03:15:20.532000Z</time>
      </trkpt>
      <trkpt lat="44.263442" lon="19.893913">
        <ele>185.7</ele>
        <time>2026-05-10T03:15:23.111000Z</time>
      </trkpt>
      <trkpt lat="44.263415" lon="19.893735">
        <ele>185.7</ele>
        <time>2026-05-10T03:15:24.769000Z</time>
      </trkpt>
      <trkpt lat="44.263351" lon="19.893621">
        <ele>185.6</ele>
        <time>2026-05-10T03:15:26.124000Z</time>
      </trkpt>
      <trkpt lat="44.263352" lon="19.893548">
        <ele>185.5</ele>
        <time>2026-05-10T03:15:26.756000Z</time>
      </trkpt>
      <trkpt lat="44.263321" lon="19.893489">
        <ele>185.5</ele>
        <time>2026-05-10T03:15:27.443000Z</time>
      </trkpt>
      <trkpt lat="44.26334" lon="19.893342">
        <ele>185.4</ele>
        <time>2026-05-10T03:15:28.767000Z</time>
      </trkpt>
      <trkpt lat="44.263345" lon="19.893235">
        <ele>185.4</ele>
        <time>2026-05-10T03:15:29.764000Z</time>
      </trkpt>
      <trkpt lat="44.263347" lon="19.892563">
        <ele>185</ele>
        <time>2026-05-10T03:15:35.876000Z</time>
      </trkpt>
      <trkpt lat="44.263359" lon="19.892327">
        <ele>184.9</ele>
        <time>2026-05-10T03:15:38.111000Z</time>
      </trkpt>
      <trkpt lat="44.263395" lon="19.892194">
        <ele>184.9</ele>
        <time>2026-05-10T03:15:39.504000Z</time>
      </trkpt>
      <trkpt lat="44.263429" lon="19.892086">
        <ele>184.8</ele>
        <time>2026-05-10T03:15:40.634000Z</time>
      </trkpt>
      <trkpt lat="44.263606" lon="19.891787">
        <ele>184.8</ele>
        <time>2026-05-10T03:15:44.769000Z</time>
      </trkpt>
      <trkpt lat="44.263824" lon="19.891566">
        <ele>184.9</ele>
        <time>2026-05-10T03:15:49.024000Z</time>
      </trkpt>
      <trkpt lat="44.263886" lon="19.891536">
        <ele>184.9</ele>
        <time>2026-05-10T03:15:50.057000Z</time>
      </trkpt>
      <trkpt lat="44.264119" lon="19.891414">
        <ele>185</ele>
        <time>2026-05-10T03:15:53.973000Z</time>
      </trkpt>
      <trkpt lat="44.264243" lon="19.891338">
        <ele>185</ele>
        <time>2026-05-10T03:15:56.114000Z</time>
      </trkpt>
      <trkpt lat="44.265126" lon="19.890797">
        <ele>185.2</ele>
        <time>2026-05-10T03:16:11.251000Z</time>
      </trkpt>
      <trkpt lat="44.265354" lon="19.89066">
        <ele>185.3</ele>
        <time>2026-05-10T03:16:15.065000Z</time>
      </trkpt>
      <trkpt lat="44.266123" lon="19.890181">
        <ele>184.9</ele>
        <time>2026-05-10T03:16:26.455000Z</time>
      </trkpt>
      <trkpt lat="44.266513" lon="19.889894">
        <ele>184.5</ele>
        <time>2026-05-10T03:16:31.835000Z</time>
      </trkpt>
      <trkpt lat="44.266623" lon="19.889782">
        <ele>184.3</ele>
        <time>2026-05-10T03:16:33.483000Z</time>
      </trkpt>
      <trkpt lat="44.266774" lon="19.889546">
        <ele>184</ele>
        <time>2026-05-10T03:16:36.149000Z</time>
      </trkpt>
      <trkpt lat="44.266967" lon="19.889546">
        <ele>183.8</ele>
        <time>2026-05-10T03:16:38.453000Z</time>
      </trkpt>
      <trkpt lat="44.267328" lon="19.889548">
        <ele>183.3</ele>
        <time>2026-05-10T03:16:42.649000Z</time>
      </trkpt>
      <trkpt lat="44.267328" lon="19.88953">
        <ele>183.2</ele>
        <time>2026-05-10T03:16:42.886000Z</time>
      </trkpt>
      <trkpt lat="44.267382" lon="19.889535">
        <ele>183.2</ele>
        <time>2026-05-10T03:16:43.889000Z</time>
      </trkpt>
      <trkpt lat="44.267435" lon="19.889535">
        <ele>183.1</ele>
        <time>2026-05-10T03:16:44.871000Z</time>
      </trkpt>
      <trkpt lat="44.267488" lon="19.889542">
        <ele>183</ele>
        <time>2026-05-10T03:16:45.858000Z</time>
      </trkpt>
      <trkpt lat="44.267534" lon="19.889553">
        <ele>182.9</ele>
        <time>2026-05-10T03:16:46.723000Z</time>
      </trkpt>
      <trkpt lat="44.267573" lon="19.88955">
        <ele>182.9</ele>
        <time>2026-05-10T03:16:47.447000Z</time>
      </trkpt>
      <trkpt lat="44.267605" lon="19.889536">
        <ele>182.9</ele>
        <time>2026-05-10T03:16:48.068000Z</time>
      </trkpt>
      <trkpt lat="44.267623" lon="19.889505">
        <ele>182.8</ele>
        <time>2026-05-10T03:16:48.598000Z</time>
      </trkpt>
      <trkpt lat="44.26761" lon="19.889511">
        <ele>182.8</ele>
        <time>2026-05-10T03:16:48.851000Z</time>
      </trkpt>
      <trkpt lat="44.267615" lon="19.88951">
        <ele>182.8</ele>
        <time>2026-05-10T03:16:48.945000Z</time>
      </trkpt>
      <trkpt lat="44.267627" lon="19.889537">
        <ele>182.7</ele>
        <time>2026-05-10T03:16:49.366000Z</time>
      </trkpt>
      <trkpt lat="44.267631" lon="19.889524">
        <ele>182.7</ele>
        <time>2026-05-10T03:16:49.555000Z</time>
      </trkpt>
      <trkpt lat="44.267662" lon="19.88953">
        <ele>182.7</ele>
        <time>2026-05-10T03:16:50.134000Z</time>
      </trkpt>
      <trkpt lat="44.267696" lon="19.88954">
        <ele>182.7</ele>
        <time>2026-05-10T03:16:50.779000Z</time>
      </trkpt>
      <trkpt lat="44.26774" lon="19.889557">
        <ele>182.6</ele>
        <time>2026-05-10T03:16:51.624000Z</time>
      </trkpt>
      <trkpt lat="44.267781" lon="19.889562">
        <ele>182.5</ele>
        <time>2026-05-10T03:16:52.387000Z</time>
      </trkpt>
      <trkpt lat="44.267833" lon="19.889581">
        <ele>182.5</ele>
        <time>2026-05-10T03:16:53.384000Z</time>
      </trkpt>
      <trkpt lat="44.267867" lon="19.889611">
        <ele>182.5</ele>
        <time>2026-05-10T03:16:54.129000Z</time>
      </trkpt>
      <trkpt lat="44.267887" lon="19.889651">
        <ele>182.4</ele>
        <time>2026-05-10T03:16:54.777000Z</time>
      </trkpt>
      <trkpt lat="44.267886" lon="19.889699">
        <ele>182.4</ele>
        <time>2026-05-10T03:16:55.414000Z</time>
      </trkpt>
      <trkpt lat="44.267874" lon="19.88975">
        <ele>182.3</ele>
        <time>2026-05-10T03:16:56.126000Z</time>
      </trkpt>
      <trkpt lat="44.267859" lon="19.889805">
        <ele>182.3</ele>
        <time>2026-05-10T03:16:56.907000Z</time>
      </trkpt>
      <trkpt lat="44.267847" lon="19.889867">
        <ele>182.2</ele>
        <time>2026-05-10T03:16:57.759000Z</time>
      </trkpt>
      <trkpt lat="44.267835" lon="19.889934">
        <ele>182.2</ele>
        <time>2026-05-10T03:16:58.677000Z</time>
      </trkpt>
      <trkpt lat="44.267824" lon="19.890004">
        <ele>182.2</ele>
        <time>2026-05-10T03:16:59.626000Z</time>
      </trkpt>
      <trkpt lat="44.267816" lon="19.890075">
        <ele>182.1</ele>
        <time>2026-05-10T03:17:00.580000Z</time>
      </trkpt>
      <trkpt lat="44.267809" lon="19.890153">
        <ele>182</ele>
        <time>2026-05-10T03:17:01.624000Z</time>
      </trkpt>
      <trkpt lat="44.267805" lon="19.890218">
        <ele>182</ele>
        <time>2026-05-10T03:17:02.491000Z</time>
      </trkpt>
      <trkpt lat="44.267801" lon="19.890259">
        <ele>181.9</ele>
        <time>2026-05-10T03:17:03.040000Z</time>
      </trkpt>
      <trkpt lat="44.267808" lon="19.890292">
        <ele>181.9</ele>
        <time>2026-05-10T03:17:03.496000Z</time>
      </trkpt>
      <trkpt lat="44.267826" lon="19.890324">
        <ele>181.9</ele>
        <time>2026-05-10T03:17:04.037000Z</time>
      </trkpt>
      <trkpt lat="44.267848" lon="19.890343">
        <ele>181.9</ele>
        <time>2026-05-10T03:17:04.516000Z</time>
      </trkpt>
      <trkpt lat="44.267867" lon="19.890359">
        <ele>181.9</ele>
        <time>2026-05-10T03:17:04.927000Z</time>
      </trkpt>
      <trkpt lat="44.267884" lon="19.89037">
        <ele>181.9</ele>
        <time>2026-05-10T03:17:05.274000Z</time>
      </trkpt>
      <trkpt lat="44.267889" lon="19.890381">
        <ele>181.9</ele>
        <time>2026-05-10T03:17:05.447000Z</time>
      </trkpt>
      <trkpt lat="44.267887" lon="19.890383">
        <ele>181.9</ele>
        <time>2026-05-10T03:17:05.493000Z</time>
      </trkpt>
      <trkpt lat="44.267887" lon="19.890383">
        <ele>181.9</ele>
        <time>2026-05-10T03:17:05.493000Z</time>
      </trkpt>
      <trkpt lat="44.26789" lon="19.890399">
        <ele>181.9</ele>
        <time>2026-05-10T03:17:05.713000Z</time>
      </trkpt>
      <trkpt lat="44.267899" lon="19.890424">
        <ele>181.8</ele>
        <time>2026-05-10T03:17:06.083000Z</time>
      </trkpt>
      <trkpt lat="44.267919" lon="19.890456">
        <ele>181.8</ele>
        <time>2026-05-10T03:17:06.647000Z</time>
      </trkpt>
      <trkpt lat="44.26795" lon="19.890487">
        <ele>181.8</ele>
        <time>2026-05-10T03:17:07.353000Z</time>
      </trkpt>
      <trkpt lat="44.267991" lon="19.89051">
        <ele>181.8</ele>
        <time>2026-05-10T03:17:08.172000Z</time>
      </trkpt>
      <trkpt lat="44.267994" lon="19.890498">
        <ele>181.8</ele>
        <time>2026-05-10T03:17:08.348000Z</time>
      </trkpt>
      <trkpt lat="44.268014" lon="19.890508">
        <ele>181.8</ele>
        <time>2026-05-10T03:17:08.634000Z</time>
      </trkpt>
      <trkpt lat="44.268544" lon="19.890663">
        <ele>181.8</ele>
        <time>2026-05-10T03:17:16.973000Z</time>
      </trkpt>
      <trkpt lat="44.269024" lon="19.890732">
        <ele>182.4</ele>
        <time>2026-05-10T03:17:26.440000Z</time>
      </trkpt>
      <trkpt lat="44.269089" lon="19.890737">
        <ele>182.5</ele>
        <time>2026-05-10T03:17:27.915000Z</time>
      </trkpt>
      <trkpt lat="44.269331" lon="19.890758">
        <ele>183</ele>
        <time>2026-05-10T03:17:33.338000Z</time>
      </trkpt>
      <trkpt lat="44.26949" lon="19.890764">
        <ele>183.3</ele>
        <time>2026-05-10T03:17:36.947000Z</time>
      </trkpt>
      <trkpt lat="44.269647" lon="19.890751">
        <ele>183.6</ele>
        <time>2026-05-10T03:17:40.516000Z</time>
      </trkpt>
      <trkpt lat="44.269973" lon="19.890725">
        <ele>184.1</ele>
        <time>2026-05-10T03:17:47.379000Z</time>
      </trkpt>
      <trkpt lat="44.270286" lon="19.890697">
        <ele>184.5</ele>
        <time>2026-05-10T03:17:53.550000Z</time>
      </trkpt>
      <trkpt lat="44.27037" lon="19.890688">
        <ele>184.6</ele>
        <time>2026-05-10T03:17:55.006000Z</time>
      </trkpt>
      <trkpt lat="44.270625" lon="19.890656">
        <ele>184.7</ele>
        <time>2026-05-10T03:17:59.220000Z</time>
      </trkpt>
      <trkpt lat="44.27072" lon="19.890644">
        <ele>184.7</ele>
        <time>2026-05-10T03:18:00.782000Z</time>
      </trkpt>
      <trkpt lat="44.270833" lon="19.890629">
        <ele>184.7</ele>
        <time>2026-05-10T03:18:02.545000Z</time>
      </trkpt>
      <trkpt lat="44.271099" lon="19.890596">
        <ele>184.7</ele>
        <time>2026-05-10T03:18:06.336000Z</time>
      </trkpt>
      <trkpt lat="44.271538" lon="19.890552">
        <ele>184.4</ele>
        <time>2026-05-10T03:18:12.070000Z</time>
      </trkpt>
      <trkpt lat="44.271658" lon="19.89054">
        <ele>184.3</ele>
        <time>2026-05-10T03:18:13.629000Z</time>
      </trkpt>
      <trkpt lat="44.272153" lon="19.890491">
        <ele>184.1</ele>
        <time>2026-05-10T03:18:20.233000Z</time>
      </trkpt>
      <trkpt lat="44.272282" lon="19.890479">
        <ele>184.1</ele>
        <time>2026-05-10T03:18:22.259000Z</time>
      </trkpt>
      <trkpt lat="44.272483" lon="19.890459">
        <ele>184.2</ele>
        <time>2026-05-10T03:18:25.384000Z</time>
      </trkpt>
      <trkpt lat="44.272742" lon="19.890441">
        <ele>184.2</ele>
        <time>2026-05-10T03:18:29.471000Z</time>
      </trkpt>
    </trkseg>
  </trk>
</gpx>